{"texture_size":[64,64],"textures":{"0":"custom:item/hermitcraft/season_9/do/decked_out_door"},"elements":[{"from":[0,0,4],"to":[16,32,12],"rotation":{"angle":0,"axis":"y","origin":[8,0,8]},"faces":{"north":{"uv":[0,0,4,8],"texture":"#0"},"east":{"uv":[0,8,2,16],"texture":"#0"},"south":{"uv":[4,0,8,8],"texture":"#0"},"west":{"uv":[8,0,10,8],"texture":"#0"},"up":{"uv":[6,10,2,8],"texture":"#0"},"down":{"uv":[10,8,6,10],"texture":"#0"}}}],"display":{"ground":{"translation":[0,7.75,0]},"head":{"translation":[-44.5,-16,0],"scale":[3.2,3.2,3.3]}}}