{"credit":"CJMoseley (Moselbop) for TangoTek","textures":{"8":"custom:item/hermitcraft/season_9/do/cards/faces/curious_advance","9":"custom:item/hermitcraft/season_9/do/cards/icons/cards3","42":"custom:item/hermitcraft/season_9/do/cards/icons/card_0","46":"custom:item/hermitcraft/season_9/do/cards/borders/normal_rare","47":"custom:item/hermitcraft/season_9/do/cards/cardtext/cold_snap","49":"custom:item/hermitcraft/season_9/do/cards/borders/no_perm","50":"custom:item/hermitcraft/season_9/do/cards/title/cold_snap","270":"custom:item/hermitcraft/season_9/do/cards/backgrounds/background_fire_and_ice","280":"custom:item/hermitcraft/season_9/do/cards/cardback","particle":"custom:item/hermitcraft/season_9/do/cards/cardback"},"elements":[{"from":[0,0,0],"to":[0,13,9],"faces":{"north":{"uv":[16,0,15.82309,16],"texture":"#280"},"east":{"uv":[0,0,7.96216,16],"texture":"#280"},"south":{"uv":[15.78654,0,16,16],"texture":"#280"},"west":{"uv":[8.08672,0,16,16],"texture":"#280"},"up":{"uv":[7.44828,0,7.86081,0],"texture":"#280"},"down":{"uv":[7.44828,0.17021,7.9473,0],"texture":"#280"}}},{"from":[0.125,0,0],"to":[0.125,13,9],"faces":{"north":{"uv":[0,0,0,0],"texture":"#46"},"east":{"uv":[0.19565,0.05435,15.79348,15.82609],"texture":"#46"},"south":{"uv":[0,0,0,0],"texture":"#46"},"west":{"uv":[0,0,0,0],"texture":"#46"},"up":{"uv":[0,0,0,0],"texture":"#46"},"down":{"uv":[0,0,0,0],"texture":"#46"}}},{"from":[0.25,0,0.0625],"to":[0.25,13,9.0625],"faces":{"north":{"uv":[0,0,0,0],"texture":"#46"},"east":{"uv":[0.19565,0.05435,15.79348,15.82609],"texture":"#46"},"south":{"uv":[0,0,0,0],"texture":"#46"},"west":{"uv":[0,0,0,0],"texture":"#46"},"up":{"uv":[0,0,0,0],"texture":"#46"},"down":{"uv":[0,0,0,0],"texture":"#46"}}},{"from":[0.275,0,0.0625],"to":[0.3125,13,9.0625],"faces":{"north":{"uv":[0,0,0,0],"texture":"#49"},"east":{"uv":[0.17391,0,15.82609,15.82609],"texture":"#49"},"south":{"uv":[0,0,0,0],"texture":"#49"},"west":{"uv":[0,0,0,0],"texture":"#49"},"up":{"uv":[0,0,0,0],"texture":"#49"},"down":{"uv":[0,0,0,0],"texture":"#49"}}},{"from":[0.3125,11.75, 0.1875],"to":[0.3125,12.75, 1.1875],"faces":{"north":{"uv":[0,0,0,0],"texture":"#9"},"east":{"uv":[0.17391,0,15.82609,15.82609],"texture":"#9"},"south":{"uv":[0,0,0,0],"texture":"#9"},"west":{"uv":[0,0,0,0],"texture":"#9"},"up":{"uv":[0,0,0,0],"texture":"#9"},"down":{"uv":[0,0,0,0],"texture":"#9"}}},{"from":[0.1875,5.875,1.8125],"to":[0.1875,11.1875,7.125],"faces":{"north":{"uv":[0,0,0.16351,16],"texture":"#8"},"east":{"uv":[0,0,15.65217,16],"texture":"#8"},"south":{"uv":[14.91328,0,15.33813,16],"texture":"#8"},"west":{"uv":[15.39107,0,16,16],"texture":"#8"},"up":{"uv":[0,0,7.86081,0.17838],"texture":"#8"},"down":{"uv":[0,0,7.9473,0.34783],"texture":"#8"}}},{"from":[0.0625,6.3125,0.4375],"to":[0.0625,12.4375,8.5625],"faces":{"north":{"uv":[16,0,16,0],"texture":"#270"},"east":{"uv":[5.376,2.624,16,14.592],"texture":"#270"},"south":{"uv":[16,0,16,0],"texture":"#270"},"west":{"uv":[16,0,16,0],"texture":"#270"},"up":{"uv":[0,0,0,0],"texture":"#270"},"down":{"uv":[0,0,0,0],"texture":"#270"}}},{"from":[0.3125,5.875,0.6875],"to":[0.3125,7.095,8.3125],"faces":{"north":{"uv":[0,0,0.22222,0],"texture":"#50"},"east":{"uv":[0,0.256,16,16],"texture":"#50"},"south":{"uv":[0,0,0,0],"texture":"#50"},"west":{"uv":[0,0,0,0],"texture":"#50"},"up":{"uv":[0,0,0,0.17838],"texture":"#50"},"down":{"uv":[0,0,0,0],"texture":"#50"}}},{"from":[0.3125,5.375,0.6875],"to":[0.3125,5.863,8.3125],"faces":{"north":{"uv":[0,0,0.22222,0],"texture":"#42"},"east":{"uv":[0,0.256,16,16],"texture":"#42"},"south":{"uv":[0,0,0,0],"texture":"#42"},"west":{"uv":[0,0,0,0],"texture":"#42"},"up":{"uv":[0,0,0,0.17838],"texture":"#42"},"down":{"uv":[0,0,0,0],"texture":"#42"}}},{"from":[0.1875,0.5,0.4375],"to":[0.1875,5.3125,8.5625],"faces":{"north":{"uv":[0,0,0.22222,0],"texture":"#47"},"east":{"uv":[0,0,16,16],"texture":"#47"},"south":{"uv":[0,0,0,0],"texture":"#47"},"west":{"uv":[0,0,0,0],"texture":"#47"},"up":{"uv":[0,0,0,0.17838],"texture":"#47"},"down":{"uv":[0,0,0,0],"texture":"#47"}}}],"gui_light":"front","display":{"thirdperson_righthand":{"rotation":[1,-99,1],"translation":[-4.25,3.5,3.75],"scale":[0.5,0.5,0.5]},"thirdperson_lefthand":{"rotation":[0,79,0],"translation":[-2.25,2.25,4.25],"scale":[0.5,0.5,0.5]},"firstperson_righthand":{"rotation":[0,-101,0],"translation":[-0.5,3.5,-0.5],"scale":[0.97,0.97,0.97]},"firstperson_lefthand":{"rotation":[0,79,0],"translation":[6,2.5,0],"scale":[0.97,0.97,0.97]},"ground":{"rotation":[-8,24,-11],"translation":[5.25,1.25,0],"scale":[0.5,0.5,0.5]},"gui":{"rotation":[1,-90,0],"translation":[-3.75,1.75,0],"scale":[1,1.22,1.22]},"head":{"rotation":[0,90,-1],"translation":[5.75,-2,-12],"scale":[0.97,1.75,1.75]},"fixed":{"rotation":[0,90,0],"translation":[5.25,2.25,-12],"scale":[1.51,1.51,1.51]}},"groups":[{"name":"card","origin":[8,8,8],"color":0,"nbt":"{}","children":[0,1,2,3,4,{"name":"face","origin":[8,8,8],"color":0,"nbt":"{}","children":[{"name":"art","origin":[0,0,0],"color":0,"nbt":"{}","children":[5,6]},{"name":"text","origin":[0,0,0],"color":0,"nbt":"{}","children":[7,8,9]}]}]}]}