{"textures":{"particle":"#front","front":"#front","back":"custom:item/hermitcraft/season_9/tcg/effect/tgc_card"},"elements":[{"from":[2,0,7],"to":[14,16,8],"faces":{"north":{"uv":[2,0,14,16],"texture":"#back"},"east":{"uv":[2,0,3,16],"texture":"#back"},"south":{"uv":[2,0,14,16],"texture":"#front"},"west":{"uv":[13,0,14,16],"texture":"#back"},"up":{"uv":[2,0,14,1],"rotation":180,"texture":"#back"},"down":{"uv":[2,15,14,16],"rotation":180,"texture":"#back"}}}],"gui_light":"front","display":{"thirdperson_righthand":{"translation":[0,3,1],"scale":[0.55,0.55,0.55]},"thirdperson_lefthand":{"translation":[0,3,1],"scale":[0.55,0.55,0.55]},"firstperson_righthand":{"rotation":[0,-90,25],"translation":[1.13,3.2,1.13],"scale":[0.68,0.68,0.68]},"firstperson_lefthand":{"rotation":[0,-90,25],"translation":[1.13,3.2,1.13],"scale":[0.68,0.68,0.68]},"ground":{"translation":[0,2,0],"scale":[0.5,0.5,0.5]},"head":{"rotation":[0,180,0],"translation":[0,13,7]},"fixed":{"rotation":[0,180,0]}}}