{
	"credit": "CJMoseley (Moselbop) for TangoTek",
	"texture_size": [
		32,
		32
	],
	"textures": {
		"0": "custom:item/hermitcraft/season_9/do/keys/stairkey3",
		"particle": "custom:item/hermitcraft/season_9/do/keys/stairkey3"
	},
	"elements": [
		{
			"from": [
				0.75,
				1.5,
				0.5
			],
			"to": [
				2.25,
				6.5,
				5.5
			],
			"faces": {
				"north": {
					"uv": [
						1.875,
						12.25,
						3,
						15.75
					],
					"texture": "#0"
				},
				"east": {
					"uv": [
						0.875,
						0.75,
						4.875,
						4.75
					],
					"texture": "#0"
				},
				"south": {
					"uv": [
						14.375,
						8.125,
						15.375,
						12.125
					],
					"texture": "#0"
				},
				"west": {
					"uv": [
						0.875,
						0.75,
						4.875,
						4.625
					],
					"texture": "#0"
				},
				"up": {
					"uv": [
						11.75,
						13.875,
						9.625,
						12.875
					],
					"texture": "#0"
				},
				"down": {
					"uv": [
						10.125,
						14.75,
						7.875,
						15.5
					],
					"texture": "#0"
				}
			}
		},
		{
			"from": [
				0.8125,
				1.25,
				0.125
			],
			"to": [
				2.1875,
				6.75,
				5.875
			],
			"faces": {
				"north": {
					"uv": [
						2,
						12.125,
						2.75,
						15.875
					],
					"texture": "#0"
				},
				"east": {
					"uv": [
						0.625,
						0.5,
						5.125,
						4.875
					],
					"texture": "#0"
				},
				"south": {
					"uv": [
						8.125,
						13.5,
						9.875,
						15.5
					],
					"texture": "#0"
				},
				"west": {
					"uv": [
						0.625,
						0.5,
						5.125,
						5
					],
					"texture": "#0"
				},
				"up": {
					"uv": [
						10.875,
						13.5,
						8.75,
						12.5
					],
					"texture": "#0"
				},
				"down": {
					"uv": [
						10.125,
						14.75,
						7.875,
						15.5
					],
					"texture": "#0"
				}
			}
		},
		{
			"from": [
				0.75,
				0.75,
				0.5
			],
			"to": [
				2.25,
				1.5,
				5.5
			],
			"faces": {
				"north": {
					"uv": [
						7.75,
						13.5,
						8.75,
						13.875
					],
					"texture": "#0"
				},
				"east": {
					"uv": [
						1,
						4.75,
						4.75,
						5.375
					],
					"texture": "#0"
				},
				"south": {
					"uv": [
						8.75,
						14.875,
						10.5,
						15.875
					],
					"texture": "#0"
				},
				"west": {
					"uv": [
						0.875,
						4.625,
						4.875,
						5.375
					],
					"texture": "#0"
				},
				"up": {
					"uv": [
						2.25,
						9,
						1.25,
						6.5
					],
					"texture": "#0"
				},
				"down": {
					"uv": [
						9.625,
						14.25,
						7.625,
						15.875
					],
					"texture": "#0"
				}
			}
		},
		{
			"from": [
				0.75,
				6.5,
				0.5
			],
			"to": [
				2.25,
				7.25,
				5.5
			],
			"faces": {
				"north": {
					"uv": [
						13.5,
						7.25,
						14.5,
						7.5
					],
					"texture": "#0"
				},
				"east": {
					"uv": [
						0.875,
						0.125,
						4.875,
						0.75
					],
					"texture": "#0"
				},
				"south": {
					"uv": [
						13.75,
						9.5,
						14.75,
						11.875
					],
					"texture": "#0"
				},
				"west": {
					"uv": [
						0.75,
						0.125,
						5,
						0.875
					],
					"texture": "#0"
				},
				"up": {
					"uv": [
						10.375,
						13.625,
						9.5,
						11.75
					],
					"texture": "#0"
				},
				"down": {
					"uv": [
						5,
						5,
						4,
						7.5
					],
					"texture": "#0"
				}
			}
		},
		{
			"from": [
				0.75,
				1.75,
				5.5
			],
			"to": [
				2.25,
				6,
				6.25
			],
			"faces": {
				"north": {
					"uv": [
						13.5,
						7.25,
						14.5,
						7.5
					],
					"texture": "#0"
				},
				"east": {
					"uv": [
						0.125,
						1.125,
						0.875,
						4.5
					],
					"texture": "#0"
				},
				"south": {
					"uv": [
						7.5,
						11.625,
						8.5,
						14.375
					],
					"texture": "#0"
				},
				"west": {
					"uv": [
						4.625,
						0.875,
						5.625,
						4.75
					],
					"texture": "#0"
				},
				"up": {
					"uv": [
						10.375,
						13.625,
						9.5,
						11.75
					],
					"texture": "#0"
				},
				"down": {
					"uv": [
						10.375,
						13.875,
						9,
						15.25
					],
					"texture": "#0"
				}
			}
		},
		{
			"from": [
				0.75,
				1.75,
				-0.25
			],
			"to": [
				2.25,
				6,
				0.5
			],
			"faces": {
				"north": {
					"uv": [
						13.5,
						8.125,
						14.5,
						11.5
					],
					"texture": "#0"
				},
				"east": {
					"uv": [
						5,
						1.125,
						5.625,
						4.25
					],
					"texture": "#0"
				},
				"south": {
					"uv": [
						14.375,
						7.625,
						15.375,
						7.125
					],
					"texture": "#0"
				},
				"west": {
					"uv": [
						0.125,
						1,
						1.125,
						4.75
					],
					"texture": "#0"
				},
				"up": {
					"uv": [
						10.375,
						13.625,
						9.5,
						11.75
					],
					"texture": "#0"
				},
				"down": {
					"uv": [
						8.875,
						13,
						7.5,
						15.5
					],
					"texture": "#0"
				}
			}
		},
		{
			"from": [
				1.0625,
				0.25,
				13.25
			],
			"to": [
				1.875,
				3,
				14.4375
			],
			"faces": {
				"north": {
					"uv": [
						10,
						7.125,
						10.375,
						8.5
					],
					"texture": "#0"
				},
				"east": {
					"uv": [
						12.25,
						8.875,
						12.875,
						10.25
					],
					"texture": "#0"
				},
				"south": {
					"uv": [
						14.375,
						11,
						14.75,
						12.375
					],
					"texture": "#0"
				},
				"west": {
					"uv": [
						9.25,
						7,
						10.625,
						8.75
					],
					"texture": "#0"
				},
				"up": {
					"uv": [
						8.375,
						2.625,
						8,
						2
					],
					"texture": "#0"
				},
				"down": {
					"uv": [
						11.625,
						8.25,
						11.25,
						8.875
					],
					"texture": "#0"
				}
			}
		},
		{
			"from": [
				1.0625,
				-0.25,
				10.875
			],
			"to": [
				1.875,
				3.25,
				12.0625
			],
			"faces": {
				"north": {
					"uv": [
						14,
						7.75,
						12.625,
						9.5
					],
					"texture": "#0"
				},
				"east": {
					"uv": [
						10.875,
						9.625,
						12.125,
						11.375
					],
					"texture": "#0"
				},
				"south": {
					"uv": [
						11.375,
						7.875,
						11.75,
						9.625
					],
					"texture": "#0"
				},
				"west": {
					"uv": [
						13.25,
						11.125,
						14.375,
						13.25
					],
					"texture": "#0"
				},
				"up": {
					"uv": [
						15.5,
						7.125,
						13.875,
						8.125
					],
					"texture": "#0"
				},
				"down": {
					"uv": [
						12.875,
						9.25,
						12.5,
						9.875
					],
					"texture": "#0"
				}
			}
		},
		{
			"from": [
				1.0625,
				-0.25,
				12.0625
			],
			"to": [
				1.875,
				1.25,
				13.25
			],
			"faces": {
				"north": {
					"uv": [
						8,
						0,
						8.75,
						1
					],
					"texture": "#0"
				},
				"east": {
					"uv": [
						12.625,
						9,
						13.375,
						10.125
					],
					"texture": "#0"
				},
				"south": {
					"uv": [
						13.625,
						10.75,
						14.75,
						11.5
					],
					"texture": "#0"
				},
				"west": {
					"uv": [
						13.75,
						11.75,
						14.75,
						13.5
					],
					"texture": "#0"
				},
				"up": {
					"uv": [
						15.375,
						10.75,
						10.25,
						9.875
					],
					"texture": "#0"
				},
				"down": {
					"uv": [
						12.375,
						8.75,
						12,
						9.375
					],
					"texture": "#0"
				}
			}
		},
		{
			"from": [
				1,
				3,
				5.5
			],
			"to": [
				2,
				5,
				15.5
			],
			"faces": {
				"north": {
					"uv": [
						7.5,
						6,
						8,
						7
					],
					"texture": "#0"
				},
				"east": {
					"uv": [
						5.875,
						0.25,
						15.625,
						1
					],
					"texture": "#0"
				},
				"south": {
					"uv": [
						13.5,
						8.25,
						14,
						9.25
					],
					"texture": "#0"
				},
				"west": {
					"uv": [
						5.75,
						0.25,
						15.75,
						1.125
					],
					"texture": "#0"
				},
				"up": {
					"uv": [
						5.375,
						15.75,
						4.625,
						6.75
					],
					"texture": "#0"
				},
				"down": {
					"uv": [
						6.875,
						6.625,
						5.875,
						15.75
					],
					"texture": "#0"
				}
			}
		}
	],
	"display": {
		"thirdperson_righthand": {
			"rotation": [
				76,
				180,
				0
			],
			"translation": [
				-3,
				3.5,
				0
			],
			"scale": [
				0.5,
				0.5,
				0.5
			]
		},
		"thirdperson_lefthand": {
			"rotation": [
				76,
				180,
				0
			],
			"translation": [
				3,
				3.5,
				0
			],
			"scale": [
				0.5,
				0.5,
				0.5
			]
		},
		"firstperson_righthand": {
			"rotation": [
				24,
				180,
				0
			],
			"translation": [
				0.25,
				2.75,
				0
			],
			"scale": [
				0.25,
				0.25,
				0.25
			]
		},
		"firstperson_lefthand": {
			"rotation": [
				0,
				180,
				0
			],
			"translation": [
				4.5,
				3,
				0
			],
			"scale": [
				0.25,
				0.25,
				0.25
			]
		},
		"ground": {
			"rotation": [
				48,
				38,
				0
			],
			"translation": [
				0.25,
				9.75,
				0
			]
		},
		"gui": {
			"rotation": [
				90,
				-90,
				82
			],
			"translation": [
				-0.5,
				3.75,
				0
			],
			"scale": [
				0.9,
				0.9,
				0.9
			]
		},
		"head": {
			"rotation": [
				0,
				180,
				0
			],
			"translation": [
				-3.75,
				10,
				0
			],
			"scale": [
				0.5,
				0.5,
				0.5
			]
		},
		"fixed": {
			"rotation": [
				90,
				89,
				-90
			],
			"translation": [
				0,
				4,
				-6.75
			]
		}
	},
	"groups": [
		{
			"name": "key",
			"origin": [
				0,
				0,
				0
			],
			"color": 0,
			"nbt": "{}",
			"children": [
				{
					"name": "face",
					"origin": [
						0,
						0,
						0
					],
					"color": 0,
					"nbt": "{}",
					"children": [
						0,
						1,
						2,
						3,
						4,
						5
					]
				},
				{
					"name": "teeth",
					"origin": [
						0,
						0,
						0
					],
					"color": 0,
					"nbt": "{}",
					"children": [
						6,
						7,
						8
					]
				},
				9
			]
		}
	]
}