{
	"parent": "minecraft:item/handheld",
		"display": {
		"thirdperson_righthand":{
			"rotation": [ 0, 90, 60 ],
			"translation": [ 0, 3, 3 ],
			"scale": [ 2, 2, 0.5 ]
		},
		"thirdperson_lefthand":{
			"rotation": [ 0, 90, 60 ],
			"translation": [ 0, 3, 3 ],
			"scale": [ 2, 2, 0.5 ]
		},
		"firstperson_righthand":{
			"rotation": [ 10, 90, 0 ],
			"translation": [ 0, 0, 0 ],
			"scale": [ 2, 2, 1 ]
		},
		"firstperson_lefthand":{
			"rotation": [ 10, 90, 0 ],
			"translation": [ 0, 0, 0 ],
			"scale": [ 2, 2, 1 ]
		}
	},
	"textures": {
		"layer0": "custom:item/weapon/sword/staff_gold"
	}
}