{ 
	"parent": "minecraft:item/handheld",
	"display": {
		"thirdperson_righthand":{
			"rotation": [ -90, 0, -45 ],
			"translation": [ -1, 0, 0 ],
			"scale": [ 1, 1, 1 ]
		},
		"thirdperson_lefthand":{
			"rotation": [ 270, 0, 45 ],
			"translation": [ -1, 0, 0 ],
			"scale": [ 1, 1, 1 ]
		},
		"firstperson_righthand":{
			"rotation": [ 270, 0, -45 ],
			"translation": [ 0, 0, 0 ],
			"scale": [ 1, 1, 1 ]
		},
		"firstperson_lefthand":{
			"rotation": [ 270, 0, -45 ],
			"translation": [ 0, 0, 0 ],
			"scale": [ 1, 1, 1 ]
		}
	},
	"textures": {
		"layer0": "minecraft:item/crossbow_standby"
	},
	"overrides": [
		{
			"predicate": {
				"entity":{
						"nbt": {
							"CustomName": "{\"text\":\"Hot Guy\"}"
								}
						}
					},
			"model": "custom:item/hotguy"
		}
	]
}