{
	"parent": "minecraft:item/handheld",
		"display": {
		"thirdperson_righthand":{
			"rotation": [ 0, -90, 45 ],
			"translation": [ 0, 5, 0 ],
			"scale": [ 1.8, 1.8, 0.5 ]
		},
		"thirdperson_lefthand":{
			"rotation": [ 0, -90, -45 ],
			"translation": [ 0, 5, 0 ],
			"scale": [ 1.8, 1.8, 0.5 ]
		},
		"firstperson_righthand":{
			"rotation": [ 10, -90, 0 ],
			"translation": [ 0, 0, 0 ],
			"scale": [ 1.8, 1.8, 1 ]
		},
		"firstperson_lefthand":{
			"rotation": [ 10, -90, 0 ],
			"translation": [ 0, 0, 0 ],
			"scale": [ 1.8, 1.8, 1 ]
		}
	},
	"textures": {
		"layer0": "custom:item/weapon/staff_diamond/scythe"
	}
}