{"parent":"minecraft:item/carved_pumpkin","texture_size":[32,32],"textures":{"0":"custom:item/hermitcraft/season_9/antlers","particle":"custom:item/hermitcraft/season_9/antlers"},"elements":[{"from":[1,0,7],"to":[15,2,9],"faces":{"north":{"uv":[6,3,13,4],"texture":"#0"},"east":{"uv":[13,3,14,4],"texture":"#0"},"south":{"uv":[6,4,13,5],"texture":"#0"},"west":{"uv":[13,4,14,5],"texture":"#0"},"up":{"uv":[13,6,6,5],"texture":"#0"},"down":{"uv":[13,6,6,7],"texture":"#0"}}},{"from":[13,1,7],"to":[15,15,9],"rotation":{"angle":-22.5,"axis":"z","origin":[15,11.25,8]},"faces":{"north":{"uv":[6,7,7,14],"texture":"#0"},"east":{"uv":[7,7,8,14],"texture":"#0"},"south":{"uv":[8,7,9,14],"texture":"#0"},"west":{"uv":[0,9,1,16],"texture":"#0"},"up":{"uv":[14,6,13,5],"texture":"#0"},"down":{"uv":[14,6,13,7],"texture":"#0"}}},{"from":[15,10,7],"to":[21,12,9],"rotation":{"angle":-22.5,"axis":"z","origin":[15,11.25,8]},"faces":{"north":{"uv":[9,11.5,12,12.5],"texture":"#0"},"east":{"uv":[13,11,14,12],"texture":"#0"},"south":{"uv":[12,0,15,1],"texture":"#0"},"west":{"uv":[13,12,14,13],"texture":"#0"},"up":{"uv":[15,2,12,1],"texture":"#0"},"down":{"uv":[15,2,12,3],"texture":"#0"}}},{"from":[19,12,7],"to":[21,15,9],"rotation":{"angle":-22.5,"axis":"z","origin":[15,11.25,8]},"faces":{"north":{"uv":[5,9,6,10.5],"texture":"#0"},"east":{"uv":[5,10.5,6,12],"texture":"#0"},"south":{"uv":[5,12,6,13.5],"texture":"#0"},"west":{"uv":[12,11,13,12.5],"texture":"#0"},"up":{"uv":[14,14,13,13],"texture":"#0"},"down":{"uv":[6,13.5,5,14.5],"texture":"#0"}}},{"from":[16,12,7],"to":[18,14,9],"rotation":{"angle":-22.5,"axis":"z","origin":[15,11.25,8]},"faces":{"north":{"uv":[14,3,15,4],"texture":"#0"},"east":{"uv":[14,4,15,5],"texture":"#0"},"south":{"uv":[14,5,15,6],"texture":"#0"},"west":{"uv":[6,14,7,15],"texture":"#0"},"up":{"uv":[15,7,14,6],"texture":"#0"},"down":{"uv":[8,14,7,15],"texture":"#0"}}},{"from":[15,6,7],"to":[17,8,9],"rotation":{"angle":-22.5,"axis":"z","origin":[15,11.25,8]},"faces":{"north":{"uv":[8,14,9,15],"texture":"#0"},"east":{"uv":[9,14,10,15],"texture":"#0"},"south":{"uv":[10,14,11,15],"texture":"#0"},"west":{"uv":[11,14,12,15],"texture":"#0"},"up":{"uv":[15,12,14,11],"texture":"#0"},"down":{"uv":[13,14,12,15],"texture":"#0"}}},{"from":[2,4,6.5],"to":[14,13,9.5],"faces":{"north":{"uv":[0,0,6,4.5],"texture":"#0"},"east":{"uv":[9,7,10.5,11.5],"texture":"#0"},"south":{"uv":[0,4.5,6,9],"texture":"#0"},"west":{"uv":[10.5,7,12,11.5],"texture":"#0"},"up":{"uv":[12,1.5,6,0],"texture":"#0"},"down":{"uv":[12,1.5,6,3],"texture":"#0"}}},{"from":[-1,6,7],"to":[1,8,9],"rotation":{"angle":22.5,"axis":"z","origin":[1,11.25,8]},"faces":{"north":{"uv":[15,6,16,7],"texture":"#0"},"east":{"uv":[7,15,8,16],"texture":"#0"},"south":{"uv":[15,7,16,8],"texture":"#0"},"west":{"uv":[8,15,9,16],"texture":"#0"},"up":{"uv":[16,9,15,8],"texture":"#0"},"down":{"uv":[10,15,9,16],"texture":"#0"}}},{"from":[-5,10,7],"to":[1,12,9],"rotation":{"angle":22.5,"axis":"z","origin":[1,11.25,8]},"faces":{"north":{"uv":[12,7,15,8],"texture":"#0"},"east":{"uv":[15,5,16,6],"texture":"#0"},"south":{"uv":[12,8,15,9],"texture":"#0"},"west":{"uv":[6,15,7,16],"texture":"#0"},"up":{"uv":[15,10,12,9],"texture":"#0"},"down":{"uv":[15,10,12,11],"texture":"#0"}}},{"from":[-5,12,7],"to":[-3,15,9],"rotation":{"angle":22.5,"axis":"z","origin":[1,11.25,8]},"faces":{"north":{"uv":[9,12.5,10,14],"texture":"#0"},"east":{"uv":[10,12.5,11,14],"texture":"#0"},"south":{"uv":[11,12.5,12,14],"texture":"#0"},"west":{"uv":[12,12.5,13,14],"texture":"#0"},"up":{"uv":[16,4,15,3],"texture":"#0"},"down":{"uv":[16,4,15,5],"texture":"#0"}}},{"from":[-2,12,7],"to":[0,14,9],"rotation":{"angle":22.5,"axis":"z","origin":[1,11.25,8]},"faces":{"north":{"uv":[14,13,15,14],"texture":"#0"},"east":{"uv":[14,14,15,15],"texture":"#0"},"south":{"uv":[5,14.5,6,15.5],"texture":"#0"},"west":{"uv":[15,0,16,1],"texture":"#0"},"up":{"uv":[16,2,15,1],"texture":"#0"},"down":{"uv":[16,2,15,3],"texture":"#0"}}},{"from":[1,1,7],"to":[3,15,9],"rotation":{"angle":22.5,"axis":"z","origin":[1,11.25,8]},"faces":{"north":{"uv":[1,9,2,16],"texture":"#0"},"east":{"uv":[2,9,3,16],"texture":"#0"},"south":{"uv":[3,9,4,16],"texture":"#0"},"west":{"uv":[4,9,5,16],"texture":"#0"},"up":{"uv":[15,13,14,12],"texture":"#0"},"down":{"uv":[14,14,13,15],"texture":"#0"}}}],"display":{"thirdperson_righthand":{"translation":[0,2.75,0],"scale":[0.48633,0.48633,0.48633]},"head":{"translation":[0,11.75,-3.75],"scale":[0.78906,0.78906,0.78906]}}}