{
	"credit": "Made with Blockbench",
	"texture_size": [64, 64],
	"parent": "minecraft:item/carved_pumpkin",
	"textures": {
		"0": "custom:item/hermitcraft/season_9/mumbo_crown_gold_adj",
		"particle": "custom:item/hermitcraft/season_9/mumbo_crown_gold_adj"
	},
	"elements": [
		{
			"from": [3, 0, 0.17157],
			"to": [13, 5, 1.17157],
			"rotation": {"angle": 0, "axis": "y", "origin": [8, 2.5, 0.67157]},
			"faces": {
				"north": {"uv": [0, 0, 2.5, 1.25], "texture": "#0"},
				"east": {"uv": [6, 6.25, 6.25, 7.5], "texture": "#0"},
				"south": {"uv": [0, 1.25, 2.5, 2.5], "texture": "#0"},
				"west": {"uv": [4.75, 7.5, 5, 8.75], "texture": "#0"},
				"up": {"uv": [13.5, 7.75, 11, 7.5], "texture": "#0"},
				"down": {"uv": [9, 11.5, 6.5, 11.75], "texture": "#0"}
			}
		},
		{
			"from": [14.82843, 0, 3],
			"to": [15.82843, 5, 13],
			"rotation": {"angle": 0, "axis": "y", "origin": [-0.17157, 0, 0]},
			"faces": {
				"north": {"uv": [2.5, 9, 2.75, 10.25], "texture": "#0"},
				"east": {"uv": [0, 2.5, 2.5, 3.75], "texture": "#0"},
				"south": {"uv": [0, 11.75, 0.25, 13], "texture": "#0"},
				"west": {"uv": [2.5, 0, 5, 1.25], "texture": "#0"},
				"up": {"uv": [4.75, 14, 4.5, 11.5], "texture": "#0"},
				"down": {"uv": [5, 11.5, 4.75, 14], "texture": "#0"}
			}
		},
		{
			"from": [13.55066, -0.01, -0.07066],
			"to": [14.57066, 5.01, 3.94934],
			"rotation": {"angle": 45, "axis": "y", "origin": [14.06066, 2.5, 1.93934]},
			"faces": {
				"north": {"uv": [0.25, 11.75, 0.5, 13], "texture": "#0"},
				"east": {"uv": [0.5, 9, 1.5, 10.25], "texture": "#0"},
				"south": {"uv": [0.75, 13.75, 1, 15], "texture": "#0"},
				"west": {"uv": [1.5, 9, 2.5, 10.25], "texture": "#0"},
				"up": {"uv": [12, 15, 11.75, 14], "texture": "#0"},
				"down": {"uv": [12.25, 14, 12, 15], "texture": "#0"}
			}
		},
		{
			"from": [-0.07066, -0.01, 1.42934],
			"to": [3.94934, 5.01, 2.44934],
			"rotation": {"angle": 45, "axis": "y", "origin": [1.93934, 2.5, 1.93934]},
			"faces": {
				"north": {"uv": [9, 3.5, 10, 4.75], "texture": "#0"},
				"east": {"uv": [1, 13.75, 1.25, 15], "texture": "#0"},
				"south": {"uv": [4.75, 9, 5.75, 10.25], "texture": "#0"},
				"west": {"uv": [1.25, 13.75, 1.5, 15], "texture": "#0"},
				"up": {"uv": [15, 12.25, 14, 12], "texture": "#0"},
				"down": {"uv": [15, 12.25, 14, 12.5], "texture": "#0"}
			}
		},
		{
			"from": [3, 0, 14.82843],
			"to": [13, 5, 15.82843],
			"rotation": {"angle": 0, "axis": "y", "origin": [8, 2.5, 15.32843]},
			"faces": {
				"north": {"uv": [2.5, 1.25, 5, 2.5], "texture": "#0"},
				"east": {"uv": [13.75, 9.75, 14, 11], "texture": "#0"},
				"south": {"uv": [2.5, 2.5, 5, 3.75], "texture": "#0"},
				"west": {"uv": [13.75, 13.5, 14, 14.75], "texture": "#0"},
				"up": {"uv": [14, 8, 11.5, 7.75], "texture": "#0"},
				"down": {"uv": [14, 8, 11.5, 8.25], "texture": "#0"}
			}
		},
		{
			"from": [1.42934, -0.01, 12.05066],
			"to": [2.44934, 5.01, 16.07066],
			"rotation": {"angle": 45, "axis": "y", "origin": [1.93934, 2.5, 14.06066]},
			"faces": {
				"north": {"uv": [14, 0.75, 14.25, 2], "texture": "#0"},
				"east": {"uv": [5.75, 9.25, 6.75, 10.5], "texture": "#0"},
				"south": {"uv": [14, 2, 14.25, 3.25], "texture": "#0"},
				"west": {"uv": [6.75, 9.25, 7.75, 10.5], "texture": "#0"},
				"up": {"uv": [14.25, 13.5, 14, 12.5], "texture": "#0"},
				"down": {"uv": [14.25, 13.5, 14, 14.5], "texture": "#0"}
			}
		},
		{
			"from": [5.86348, -0.01, 16.11348],
			"to": [9.88348, 5.01, 17.13348],
			"rotation": {"angle": 45, "axis": "y", "origin": [7.87348, 1.5, 7.87348]},
			"faces": {
				"north": {"uv": [7.75, 9.25, 8.75, 10.5], "texture": "#0"},
				"east": {"uv": [14, 3.25, 14.25, 4.5], "texture": "#0"},
				"south": {"uv": [8.75, 9.25, 9.75, 10.5], "texture": "#0"},
				"west": {"uv": [4.5, 14, 4.75, 15.25], "texture": "#0"},
				"up": {"uv": [15.25, 1, 14.25, 0.75], "texture": "#0"},
				"down": {"uv": [15.25, 1, 14.25, 1.25], "texture": "#0"}
			}
		},
		{
			"from": [0.17157, 0, 3],
			"to": [1.17157, 5, 13],
			"rotation": {"angle": 0, "axis": "y", "origin": [0.67157, 2.5, 8]},
			"faces": {
				"north": {"uv": [14, 4.5, 14.25, 5.75], "texture": "#0"},
				"east": {"uv": [0, 3.75, 2.5, 5], "texture": "#0"},
				"south": {"uv": [4.75, 14, 5, 15.25], "texture": "#0"},
				"west": {"uv": [2.5, 3.75, 5, 5], "texture": "#0"},
				"up": {"uv": [5.25, 14, 5, 11.5], "texture": "#0"},
				"down": {"uv": [5.5, 11.5, 5.25, 14], "texture": "#0"}
			}
		},
		{
			"from": [15.3374, 2.9955, 3.16755],
			"to": [15.3374, 6.9955, 7.16755],
			"rotation": {"angle": -45, "axis": "x", "origin": [15.33586, 5.7955, 5.49255]},
			"faces": {
				"north": {"uv": [5, 14, 5.25, 15.25], "texture": "#0"},
				"east": {"uv": [0, 5, 1.25, 6.25], "texture": "#0"},
				"south": {"uv": [5.25, 14, 5.5, 15.25], "texture": "#0"},
				"west": {"uv": [5, 0, 6.25, 1.25], "texture": "#0"},
				"up": {"uv": [5.75, 15.25, 5.5, 14], "texture": "#0"},
				"down": {"uv": [6, 14, 5.75, 15.25], "texture": "#0"}
			}
		},
		{
			"from": [15.32743, -0.69718, 5.99578],
			"to": [15.32743, 3.30282, 9.99578],
			"rotation": {"angle": -45, "axis": "x", "origin": [15.32743, 5.77782, 4.62078]},
			"faces": {
				"north": {"uv": [14, 5.75, 14.25, 7], "texture": "#0"},
				"east": {"uv": [1.25, 5, 2.5, 6.25], "texture": "#0"},
				"south": {"uv": [6, 14, 6.25, 15.25], "texture": "#0"},
				"west": {"uv": [5, 1.25, 6.25, 2.5], "texture": "#0"},
				"up": {"uv": [6.5, 15.25, 6.25, 14], "texture": "#0"},
				"down": {"uv": [6.75, 14, 6.5, 15.25], "texture": "#0"}
			}
		},
		{
			"from": [0.67157, 2.9955, 3.16755],
			"to": [0.67157, 6.9955, 7.16755],
			"rotation": {"angle": -45, "axis": "x", "origin": [15.42157, 5.7955, 5.49255]},
			"faces": {
				"north": {"uv": [6.75, 14, 7, 15.25], "texture": "#0"},
				"east": {"uv": [2.5, 5, 3.75, 6.25], "texture": "#0"},
				"south": {"uv": [7, 14, 7.25, 15.25], "texture": "#0"},
				"west": {"uv": [5, 2.5, 6.25, 3.75], "texture": "#0"},
				"up": {"uv": [14.25, 8.25, 14, 7], "texture": "#0"},
				"down": {"uv": [7.5, 14, 7.25, 15.25], "texture": "#0"}
			}
		},
		{
			"from": [0.6816, -0.69718, 5.99578],
			"to": [0.6816, 3.30282, 9.99578],
			"rotation": {"angle": -45, "axis": "x", "origin": [15.415, 5.77782, 4.62078]},
			"faces": {
				"north": {"uv": [7.5, 14, 7.75, 15.25], "texture": "#0"},
				"east": {"uv": [3.75, 5, 5, 6.25], "texture": "#0"},
				"south": {"uv": [7.75, 14, 8, 15.25], "texture": "#0"},
				"west": {"uv": [5, 3.75, 6.25, 5], "texture": "#0"},
				"up": {"uv": [8.25, 15.25, 8, 14], "texture": "#0"},
				"down": {"uv": [8.5, 14, 8.25, 15.25], "texture": "#0"}
			}
		},
		{
			"from": [7.81854, 3.1023, 0.67157],
			"to": [11.81854, 7.1023, 0.67157],
			"rotation": {"angle": 45, "axis": "z", "origin": [10.11854, 5.4773, 0.67157]},
			"faces": {
				"north": {"uv": [5, 5, 6.25, 6.25], "texture": "#0"},
				"east": {"uv": [8.5, 14, 8.75, 15.25], "texture": "#0"},
				"south": {"uv": [0, 6.25, 1.25, 7.5], "texture": "#0"},
				"west": {"uv": [8.75, 14, 9, 15.25], "texture": "#0"},
				"up": {"uv": [8.75, 3.75, 7.5, 3.5], "texture": "#0"},
				"down": {"uv": [15, 8.25, 13.75, 8.5], "texture": "#0"}
			}
		},
		{
			"from": [4.8514, 6.53033, 0.6816],
			"to": [8.8514, 10.53033, 0.6816],
			"rotation": {"angle": 45, "axis": "z", "origin": [10.6014, 5.53033, 0.66314]},
			"faces": {
				"north": {"uv": [6.25, 0, 7.5, 1.25], "texture": "#0"},
				"east": {"uv": [9, 14, 9.25, 15.25], "texture": "#0"},
				"south": {"uv": [1.25, 6.25, 2.5, 7.5], "texture": "#0"},
				"west": {"uv": [14, 9.75, 14.25, 11], "texture": "#0"},
				"up": {"uv": [15, 8.75, 13.75, 8.5], "texture": "#0"},
				"down": {"uv": [15, 8.75, 13.75, 9], "texture": "#0"}
			}
		},
		{
			"from": [4.8514, 6.53033, 15.32743],
			"to": [8.8514, 10.53033, 15.32743],
			"rotation": {"angle": 45, "axis": "z", "origin": [10.6014, 5.53033, 0.72743]},
			"faces": {
				"north": {"uv": [6.25, 1.25, 7.5, 2.5], "texture": "#0"},
				"east": {"uv": [10.75, 14, 11, 15.25], "texture": "#0"},
				"south": {"uv": [2.5, 6.25, 3.75, 7.5], "texture": "#0"},
				"west": {"uv": [11, 14, 11.25, 15.25], "texture": "#0"},
				"up": {"uv": [15, 11.25, 13.75, 11], "texture": "#0"},
				"down": {"uv": [15.25, 11.25, 14, 11.5], "texture": "#0"}
			}
		},
		{
			"from": [7.81854, 3.1023, 15.3374],
			"to": [11.81854, 7.1023, 15.3374],
			"rotation": {"angle": 45, "axis": "z", "origin": [10.11854, 5.4773, 0.729]},
			"faces": {
				"north": {"uv": [6.25, 2.5, 7.5, 3.75], "texture": "#0"},
				"east": {"uv": [11.25, 14, 11.5, 15.25], "texture": "#0"},
				"south": {"uv": [3.75, 6.25, 5, 7.5], "texture": "#0"},
				"west": {"uv": [11.5, 14, 11.75, 15.25], "texture": "#0"},
				"up": {"uv": [15.25, 11.75, 14, 11.5], "texture": "#0"},
				"down": {"uv": [15.25, 11.75, 14, 12], "texture": "#0"}
			}
		},
		{
			"from": [15.53553, 3.1, 3],
			"to": [16.53553, 4.1, 13],
			"rotation": {"angle": 0, "axis": "y", "origin": [-1.96447, 2.6, -1]},
			"faces": {
				"north": {"uv": [10, 12, 10.5, 12.5], "texture": "#0"},
				"east": {"uv": [6.5, 3.75, 9, 4], "texture": "#0"},
				"south": {"uv": [12.5, 7, 13, 7.5], "texture": "#0"},
				"west": {"uv": [6.5, 4.25, 9, 4.5], "texture": "#0"},
				"up": {"uv": [6.5, 7.25, 6.25, 4.75], "texture": "#0"},
				"down": {"uv": [5.25, 6.25, 5, 8.75], "texture": "#0"}
			}
		},
		{
			"from": [3, 3.1, -0.53553],
			"to": [13, 4.1, 0.46447],
			"rotation": {"angle": 0, "axis": "y", "origin": [-1, 2.6, -0.03553]},
			"faces": {
				"north": {"uv": [6.75, 4.75, 9.25, 5], "texture": "#0"},
				"east": {"uv": [14.25, 1.25, 14.5, 1.5], "texture": "#0"},
				"south": {"uv": [6.75, 5.25, 9.25, 5.5], "texture": "#0"},
				"west": {"uv": [1.5, 14.25, 1.75, 14.5], "texture": "#0"},
				"up": {"uv": [9.25, 6, 6.75, 5.75], "texture": "#0"},
				"down": {"uv": [9.25, 6.25, 6.75, 6.5], "texture": "#0"}
			}
		},
		{
			"from": [4.82282, 3.11, 17.27992],
			"to": [9.80282, 4.09, 18.25992],
			"rotation": {"angle": 45, "axis": "y", "origin": [6.81282, 4.1, 7.51992]},
			"faces": {
				"north": {"uv": [9.5, 7.25, 11, 7.5], "texture": "#0"},
				"east": {"uv": [14.25, 1.75, 14.75, 2], "texture": "#0"},
				"south": {"uv": [10.25, 2.5, 11.75, 2.75], "texture": "#0"},
				"west": {"uv": [2, 14.25, 2.5, 14.5], "texture": "#0"},
				"up": {"uv": [11.75, 3.25, 10.25, 3], "texture": "#0"},
				"down": {"uv": [8, 10.5, 6.5, 10.75], "texture": "#0"}
			}
		},
		{
			"from": [-2.20134, 3.11, 4.96424],
			"to": [-1.22134, 4.09, 9.94424],
			"rotation": {"angle": 45, "axis": "y", "origin": [8.33866, 4.1, 6.95424]},
			"faces": {
				"north": {"uv": [14.25, 2.25, 14.75, 2.5], "texture": "#0"},
				"east": {"uv": [8, 10.5, 9.5, 10.75], "texture": "#0"},
				"south": {"uv": [2.5, 14.25, 3, 14.5], "texture": "#0"},
				"west": {"uv": [10.5, 9.25, 12, 9.5], "texture": "#0"},
				"up": {"uv": [9.75, 12, 9.5, 10.5], "texture": "#0"},
				"down": {"uv": [10.75, 9.75, 10.5, 11.25], "texture": "#0"}
			}
		},
		{
			"from": [3, 3.1, 15.53553],
			"to": [13, 4.1, 16.53553],
			"rotation": {"angle": 0, "axis": "y", "origin": [0, 2.6, -0.96447]},
			"faces": {
				"north": {"uv": [6.75, 6.75, 9, 7], "texture": "#0"},
				"east": {"uv": [14.25, 2.75, 14.5, 3], "texture": "#0"},
				"south": {"uv": [6.75, 7.25, 9, 7.5], "texture": "#0"},
				"west": {"uv": [3, 14.25, 3.25, 14.5], "texture": "#0"},
				"up": {"uv": [2.5, 7.75, 0, 7.5], "texture": "#0"},
				"down": {"uv": [10, 0, 7.5, 0.25], "texture": "#0"}
			}
		},
		{
			"from": [-0.53553, 3.1, 3],
			"to": [0.46447, 4.1, 13],
			"rotation": {"angle": 0, "axis": "y", "origin": [7.96447, 4.1, 8]},
			"faces": {
				"north": {"uv": [14.25, 3.25, 14.75, 3.5], "texture": "#0"},
				"east": {"uv": [7.5, 0.5, 10, 0.75], "texture": "#0"},
				"south": {"uv": [3.5, 14.25, 4, 14.5], "texture": "#0"},
				"west": {"uv": [7.5, 1, 10, 1.25], "texture": "#0"},
				"up": {"uv": [5.75, 9, 5.5, 6.5], "texture": "#0"},
				"down": {"uv": [3, 7.75, 2.75, 10.25], "texture": "#0"}
			}
		},
		{
			"from": [16.57282, 3.11, 6.49008],
			"to": [17.55282, 4.09, 11.47008],
			"rotation": {"angle": 45, "axis": "y", "origin": [6.81282, 4.1, 8.48008]},
			"faces": {
				"north": {"uv": [14.25, 3.75, 14.5, 4], "texture": "#0"},
				"east": {"uv": [10.75, 3.5, 12, 3.75], "texture": "#0"},
				"south": {"uv": [4, 14.25, 4.25, 14.5], "texture": "#0"},
				"west": {"uv": [10.75, 4, 12, 4.25], "texture": "#0"},
				"up": {"uv": [10.25, 11.75, 10, 10.5], "texture": "#0"},
				"down": {"uv": [11.25, 0, 11, 1.25], "texture": "#0"}
			}
		},
		{
			"from": [6.1315, 3.11, -1.8185],
			"to": [11.1115, 4.09, -0.8385],
			"rotation": {"angle": 45, "axis": "y", "origin": [8.6215, 4.1, 8.6215]},
			"faces": {
				"north": {"uv": [11, 1.5, 12.5, 1.75], "texture": "#0"},
				"east": {"uv": [14.25, 4.25, 14.75, 4.5], "texture": "#0"},
				"south": {"uv": [11, 2, 12.5, 2.25], "texture": "#0"},
				"west": {"uv": [14.25, 4.75, 14.75, 5], "texture": "#0"},
				"up": {"uv": [12.5, 4.75, 11, 4.5], "texture": "#0"},
				"down": {"uv": [12.5, 5, 11, 5.25], "texture": "#0"}
			}
		},
		{
			"from": [15.53553, 0.4, 3],
			"to": [16.53553, 1.4, 13],
			"rotation": {"angle": 0, "axis": "y", "origin": [-1.96447, -0.1, -1]},
			"faces": {
				"north": {"uv": [14.25, 5.25, 14.75, 5.75], "texture": "#0"},
				"east": {"uv": [7.5, 1.5, 10, 1.75], "texture": "#0"},
				"south": {"uv": [14.25, 5.75, 14.75, 6.25], "texture": "#0"},
				"west": {"uv": [7.5, 2, 10.25, 2.5], "texture": "#0"},
				"up": {"uv": [3.75, 10, 3.5, 7.5], "texture": "#0"},
				"down": {"uv": [4.25, 7.5, 4, 10], "texture": "#0"}
			}
		},
		{
			"from": [3, 0.4, -0.53553],
			"to": [13, 1.4, 0.46447],
			"rotation": {"angle": 0, "axis": "y", "origin": [-1, -0.1, -0.03553]},
			"faces": {
				"north": {"uv": [7.5, 2.5, 10, 2.75], "texture": "#0"},
				"east": {"uv": [14.25, 6.25, 14.75, 6.75], "texture": "#0"},
				"south": {"uv": [7.5, 3, 10, 3.25], "texture": "#0"},
				"west": {"uv": [14.25, 6.75, 14.5, 7], "texture": "#0"},
				"up": {"uv": [8.5, 8, 6, 7.75], "texture": "#0"},
				"down": {"uv": [2.5, 8, 0, 8.25], "texture": "#0"}
			}
		},
		{
			"from": [4.82282, 0.41, 17.27992],
			"to": [9.80282, 1.39, 18.25992],
			"rotation": {"angle": 45, "axis": "y", "origin": [6.81282, 1.4, 7.51992]},
			"faces": {
				"north": {"uv": [11, 5.5, 12.25, 5.75], "texture": "#0"},
				"east": {"uv": [14.25, 7.25, 14.75, 7.75], "texture": "#0"},
				"south": {"uv": [11, 6, 12.25, 6.25], "texture": "#0"},
				"west": {"uv": [14.25, 7.75, 14.75, 8.25], "texture": "#0"},
				"up": {"uv": [8, 11.5, 6.5, 11], "texture": "#0"},
				"down": {"uv": [12.25, 6.5, 11, 6.75], "texture": "#0"}
			}
		},
		{
			"from": [-2.20134, 0.41, 4.96424],
			"to": [-1.22134, 1.39, 9.94424],
			"rotation": {"angle": 45, "axis": "y", "origin": [8.33866, 1.4, 6.95424]},
			"faces": {
				"north": {"uv": [14.25, 9, 14.5, 9.25], "texture": "#0"},
				"east": {"uv": [11, 7, 12.25, 7.25], "texture": "#0"},
				"south": {"uv": [9.25, 14.25, 9.5, 14.5], "texture": "#0"},
				"west": {"uv": [8, 11, 9.25, 11.25], "texture": "#0"},
				"up": {"uv": [11.25, 11, 11, 9.75], "texture": "#0"},
				"down": {"uv": [11, 11.25, 10.75, 12.5], "texture": "#0"}
			}
		},
		{
			"from": [3, 0.4, 15.53553],
			"to": [13, 1.4, 16.53553],
			"rotation": {"angle": 0, "axis": "y", "origin": [0, -0.1, -0.96447]},
			"faces": {
				"north": {"uv": [6, 8.25, 8.5, 8.5], "texture": "#0"},
				"east": {"uv": [14.25, 9.5, 14.5, 9.75], "texture": "#0"},
				"south": {"uv": [0, 8.5, 2.5, 8.75], "texture": "#0"},
				"west": {"uv": [9.75, 14.25, 10, 14.5], "texture": "#0"},
				"up": {"uv": [8.5, 9, 6, 8.75], "texture": "#0"},
				"down": {"uv": [11.25, 7.75, 8.75, 8], "texture": "#0"}
			}
		},
		{
			"from": [-0.53553, 0.4, 3],
			"to": [0.46447, 1.4, 13],
			"rotation": {"angle": 0, "axis": "y", "origin": [7.96447, 1.4, 8]},
			"faces": {
				"north": {"uv": [14.25, 10, 14.5, 10.25], "texture": "#0"},
				"east": {"uv": [8.75, 8.25, 11.25, 8.5], "texture": "#0"},
				"south": {"uv": [10.25, 14.25, 10.5, 14.5], "texture": "#0"},
				"west": {"uv": [8.75, 8.75, 11.25, 9], "texture": "#0"},
				"up": {"uv": [4.5, 10, 4.25, 7.5], "texture": "#0"},
				"down": {"uv": [0.25, 9, 0, 11.5], "texture": "#0"}
			}
		},
		{
			"from": [16.57282, 0.41, 6.49008],
			"to": [17.55282, 1.39, 11.47008],
			"rotation": {"angle": 45, "axis": "y", "origin": [6.81282, 1.4, 8.48008]},
			"faces": {
				"north": {"uv": [14.25, 10.5, 14.5, 10.75], "texture": "#0"},
				"east": {"uv": [11, 11.25, 12.25, 11.5], "texture": "#0"},
				"south": {"uv": [12.25, 14.25, 12.5, 14.5], "texture": "#0"},
				"west": {"uv": [11.5, 0, 12.75, 0.25], "texture": "#0"},
				"up": {"uv": [0.75, 12.75, 0.5, 11.5], "texture": "#0"},
				"down": {"uv": [1.25, 11.5, 1, 12.75], "texture": "#0"}
			}
		},
		{
			"from": [6.1315, 0.41, -1.8185],
			"to": [11.1115, 1.39, -0.8385],
			"rotation": {"angle": 45, "axis": "y", "origin": [8.6215, 1.4, 8.6215]},
			"faces": {
				"north": {"uv": [11.5, 0.5, 12.75, 0.75], "texture": "#0"},
				"east": {"uv": [14.25, 12.5, 14.5, 12.75], "texture": "#0"},
				"south": {"uv": [11.5, 1, 12.75, 1.25], "texture": "#0"},
				"west": {"uv": [12.75, 14.25, 13, 14.5], "texture": "#0"},
				"up": {"uv": [2.75, 11.75, 1.5, 11.5], "texture": "#0"},
				"down": {"uv": [4.25, 11.5, 3, 11.75], "texture": "#0"}
			}
		},
		{
			"from": [-1.20955, 6.45, 7.28765],
			"to": [0.19045, 7.85, 8.68765],
			"rotation": {"angle": -45, "axis": "y", "origin": [8.01308, 0, 7.98912]},
			"faces": {
				"north": {"uv": [13, 3, 13.5, 3.5], "texture": "#0"},
				"east": {"uv": [13, 8.25, 13.5, 8.75], "texture": "#0"},
				"south": {"uv": [13, 9.75, 13.5, 10.25], "texture": "#0"},
				"west": {"uv": [13, 10.5, 13.5, 11], "texture": "#0"},
				"up": {"uv": [13.75, 2, 13.25, 1.5], "texture": "#0"},
				"down": {"uv": [13.75, 2.25, 13.25, 2.75], "texture": "#0"}
			}
		},
		{
			"from": [7.31455, 6.45, -1.23351],
			"to": [8.71455, 7.85, 0.16649],
			"rotation": {"angle": -45, "axis": "y", "origin": [8.01308, 0, 7.98912]},
			"faces": {
				"north": {"uv": [13, 10.5, 13.5, 11], "texture": "#0"},
				"east": {"uv": [13, 3, 13.5, 3.5], "texture": "#0"},
				"south": {"uv": [13, 8.25, 13.5, 8.75], "texture": "#0"},
				"west": {"uv": [13, 9.75, 13.5, 10.25], "texture": "#0"},
				"up": {"uv": [13.75, 2, 13.25, 1.5], "rotation": 90, "texture": "#0"},
				"down": {"uv": [13.75, 2.25, 13.25, 2.75], "rotation": 270, "texture": "#0"}
			}
		},
		{
			"from": [7.31161, 6.45, 15.81175],
			"to": [8.71161, 7.85, 17.21175],
			"rotation": {"angle": 45, "axis": "y", "origin": [8.01308, 0, 7.98912]},
			"faces": {
				"north": {"uv": [13, 8.25, 13.5, 8.75], "texture": "#0"},
				"east": {"uv": [13, 9.75, 13.5, 10.25], "texture": "#0"},
				"south": {"uv": [13, 10.5, 13.5, 11], "texture": "#0"},
				"west": {"uv": [13, 3, 13.5, 3.5], "texture": "#0"},
				"up": {"uv": [13.75, 2, 13.25, 1.5], "rotation": 270, "texture": "#0"},
				"down": {"uv": [13.75, 2.25, 13.25, 2.75], "rotation": 90, "texture": "#0"}
			}
		},
		{
			"from": [7.31161, 6.45, 15.81175],
			"to": [8.71161, 7.85, 17.21175],
			"rotation": {"angle": -45, "axis": "y", "origin": [8.01308, 0, 7.98912]},
			"faces": {
				"north": {"uv": [13, 8.25, 13.5, 8.75], "texture": "#0"},
				"east": {"uv": [13, 9.75, 13.5, 10.25], "texture": "#0"},
				"south": {"uv": [13, 10.5, 13.5, 11], "texture": "#0"},
				"west": {"uv": [13, 3, 13.5, 3.5], "texture": "#0"},
				"up": {"uv": [13.75, 2, 13.25, 1.5], "rotation": 270, "texture": "#0"},
				"down": {"uv": [13.75, 2.25, 13.25, 2.75], "rotation": 90, "texture": "#0"}
			}
		},
		{
			"from": [5.125, 7.55, 14.60343],
			"to": [6.525, 8.95, 16.00343],
			"rotation": {"angle": 0, "axis": "y", "origin": [8.00147, 0, 7.9808]},
			"faces": {
				"north": {"uv": [13, 8.25, 13.5, 8.75], "texture": "#0"},
				"east": {"uv": [13, 9.75, 13.5, 10.25], "texture": "#0"},
				"south": {"uv": [13, 10.5, 13.5, 11], "texture": "#0"},
				"west": {"uv": [13, 3, 13.5, 3.5], "texture": "#0"},
				"up": {"uv": [13.75, 2, 13.25, 1.5], "rotation": 270, "texture": "#0"},
				"down": {"uv": [13.75, 2.25, 13.25, 2.75], "rotation": 90, "texture": "#0"}
			}
		},
		{
			"from": [14.62409, 7.55, 9.45727],
			"to": [16.02409, 8.95, 10.85727],
			"rotation": {"angle": 0, "axis": "y", "origin": [8.00147, 0, 7.9808]},
			"faces": {
				"north": {"uv": [13, 9.75, 13.5, 10.25], "texture": "#0"},
				"east": {"uv": [13, 10.5, 13.5, 11], "texture": "#0"},
				"south": {"uv": [13, 3, 13.5, 3.5], "texture": "#0"},
				"west": {"uv": [13, 8.25, 13.5, 8.75], "texture": "#0"},
				"up": {"uv": [13.75, 2, 13.25, 1.5], "rotation": 180, "texture": "#0"},
				"down": {"uv": [13.75, 2.25, 13.25, 2.75], "rotation": 180, "texture": "#0"}
			}
		},
		{
			"from": [9.47794, 7.55, -0.04182],
			"to": [10.87794, 8.95, 1.35818],
			"rotation": {"angle": 0, "axis": "y", "origin": [8.00147, 0, 7.9808]},
			"faces": {
				"north": {"uv": [13, 10.5, 13.5, 11], "texture": "#0"},
				"east": {"uv": [13, 3, 13.5, 3.5], "texture": "#0"},
				"south": {"uv": [13, 8.25, 13.5, 8.75], "texture": "#0"},
				"west": {"uv": [13, 9.75, 13.5, 10.25], "texture": "#0"},
				"up": {"uv": [13.75, 2, 13.25, 1.5], "rotation": 90, "texture": "#0"},
				"down": {"uv": [13.75, 2.25, 13.25, 2.75], "rotation": 270, "texture": "#0"}
			}
		},
		{
			"from": [-0.02116, 7.55, 5.10434],
			"to": [1.37884, 8.95, 6.50434],
			"rotation": {"angle": 0, "axis": "y", "origin": [8.00147, 0, 7.9808]},
			"faces": {
				"north": {"uv": [13, 3, 13.5, 3.5], "texture": "#0"},
				"east": {"uv": [13, 8.25, 13.5, 8.75], "texture": "#0"},
				"south": {"uv": [13, 9.75, 13.5, 10.25], "texture": "#0"},
				"west": {"uv": [13, 10.5, 13.5, 11], "texture": "#0"},
				"up": {"uv": [13.75, 2, 13.25, 1.5], "texture": "#0"},
				"down": {"uv": [13.75, 2.25, 13.25, 2.75], "texture": "#0"}
			}
		},
		{
			"from": [9.45, 7.55, 14.60343],
			"to": [10.85, 8.95, 16.00343],
			"rotation": {"angle": 0, "axis": "y", "origin": [8.00147, 0, 7.9808]},
			"faces": {
				"north": {"uv": [13, 8.25, 13.5, 8.75], "texture": "#0"},
				"east": {"uv": [13, 9.75, 13.5, 10.25], "texture": "#0"},
				"south": {"uv": [13, 10.5, 13.5, 11], "texture": "#0"},
				"west": {"uv": [13, 3, 13.5, 3.5], "texture": "#0"},
				"up": {"uv": [13.75, 2, 13.25, 1.5], "rotation": 270, "texture": "#0"},
				"down": {"uv": [13.75, 2.25, 13.25, 2.75], "rotation": 90, "texture": "#0"}
			}
		},
		{
			"from": [14.62409, 7.55, 5.13227],
			"to": [16.02409, 8.95, 6.53227],
			"rotation": {"angle": 0, "axis": "y", "origin": [8.00147, 0, 7.9808]},
			"faces": {
				"north": {"uv": [13, 9.75, 13.5, 10.25], "texture": "#0"},
				"east": {"uv": [13, 10.5, 13.5, 11], "texture": "#0"},
				"south": {"uv": [13, 3, 13.5, 3.5], "texture": "#0"},
				"west": {"uv": [13, 8.25, 13.5, 8.75], "texture": "#0"},
				"up": {"uv": [13.75, 2, 13.25, 1.5], "rotation": 180, "texture": "#0"},
				"down": {"uv": [13.75, 2.25, 13.25, 2.75], "rotation": 180, "texture": "#0"}
			}
		},
		{
			"from": [5.15294, 7.55, -0.04182],
			"to": [6.55294, 8.95, 1.35818],
			"rotation": {"angle": 0, "axis": "y", "origin": [8.00147, 0, 7.9808]},
			"faces": {
				"north": {"uv": [13, 10.5, 13.5, 11], "texture": "#0"},
				"east": {"uv": [13, 3, 13.5, 3.5], "texture": "#0"},
				"south": {"uv": [13, 8.25, 13.5, 8.75], "texture": "#0"},
				"west": {"uv": [13, 9.75, 13.5, 10.25], "texture": "#0"},
				"up": {"uv": [13.75, 2, 13.25, 1.5], "rotation": 90, "texture": "#0"},
				"down": {"uv": [13.75, 2.25, 13.25, 2.75], "rotation": 270, "texture": "#0"}
			}
		},
		{
			"from": [-0.02116, 7.55, 9.42934],
			"to": [1.37884, 8.95, 10.82934],
			"rotation": {"angle": 0, "axis": "y", "origin": [8.00147, 0, 7.9808]},
			"faces": {
				"north": {"uv": [13, 3, 13.5, 3.5], "texture": "#0"},
				"east": {"uv": [13, 8.25, 13.5, 8.75], "texture": "#0"},
				"south": {"uv": [13, 9.75, 13.5, 10.25], "texture": "#0"},
				"west": {"uv": [13, 10.5, 13.5, 11], "texture": "#0"},
				"up": {"uv": [13.75, 2, 13.25, 1.5], "texture": "#0"},
				"down": {"uv": [13.75, 2.25, 13.25, 2.75], "texture": "#0"}
			}
		},
		{
			"from": [-0.8705, 4.96, 7.63612],
			"to": [-0.1705, 6.66, 8.33612],
			"rotation": {"angle": -45, "axis": "y", "origin": [8.00663, -0.015, 7.9878]},
			"faces": {
				"north": {"uv": [9.5, 4.75, 9.75, 5.25], "texture": "#0"},
				"east": {"uv": [9.5, 6, 9.75, 6.5], "texture": "#0"},
				"south": {"uv": [9.75, 9.25, 10, 9.75], "texture": "#0"},
				"west": {"uv": [10, 3.5, 10.25, 4], "texture": "#0"},
				"up": {"uv": [13.5, 4, 13.25, 3.75], "texture": "#0"},
				"down": {"uv": [13.5, 4.5, 13.25, 4.75], "texture": "#0"}
			}
		},
		{
			"from": [7.65832, 4.96, -0.88933],
			"to": [8.35832, 6.66, -0.18933],
			"rotation": {"angle": -45, "axis": "y", "origin": [8.00663, -0.015, 7.9878]},
			"faces": {
				"north": {"uv": [10, 3.5, 10.25, 4], "texture": "#0"},
				"east": {"uv": [9.5, 4.75, 9.75, 5.25], "texture": "#0"},
				"south": {"uv": [9.5, 6, 9.75, 6.5], "texture": "#0"},
				"west": {"uv": [9.75, 9.25, 10, 9.75], "texture": "#0"},
				"up": {"uv": [13.5, 4, 13.25, 3.75], "rotation": 90, "texture": "#0"},
				"down": {"uv": [13.5, 4.5, 13.25, 4.75], "rotation": 270, "texture": "#0"}
			}
		},
		{
			"from": [16.18377, 4.96, 7.63948],
			"to": [16.88377, 6.66, 8.33948],
			"rotation": {"angle": -45, "axis": "y", "origin": [8.00663, -0.015, 7.9878]},
			"faces": {
				"north": {"uv": [9.75, 9.25, 10, 9.75], "texture": "#0"},
				"east": {"uv": [10, 3.5, 10.25, 4], "texture": "#0"},
				"south": {"uv": [9.5, 4.75, 9.75, 5.25], "texture": "#0"},
				"west": {"uv": [9.5, 6, 9.75, 6.5], "texture": "#0"},
				"up": {"uv": [13.5, 4, 13.25, 3.75], "rotation": 180, "texture": "#0"},
				"down": {"uv": [13.5, 4.5, 13.25, 4.75], "rotation": 180, "texture": "#0"}
			}
		},
		{
			"from": [7.65495, 4.96, 16.16493],
			"to": [8.35495, 6.66, 16.86493],
			"rotation": {"angle": -45, "axis": "y", "origin": [8.00663, -0.015, 7.9878]},
			"faces": {
				"north": {"uv": [9.5, 6, 9.75, 6.5], "texture": "#0"},
				"east": {"uv": [9.75, 9.25, 10, 9.75], "texture": "#0"},
				"south": {"uv": [10, 3.5, 10.25, 4], "texture": "#0"},
				"west": {"uv": [9.5, 4.75, 9.75, 5.25], "texture": "#0"},
				"up": {"uv": [13.5, 4, 13.25, 3.75], "rotation": 270, "texture": "#0"},
				"down": {"uv": [13.5, 4.5, 13.25, 4.75], "rotation": 90, "texture": "#0"}
			}
		}
	],
	"display": {
		"thirdperson_righthand": {
			"rotation": [80, -39, 0],
			"translation": [1.5, 3.5, 2.75],
			"scale": [0.5, 0.5, 0.49]
		},
		"thirdperson_lefthand": {
			"rotation": [54, 13, 5],
			"translation": [1.25, 4.75, 1.25],
			"scale": [0.5, 0.5, 0.5]
		},
		"firstperson_righthand": {
			"rotation": [35, 180, 13],
			"translation": [3.5, 1.5, 1.25]
		},
		"firstperson_lefthand": {
			"rotation": [28, 24, -12],
			"translation": [10, 1.25, 0]
		},
		"ground": {
			"rotation": [17, -34, 0],
			"translation": [0, 1.75, 0],
			"scale": [0.5, 0.5, 0.5]
		},
		"gui": {
			"rotation": [36, -35, 10],
			"translation": [-0.5, 2.75, 0],
			"scale": [0.75, 0.75, 0.75]
		},
		"head": {
			"translation": [0, 13.25, 0],
			"scale": [0.85, 0.85, 0.85]
		},
		"fixed": {
			"rotation": [-90, 0, 0],
			"translation": [0, 0, -8]
		}
	},
	"groups": [
		{
			"name": "base",
			"origin": [8, 8, 8],
			"color": 0,
			"children": [
				0,
				1,
				2,
				3,
				4,
				5,
				6,
				7,
				{
					"name": "spikes",
					"origin": [8, 2.5, 0.67157],
					"color": 0,
					"children": [8, 9, 10, 11, 12, 13, 14, 15]
				},
				{
					"name": "upper bump",
					"origin": [8.25355, 8, 7.74767],
					"color": 0,
					"children": [16, 17, 18, 19, 20, 21, 22, 23]
				},
				{
					"name": "upper bump",
					"origin": [8.25355, 8, 7.74767],
					"color": 0,
					"children": [24, 25, 26, 27, 28, 29, 30, 31]
				},
				{
					"name": "corners",
					"origin": [8, 8, 8],
					"color": 0,
					"children": [32, 33, 34, 35, 36, 37, 38, 39, 40, 41, 42, 43, 44, 45, 46, 47]
				}
			]
		}
	]
}