{"textures":{"0":"custom:item/hermitcraft/season_9/bigskallhead","particle":"custom:item/hermitcraft/season_9/bigskallhead"},"elements":[{"from":[4,0,4],"to":[12,8,12],"faces":{"north":{"uv":[0,0,4,4],"texture":"#0"},"east":{"uv":[0,4,4,8],"texture":"#0"},"south":{"uv":[4,0,8,4],"texture":"#0"},"west":{"uv":[4,4,8,8],"texture":"#0"},"up":{"uv":[4,12,0,8],"texture":"#0"},"down":{"uv":[12,0,8,4],"texture":"#0"}}}],"display":{"thirdperson_righthand":{"translation":[0,2.5,0]},"gui":{"rotation":[-157.75,34.75,180],"translation":[0,4.25,0],"scale":[1.24,1.24,1.24]},"head":{"translation":[0,11.75,0],"scale":[2.5,2.5,2.5]}}}