{"texture_size":[64,64],"parent":"minecraft:item/carved_pumpkin","textures":{"1":"custom:item/hermitcraft/season_9/bobafetthelmet"},"elements":[{"from":[2,0,2],"to":[14,12,14],"faces":{"north":{"uv":[0,0,3,3],"texture":"#1"},"east":{"uv":[0,3,3,6],"texture":"#1"},"south":{"uv":[3,0,6,3],"texture":"#1"},"west":{"uv":[3,3,6,6],"texture":"#1"},"up":{"uv":[3,9,0,6],"texture":"#1"},"down":{"uv":[9,0,6,3],"texture":"#1"}}},{"from":[5,0,1],"to":[7,6,2],"faces":{"north":{"uv":[4,8.5,4.5,10],"texture":"#1"},"east":{"uv":[9,7.75,9.25,9.25],"texture":"#1"},"south":{"uv":[4.5,8.5,5,10],"texture":"#1"},"west":{"uv":[8.5,9,8.75,10.5],"texture":"#1"},"up":{"uv":[9.5,3,9,2.75],"texture":"#1"},"down":{"uv":[9.5,9.25,9,9.5],"texture":"#1"}}},{"from":[9,0,1],"to":[11,6,2],"faces":{"north":{"uv":[5,8.5,5.5,10],"texture":"#1"},"east":{"uv":[8.75,9,9,10.5],"texture":"#1"},"south":{"uv":[8.5,7.5,9,9],"texture":"#1"},"west":{"uv":[0,9.25,0.25,10.75],"texture":"#1"},"up":{"uv":[10,3,9.5,2.75],"texture":"#1"},"down":{"uv":[10,5.5,9.5,5.75],"texture":"#1"}}},{"from":[11,4,1],"to":[15,6,3],"faces":{"north":{"uv":[6.5,8.75,7.5,9.25],"texture":"#1"},"east":{"uv":[1.25,9.25,1.75,9.75],"texture":"#1"},"south":{"uv":[7.5,8.75,8.5,9.25],"texture":"#1"},"west":{"uv":[1.75,9.25,2.25,9.75],"texture":"#1"},"up":{"uv":[10,1.25,9,0.75],"texture":"#1"},"down":{"uv":[10,1.25,9,1.75],"texture":"#1"}}},{"from":[1,4,1],"to":[5,6,3],"faces":{"north":{"uv":[9,1.75,10,2.25],"texture":"#1"},"east":{"uv":[6.5,9.25,7,9.75],"texture":"#1"},"south":{"uv":[9,2.25,10,2.75],"texture":"#1"},"west":{"uv":[7,9.25,7.5,9.75],"texture":"#1"},"up":{"uv":[10,6.5,9,6],"texture":"#1"},"down":{"uv":[10,6.5,9,7],"texture":"#1"}}},{"from":[1,4,5],"to":[2,9,9],"faces":{"north":{"uv":[0.25,9.25,0.5,10.5],"texture":"#1"},"east":{"uv":[5.5,7.5,6.5,8.75],"texture":"#1"},"south":{"uv":[0.5,9.25,0.75,10.5],"texture":"#1"},"west":{"uv":[6.5,7.5,7.5,8.75],"texture":"#1"},"up":{"uv":[2.5,10.25,2.25,9.25],"texture":"#1"},"down":{"uv":[8.25,9.25,8,10.25],"texture":"#1"}}},{"from":[14,4,5],"to":[15,9,9],"faces":{"north":{"uv":[0.75,9.25,1,10.5],"texture":"#1"},"east":{"uv":[7.5,7.5,8.5,8.75],"texture":"#1"},"south":{"uv":[1,9.25,1.25,10.5],"texture":"#1"},"west":{"uv":[3,8.5,4,9.75],"texture":"#1"},"up":{"uv":[8.5,10.25,8.25,9.25],"texture":"#1"},"down":{"uv":[9.5,8.25,9.25,9.25],"texture":"#1"}}},{"from":[1,7,1],"to":[15,9,3],"faces":{"north":{"uv":[5.5,6,9,6.5],"texture":"#1"},"east":{"uv":[7.5,9.25,8,9.75],"texture":"#1"},"south":{"uv":[6,5.5,9.5,6],"texture":"#1"},"west":{"uv":[9.25,7.75,9.75,8.25],"texture":"#1"},"up":{"uv":[9,7,5.5,6.5],"texture":"#1"},"down":{"uv":[9,7,5.5,7.5],"texture":"#1"}}},{"from":[3,12,3],"to":[13,13,13],"faces":{"north":{"uv":[0,9,2.5,9.25],"texture":"#1"},"east":{"uv":[9,0,11.5,0.25],"texture":"#1"},"south":{"uv":[9,0.25,11.5,0.5],"texture":"#1"},"west":{"uv":[9,0.5,11.5,0.75],"texture":"#1"},"up":{"uv":[5.5,8.5,3,6],"texture":"#1"},"down":{"uv":[8.5,3,6,5.5],"texture":"#1"}}},{"from":[15,6,7],"to":[16,18,8],"faces":{"north":{"uv":[5.5,8.75,5.75,11.75],"texture":"#1"},"east":{"uv":[5.75,8.75,6,11.75],"texture":"#1"},"south":{"uv":[6,8.75,6.25,11.75],"texture":"#1"},"west":{"uv":[6.25,8.75,6.5,11.75],"texture":"#1"},"up":{"uv":[9.75,6,9.5,5.75],"texture":"#1"},"down":{"uv":[9.75,7,9.5,7.25],"texture":"#1"}}},{"from":[11.5,16,6.5],"to":[16.5,19,8.5],"faces":{"north":{"uv":[8.5,3,9.75,3.75],"texture":"#1"},"east":{"uv":[2.5,9,3,9.75],"texture":"#1"},"south":{"uv":[8.5,3.75,9.75,4.5],"texture":"#1"},"west":{"uv":[9,7,9.5,7.75],"texture":"#1"},"up":{"uv":[9.75,5,8.5,4.5],"texture":"#1"},"down":{"uv":[9.75,5,8.5,5.5],"texture":"#1"}}}],"display":{"thirdperson_righthand":{"rotation":[75,45,0],"translation":[0,2.5,0],"scale":[0.375,0.375,0.375]},"thirdperson_lefthand":{"rotation":[75,45,0],"translation":[0,2.5,0],"scale":[0.375,0.375,0.375]},"ground":{"translation":[0,3.25,0]},"gui":{"rotation":[30,225,0],"scale":[0.625,0.625,0.625]},"head":{"translation":[0,3.25,0],"scale":[1.22461,1.22461,1.22461]}}}