{"texture_size":[64,64],"parent":"minecraft:item/carved_pumpkin","textures":{"2":"custom:item/hermitcraft/season_9/talltrophy3","particle":"custom:item/hermitcraft/season_9/talltrophy3"},"elements":[{"from":[2,0,2],"to":[14,2,14],"faces":{"north":{"uv":[9,2.75,12,3.25],"texture":"#2"},"east":{"uv":[9,3.25,12,3.75],"texture":"#2"},"south":{"uv":[5,9,8,9.5],"texture":"#2"},"west":{"uv":[8,9,11,9.5],"texture":"#2"},"up":{"uv":[3,3,0,0],"texture":"#2"},"down":{"uv":[3,3,0,6],"texture":"#2"}}},{"from":[3,2,2],"to":[13,3,14],"faces":{"north":{"uv":[10.5,4.75,13,5],"texture":"#2"},"east":{"uv":[9.25,8.75,12.25,9],"texture":"#2"},"south":{"uv":[10.75,9.5,13.25,9.75],"texture":"#2"},"west":{"uv":[10.5,1.75,13.5,2],"texture":"#2"},"up":{"uv":[5.5,3,3,0],"texture":"#2"},"down":{"uv":[5.5,3,3,6],"texture":"#2"}}},{"from":[13.01,2.01,2.01],"to":[13.99,3.4,13.99],"rotation":{"angle":45,"axis":"z","origin":[14,2,6]},"faces":{"north":{"uv":[4.5,8.75,4.75,9],"texture":"#2"},"east":{"uv":[10.5,3.75,13.5,4],"texture":"#2"},"south":{"uv":[4.75,10.5,5,10.75],"texture":"#2"},"west":{"uv":[10.5,4,13.5,4.25],"texture":"#2"},"up":{"uv":[2.5,13.25,2.25,10.25],"texture":"#2"},"down":{"uv":[2.75,10.25,2.5,13.25],"texture":"#2"}}},{"from":[2.01,2.01,2.01],"to":[2.99,3.4,13.99],"rotation":{"angle":-45,"axis":"z","origin":[2,2,6]},"faces":{"north":{"uv":[11.75,10.25,12,10.5],"texture":"#2"},"east":{"uv":[10.5,4.25,13.5,4.5],"texture":"#2"},"south":{"uv":[11.75,10.5,12,10.75],"texture":"#2"},"west":{"uv":[10.5,4.5,13.5,4.75],"texture":"#2"},"up":{"uv":[8.75,13.75,8.5,10.75],"texture":"#2"},"down":{"uv":[9,10.75,8.75,13.75],"texture":"#2"}}},{"from":[3,3,4],"to":[13,6,13],"rotation":{"angle":0,"axis":"y","origin":[0,0,1]},"faces":{"north":{"uv":[1.25,8.25,3.75,9],"texture":"#2"},"east":{"uv":[9,2,11.25,2.75],"texture":"#2"},"south":{"uv":[9,0,11.5,0.75],"texture":"#2"},"west":{"uv":[2.75,9,5,9.75],"texture":"#2"},"up":{"uv":[2.5,8.25,0,6],"texture":"#2"},"down":{"uv":[5,6,2.5,8.25],"texture":"#2"}}},{"from":[4,6,7],"to":[12,18,13],"rotation":{"angle":0,"axis":"y","origin":[0,3,1]},"faces":{"north":{"uv":[5.5,0,7.5,3],"texture":"#2"},"east":{"uv":[5,6,6.5,9],"texture":"#2"},"south":{"uv":[5.5,3,7.5,6],"texture":"#2"},"west":{"uv":[6.5,6,8,9],"texture":"#2"},"up":{"uv":[9.5,5.5,7.5,4],"texture":"#2"},"down":{"uv":[10,5.5,8,7],"texture":"#2"}}},{"from":[6,18,9],"to":[10,22.8,13],"rotation":{"angle":0,"axis":"y","origin":[0,12.6,3]},"faces":{"north":{"uv":[9.25,7,10.25,8.25],"texture":"#2"},"east":{"uv":[9.5,3.75,10.5,5],"texture":"#2"},"south":{"uv":[5,9.5,6,10.75],"texture":"#2"},"west":{"uv":[6,9.5,7,10.75],"texture":"#2"},"up":{"uv":[11.25,8.75,10.25,7.75],"texture":"#2"},"down":{"uv":[11.5,0.75,10.5,1.75],"texture":"#2"}}},{"from":[6,17.26508,6.69469],"to":[10,22.46508,8.69469],"rotation":{"angle":22.5,"axis":"x","origin":[8,16.86508,8.69469]},"faces":{"north":{"uv":[3.75,9.75,4.75,11],"texture":"#2"},"east":{"uv":[3.25,11,3.75,12.25],"texture":"#2"},"south":{"uv":[10,5,11,6.25],"texture":"#2"},"west":{"uv":[3.75,11,4.25,12.25],"texture":"#2"},"up":{"uv":[4.75,8.75,3.75,8.25],"texture":"#2"},"down":{"uv":[10.25,8.25,9.25,8.75],"texture":"#2"}}},{"from":[11.11063,18.22893,9.01],"to":[13.09063,23.40893,12.99],"rotation":{"angle":22.5,"axis":"z","origin":[13.10063,15.34283,12]},"faces":{"north":{"uv":[9,10.75,9.5,12],"texture":"#2"},"east":{"uv":[7,9.5,8,10.75],"texture":"#2"},"south":{"uv":[9.5,10.75,10,12],"texture":"#2"},"west":{"uv":[8,9.5,9,10.75],"texture":"#2"},"up":{"uv":[4.75,12,4.25,11],"texture":"#2"},"down":{"uv":[11.5,5,11,6],"texture":"#2"}}},{"from":[2.90937,18.22893,9.01],"to":[4.88937,23.40893,12.99],"rotation":{"angle":-22.5,"axis":"z","origin":[2.89937,15.34283,12]},"faces":{"north":{"uv":[10.75,9.75,11.25,11],"texture":"#2"},"east":{"uv":[9,9.5,10,10.75],"texture":"#2"},"south":{"uv":[2.75,11,3.25,12.25],"texture":"#2"},"west":{"uv":[2.75,9.75,3.75,11],"texture":"#2"},"up":{"uv":[11.5,7,11,6],"texture":"#2"},"down":{"uv":[10.5,11,10,12],"texture":"#2"}}},{"from":[5,6,4],"to":[11,14,9],"rotation":{"angle":22.5,"axis":"x","origin":[5,6,4]},"faces":{"north":{"uv":[7.5,0,9,2],"texture":"#2"},"east":{"uv":[8,7,9.25,9],"texture":"#2"},"south":{"uv":[7.5,2,9,4],"texture":"#2"},"west":{"uv":[0,8.25,1.25,10.25],"texture":"#2"},"up":{"uv":[10.5,2,9,0.75],"texture":"#2"},"down":{"uv":[2.75,9,1.25,10.25],"texture":"#2"}}},{"from":[10,3,1],"to":[13,4,2],"rotation":{"angle":0,"axis":"y","origin":[10,7,0.5]},"faces":{"north":{"uv":[11.5,11.25,12.25,11.5],"texture":"#2"},"east":{"uv":[11.75,10.75,12,11],"texture":"#2"},"south":{"uv":[11.5,11.5,12.25,11.75],"texture":"#2"},"west":{"uv":[11.75,11,12,11.25],"texture":"#2"},"up":{"uv":[0.75,12,0,11.75],"texture":"#2"},"down":{"uv":[12.5,0,11.75,0.25],"texture":"#2"}}},{"from":[11,0,1],"to":[12,3,2],"rotation":{"angle":0,"axis":"y","origin":[11,4,0.5]},"faces":{"north":{"uv":[4.75,8.25,5,9],"texture":"#2"},"east":{"uv":[4.75,9.75,5,10.5],"texture":"#2"},"south":{"uv":[10,6.25,10.25,7],"texture":"#2"},"west":{"uv":[11,7,11.25,7.75],"texture":"#2"},"up":{"uv":[11.75,12,11.5,11.75],"texture":"#2"},"down":{"uv":[12,11.75,11.75,12],"texture":"#2"}}},{"from":[8,1,1],"to":[9,3,2],"rotation":{"angle":0,"axis":"y","origin":[7,6,0.5]},"faces":{"north":{"uv":[7.5,5.5,7.75,6],"texture":"#2"},"east":{"uv":[7.75,5.5,8,6],"texture":"#2"},"south":{"uv":[9.5,5,9.75,5.5],"texture":"#2"},"west":{"uv":[9.75,5,10,5.5],"texture":"#2"},"up":{"uv":[0.25,12.25,0,12],"texture":"#2"},"down":{"uv":[0.5,12,0.25,12.25],"texture":"#2"}}},{"from":[7,3,1],"to":[9,4,2],"rotation":{"angle":0,"axis":"y","origin":[7,7,0.5]},"faces":{"north":{"uv":[9,3.75,9.5,4],"texture":"#2"},"east":{"uv":[0.5,12,0.75,12.25],"texture":"#2"},"south":{"uv":[11.75,5.25,12.25,5.5],"texture":"#2"},"west":{"uv":[0.75,12,1,12.25],"texture":"#2"},"up":{"uv":[12.25,5.75,11.75,5.5],"texture":"#2"},"down":{"uv":[12.25,5.75,11.75,6],"texture":"#2"}}},{"from":[7,0,1],"to":[9,1,2],"rotation":{"angle":0,"axis":"y","origin":[7,4,0.5]},"faces":{"north":{"uv":[11.75,6,12.25,6.25],"texture":"#2"},"east":{"uv":[1,12,1.25,12.25],"texture":"#2"},"south":{"uv":[11.75,6.25,12.25,6.5],"texture":"#2"},"west":{"uv":[1.25,12,1.5,12.25],"texture":"#2"},"up":{"uv":[12.25,6.75,11.75,6.5],"texture":"#2"},"down":{"uv":[12.25,6.75,11.75,7],"texture":"#2"}}},{"from":[5,1,1],"to":[6,3,2],"rotation":{"angle":0,"axis":"y","origin":[4,4,0.5]},"faces":{"north":{"uv":[11.75,7,12,7.5],"texture":"#2"},"east":{"uv":[11.75,7.5,12,8],"texture":"#2"},"south":{"uv":[11.75,9,12,9.5],"texture":"#2"},"west":{"uv":[11.75,9.75,12,10.25],"texture":"#2"},"up":{"uv":[1.75,12.25,1.5,12],"texture":"#2"},"down":{"uv":[2,12,1.75,12.25],"texture":"#2"}}},{"from":[3,3,1],"to":[6,4,2],"rotation":{"angle":0,"axis":"y","origin":[4,7,0.5]},"faces":{"north":{"uv":[11.75,0.25,12.5,0.5],"texture":"#2"},"east":{"uv":[2,12,2.25,12.25],"texture":"#2"},"south":{"uv":[11.75,0.5,12.5,0.75],"texture":"#2"},"west":{"uv":[12,2,12.25,2.25],"texture":"#2"},"up":{"uv":[1.5,12,0.75,11.75],"texture":"#2"},"down":{"uv":[12.5,0.75,11.75,1],"texture":"#2"}}},{"from":[3,0,1],"to":[6,1,2],"rotation":{"angle":0,"axis":"y","origin":[12,7.525,0.85]},"faces":{"north":{"uv":[11.75,1,12.5,1.25],"texture":"#2"},"east":{"uv":[12,2.25,12.25,2.5],"texture":"#2"},"south":{"uv":[11.75,1.25,12.5,1.5],"texture":"#2"},"west":{"uv":[12,2.5,12.25,2.75],"texture":"#2"},"up":{"uv":[2.25,12,1.5,11.75],"texture":"#2"},"down":{"uv":[12.5,5,11.75,5.25],"texture":"#2"}}},{"from":[3,1,1],"to":[4,2,2],"rotation":{"angle":0,"axis":"y","origin":[8.9,8.7,2.65]},"faces":{"north":{"uv":[12,2.75,12.25,3],"texture":"#2"},"east":{"uv":[12,3,12.25,3.25],"texture":"#2"},"south":{"uv":[12,3.25,12.25,3.5],"texture":"#2"},"west":{"uv":[12,3.5,12.25,3.75],"texture":"#2"},"up":{"uv":[4.5,12.25,4.25,12],"texture":"#2"},"down":{"uv":[4.75,12,4.5,12.25],"texture":"#2"}}},{"name":"black","from":[6.325,10.475,10.3],"to":[9.725,14.875,10.7],"rotation":{"angle":-45,"axis":"z","origin":[7.9,11,10]},"faces":{"north":{"uv":[10.25,6.25,11,7.75],"texture":"#2"},"east":{"uv":[11.25,9.75,11.5,11.25],"texture":"#2"},"south":{"uv":[4.75,10.75,5.5,12.25],"texture":"#2"},"west":{"uv":[11.25,11.25,11.5,12.75],"texture":"#2"},"up":{"uv":[12,2.5,11.25,2.25],"texture":"#2"},"down":{"uv":[12,2.5,11.25,2.75],"texture":"#2"}}},{"name":"pink","from":[6.35,10.8,9.9],"to":[9.75,15.2,10.3],"rotation":{"angle":-22.5,"axis":"z","origin":[7.7,11,9.5]},"faces":{"north":{"uv":[0.75,10.25,1.5,11.75],"texture":"#2"},"east":{"uv":[11,11,11.25,12.5],"texture":"#2"},"south":{"uv":[1.5,10.25,2.25,11.75],"texture":"#2"},"west":{"uv":[11.25,7,11.5,8.5],"texture":"#2"},"up":{"uv":[11.75,9.5,11,9.25],"texture":"#2"},"down":{"uv":[12,2,11.25,2.25],"texture":"#2"}}},{"name":"cyan","from":[6.5,10.6,9.5],"to":[9.9,15,9.9],"rotation":{"angle":0,"axis":"y","origin":[7.7,11,9]},"faces":{"north":{"uv":[10,9.5,10.75,11],"texture":"#2"},"east":{"uv":[10.5,11,10.75,12.5],"texture":"#2"},"south":{"uv":[0,10.25,0.75,11.75],"texture":"#2"},"west":{"uv":[10.75,11,11,12.5],"texture":"#2"},"up":{"uv":[4.5,9,3.75,8.75],"texture":"#2"},"down":{"uv":[11.75,9,11,9.25],"texture":"#2"}}},{"name":"purple","from":[6.2,10.4,9.1],"to":[9.6,14.8,9.5],"rotation":{"angle":22.5,"axis":"z","origin":[7.7,11,8.5]},"faces":{"north":{"uv":[5.5,10.75,6.25,12.25],"texture":"#2"},"east":{"uv":[11.5,0,11.75,1.5],"texture":"#2"},"south":{"uv":[6.25,10.75,7,12.25],"texture":"#2"},"west":{"uv":[11.5,5,11.75,6.5],"texture":"#2"},"up":{"uv":[12,8.75,11.25,8.5],"texture":"#2"},"down":{"uv":[12.25,1.5,11.5,1.75],"texture":"#2"}}},{"name":"green","from":[6.2,10.3,8.7],"to":[9.6,14.7,9.1],"rotation":{"angle":45,"axis":"z","origin":[7.9,11,8]},"faces":{"north":{"uv":[7,10.75,7.75,12.25],"texture":"#2"},"east":{"uv":[11.5,6.5,11.75,8],"texture":"#2"},"south":{"uv":[7.75,10.75,8.5,12.25],"texture":"#2"},"west":{"uv":[11.5,9.75,11.75,11.25],"texture":"#2"},"up":{"uv":[12.25,8.25,11.5,8],"texture":"#2"},"down":{"uv":[12.25,8.25,11.5,8.5],"texture":"#2"}}}],"display":{"fixed":{"rotation":[-90,90,0],"translation":[0,0,-13.5],"scale":[2.01,2.01,2.01]}}}