{"parent":"minecraft:block/carved_pumpkin","textures":{"0":"custom:item/hermitcraft/season_9/dragon","particle":"custom:item/hermitcraft/season_9/dragon"},"elements":[{"name":"head","from":[0,0,0],"to":[16,16,16],"faces":{"north":{"uv":[8,2.875,9,3.875],"texture":"#0"},"east":{"uv":[7,2.875,8,3.875],"texture":"#0"},"south":{"uv":[10,2.875,11,3.875],"texture":"#0"},"west":{"uv":[9,2.875,10,3.875],"texture":"#0"},"up":{"uv":[8,2.875,9,1.875],"texture":"#0"},"down":{"uv":[9,1.875,10,2.875],"texture":"#0"}}},{"name":"hornL","from":[3,16,7],"to":[5,20,13],"faces":{"north":{"uv":[0.375,0.375,0.5,0.625],"texture":"#0"},"east":{"uv":[0,0.375,0.375,0.625],"texture":"#0"},"south":{"uv":[0.875,0.375,1,0.625],"texture":"#0"},"west":{"uv":[0.5,0.375,0.875,0.625],"texture":"#0"},"up":{"uv":[0.375,0.375,0.5,0],"texture":"#0"},"down":{"uv":[0.5,0.375,0.625,0],"texture":"#0"}}},{"name":"hornR","from":[11,16,7],"to":[13,20,13],"faces":{"north":{"uv":[0.375,0.375,0.5,0.625],"texture":"#0"},"east":{"uv":[0,0.375,0.375,0.625],"texture":"#0"},"south":{"uv":[0.875,0.375,1,0.625],"texture":"#0"},"west":{"uv":[0.5,0.375,0.875,0.625],"texture":"#0"},"up":{"uv":[0.375,0.375,0.5,0],"texture":"#0"},"down":{"uv":[0.5,0.375,0.625,0],"texture":"#0"}}},{"name":"jawTop","from":[2,4,-14],"to":[14,9,0],"faces":{"north":{"uv":[12,3.75,12.75,4.0625],"texture":"#0"},"east":{"uv":[11,3.75,12,4.0625],"texture":"#0"},"south":{"uv":[12.75,3.75,13.5,4.0625],"texture":"#0"},"west":{"uv":[13.5,3.75,14.5,4.0625],"texture":"#0"},"up":{"uv":[12.75,3.75,12,2.75],"texture":"#0"},"down":{"uv":[12.75,2.75,13.5,3.75],"texture":"#0"}}},{"name":"jawBottom","from":[2,-1,-13],"to":[14,3,3],"rotation":{"angle":-22.5,"axis":"x","origin":[0,0,0]},"faces":{"north":{"uv":[12,5.0625,12.75,5.3125],"texture":"#0"},"east":{"uv":[13.5,5.0625,14.5,5.3125],"texture":"#0"},"south":{"uv":[12.75,5.0625,13.5,5.3125],"texture":"#0"},"west":{"uv":[12,5.0625,11,5.3125],"texture":"#0"},"up":{"uv":[12.75,5.0625,12,4.0625],"texture":"#0"},"down":{"uv":[12.75,4.0625,13.5,5.0625],"texture":"#0"}}},{"name":"nostrilL","from":[3,9,-12],"to":[5,11,-8],"faces":{"north":{"uv":[7.25,0.25,7.375,0.375],"texture":"#0"},"east":{"uv":[7,0.25,7.25,0.375],"texture":"#0"},"south":{"uv":[7.625,0.25,7.75,0.375],"texture":"#0"},"west":{"uv":[7.375,0.25,7.625,0.375],"texture":"#0"},"up":{"uv":[7.25,0,7.375,0.25],"texture":"#0"},"down":{"uv":[7.375,0,7.5,0.25],"texture":"#0"}}},{"name":"nostrilL","from":[10,9,-12],"to":[12,11,-8],"faces":{"north":{"uv":[7.25,0.25,7.375,0.375],"texture":"#0"},"east":{"uv":[7.375,0.25,7.625,0.375],"texture":"#0"},"south":{"uv":[7.625,0.25,7.75,0.375],"texture":"#0"},"west":{"uv":[7,0.25,7.25,0.375],"texture":"#0"},"up":{"uv":[7.25,0,7.375,0.25],"texture":"#0"},"down":{"uv":[7.375,0,7.5,0.25],"texture":"#0"}}}],"display":{"thirdperson_righthand":{"rotation":[45,45,0],"translation":[0,3,0]},"thirdperson_lefthand":{"rotation":[45,45,0],"translation":[0,3,0]},"ground":{"translation":[0,8,0],"scale":[1.5,1.5,1.5]},"gui":{"rotation":[11,-145,0],"translation":[-1.75,1,0],"scale":[0.5,0.5,0.5]},"head":{"translation":[0,-8,-1],"scale":[2,2,2]},"fixed":{"translation":[0,0,-15],"scale":[2,2,2]}}}