{"parent":"minecraft:carved_pumpkin","texture_size":[64,64],"textures":{"0":"custom:item/hermitcraft/season_9/dunce_hat","particle":"custom:item/hermitcraft/season_9/dunce_hat"},"elements":[{"from":[4,0,4],"to":[12,4,12],"faces":{"north":{"uv":[2,2,4,3],"texture":"#0"},"east":{"uv":[0,2,2,3],"texture":"#0"},"south":{"uv":[6,2,8,3],"texture":"#0"},"west":{"uv":[4,2,6,3],"texture":"#0"},"up":{"uv":[4,2,2,0],"texture":"#0"},"down":{"uv":[6,0,4,2],"texture":"#0"}}},{"from":[5,4,5],"to":[11,8,11],"faces":{"north":{"uv":[1.5,4.5,3,5.5],"texture":"#0"},"east":{"uv":[0,4.5,1.5,5.5],"texture":"#0"},"south":{"uv":[4.5,4.5,6,5.5],"texture":"#0"},"west":{"uv":[3,4.5,4.5,5.5],"texture":"#0"},"up":{"uv":[3,4.5,1.5,3],"texture":"#0"},"down":{"uv":[4.5,3,3,4.5],"texture":"#0"}}},{"from":[6,8,6],"to":[10,12,10],"faces":{"north":{"uv":[6,5.5,7,6.5],"texture":"#0"},"east":{"uv":[5,5.5,6,6.5],"texture":"#0"},"south":{"uv":[8,5.5,9,6.5],"texture":"#0"},"west":{"uv":[7,5.5,8,6.5],"texture":"#0"},"up":{"uv":[7,5.5,6,4.5],"texture":"#0"},"down":{"uv":[8,4.5,7,5.5],"texture":"#0"}}},{"from":[7,12,7],"to":[9,16,9],"faces":{"north":{"uv":[0.5,0.5,1,1.5],"texture":"#0"},"east":{"uv":[0,0.5,0.5,1.5],"texture":"#0"},"south":{"uv":[1.5,0.5,2,1.5],"texture":"#0"},"west":{"uv":[1,0.5,1.5,1.5],"texture":"#0"},"up":{"uv":[1,0.5,0.5,0],"texture":"#0"},"down":{"uv":[1.5,0,1,0.5],"texture":"#0"}}}],"display":{"thirdperson_righthand":{"rotation":[75,45,0],"translation":[0,2.5,0],"scale":[0.375,0.375,0.375]},"thirdperson_lefthand":{"rotation":[75,45,0],"translation":[0,2.5,0],"scale":[0.375,0.375,0.375]},"firstperson_righthand":{"rotation":[0,45,0],"scale":[0.4,0.4,0.4]},"firstperson_lefthand":{"rotation":[0,225,0],"scale":[0.4,0.4,0.4]},"ground":{"translation":[0,3,0],"scale":[0.25,0.25,0.25]},"gui":{"rotation":[30,225,0],"scale":[0.625,0.625,0.625]},"head":{"rotation":[4.49,0.34,11.25],"translation":[-2.5,17,1],"scale":[1.9,1.9,1.9]},"fixed":{"scale":[0.5,0.5,0.5]}}}