{"parent":"minecraft:item/carved_pumpkin","texture_size":[32,32],"textures":{"0":"custom:item/hermitcraft/season_9/elfhat","particle":"custom:item/hermitcraft/season_9/elfhat"},"elements":[{"from":[4,0,4],"to":[12,2,12],"faces":{"north":{"uv":[8.5,7.5,12.5,8.5],"texture":"#0"},"east":{"uv":[8.5,8.5,12.5,9.5],"texture":"#0"},"south":{"uv":[8.5,9.5,12.5,10.5],"texture":"#0"},"west":{"uv":[10,0,14,1],"texture":"#0"},"up":{"uv":[4,4,0,0],"texture":"#0"},"down":{"uv":[4,4,0,8],"texture":"#0"}}},{"from":[5,2,5],"to":[11,7,11],"faces":{"north":{"uv":[4,6,7,8.5],"texture":"#0"},"east":{"uv":[7,0,10,2.5],"texture":"#0"},"south":{"uv":[7,2.5,10,5],"texture":"#0"},"west":{"uv":[7,5,10,7.5],"texture":"#0"},"up":{"uv":[7,3,4,0],"texture":"#0"},"down":{"uv":[7,3,4,6],"texture":"#0"}}},{"from":[7,7,7],"to":[11,10,11],"faces":{"north":{"uv":[10,3,12,4.5],"texture":"#0"},"east":{"uv":[10,4.5,12,6],"texture":"#0"},"south":{"uv":[10,6,12,7.5],"texture":"#0"},"west":{"uv":[4.5,10.5,6.5,12],"texture":"#0"},"up":{"uv":[6.5,10.5,4.5,8.5],"texture":"#0"},"down":{"uv":[12,1,10,3],"texture":"#0"}}},{"from":[9,8,9],"to":[12,11,12],"faces":{"north":{"uv":[8.5,10.5,10,12],"texture":"#0"},"east":{"uv":[10,10.5,11.5,12],"texture":"#0"},"south":{"uv":[6.5,11,8,12.5],"texture":"#0"},"west":{"uv":[0,11.5,1.5,13],"texture":"#0"},"up":{"uv":[3,13,1.5,11.5],"texture":"#0"},"down":{"uv":[13,10.5,11.5,12],"texture":"#0"}}},{"from":[11.5,-5,10],"to":[12.5,2,13],"rotation":{"angle":45,"axis":"x","origin":[8,1.5,8.5]},"faces":{"north":{"uv":[8,11,8.5,14.5],"texture":"#0"},"east":{"uv":[7,7.5,8.5,11],"texture":"#0"},"south":{"uv":[12,1,12.5,4.5],"texture":"#0"},"west":{"uv":[0,8,1.5,11.5],"texture":"#0"},"up":{"uv":[7,10,6.5,8.5],"texture":"#0"},"down":{"uv":[4.5,12,4,13.5],"texture":"#0"}}},{"from":[3.5,-5,10],"to":[4.5,2,13],"rotation":{"angle":45,"axis":"x","origin":[8,1.5,8.5]},"faces":{"north":{"uv":[3,12,3.5,15.5],"texture":"#0"},"east":{"uv":[1.5,8,3,11.5],"texture":"#0"},"south":{"uv":[3.5,12,4,15.5],"texture":"#0"},"west":{"uv":[3,8.5,4.5,12],"texture":"#0"},"up":{"uv":[5,13.5,4.5,12],"texture":"#0"},"down":{"uv":[12.5,4.5,12,6],"texture":"#0"}}}],"display":{"thirdperson_righthand":{"translation":[0,4.25,0]},"ground":{"translation":[0,3.75,0]},"gui":{"rotation":[-146,39.25,-180],"translation":[-1,2.25,0]},"head":{"translation":[0,17.75,0],"scale":[1.89648,1.6582,2.03906]},"fixed":{"translation":[0,0,-3.75]}}}