{
	"credit": "Made with Blockbench",
	"parent": "minecraft:item/carved_pumpkin",
	"texture_size": [32, 16],
	"textures": {
		"0": "custom:item/hermitcraft/season_9/ezed_kniezed_helmet",
		"particle": "custom:item/hermitcraft/season_9/ezed_kniezed_helmet"
	},
	"elements": [
		{
			"from": [4, 4, 4],
			"to": [12, 12, 4],
			"faces": {
				"north": {"uv": [4, 8, 8, 16], "texture": "#0"},
				"east": {"uv": [0, 8, 4, 16], "texture": "#0"},
				"south": {"uv": [4, 8, 8, 16], "texture": "#0"},
				"west": {"uv": [8, 8, 12, 16], "texture": "#0"},
				"up": {"uv": [4, 0, 8, 8], "rotation": 180, "texture": "#0"},
				"down": {"uv": [8, 0, 12, 8], "texture": "#0"}
			}
		},
		{
			"from": [4, 4, 4],
			"to": [12, 4, 12],
			"faces": {
				"north": {"uv": [4, 8, 8, 16], "texture": "#0"},
				"east": {"uv": [0, 8, 4, 16], "texture": "#0"},
				"south": {"uv": [12, 8, 16, 16], "texture": "#0"},
				"west": {"uv": [8, 8, 12, 16], "texture": "#0"},
				"up": {"uv": [8, 0, 12, 8], "rotation": 180, "texture": "#0"},
				"down": {"uv": [8, 0, 12, 8], "texture": "#0"}
			}
		},
		{
			"from": [4, 12, 4],
			"to": [12, 12, 12],
			"faces": {
				"north": {"uv": [4, 8, 8, 16], "texture": "#0"},
				"east": {"uv": [0, 8, 4, 16], "texture": "#0"},
				"south": {"uv": [12, 8, 16, 16], "texture": "#0"},
				"west": {"uv": [8, 8, 12, 16], "texture": "#0"},
				"up": {"uv": [4, 0, 8, 8], "rotation": 180, "texture": "#0"},
				"down": {"uv": [4, 0, 8, 8], "texture": "#0"}
			}
		},
		{
			"from": [4, 4, 12],
			"to": [12, 12, 12],
			"faces": {
				"north": {"uv": [12, 8, 16, 16], "texture": "#0"},
				"east": {"uv": [0, 8, 4, 16], "texture": "#0"},
				"south": {"uv": [12, 8, 16, 16], "texture": "#0"},
				"west": {"uv": [8, 8, 12, 16], "texture": "#0"},
				"up": {"uv": [4, 0, 8, 8], "rotation": 180, "texture": "#0"},
				"down": {"uv": [8, 0, 12, 8], "texture": "#0"}
			}
		},
		{
			"from": [12, 4, 4],
			"to": [12, 12, 12],
			"faces": {
				"north": {"uv": [4, 8, 8, 16], "texture": "#0"},
				"east": {"uv": [0, 8, 4, 16], "texture": "#0"},
				"south": {"uv": [12, 8, 16, 16], "texture": "#0"},
				"west": {"uv": [8, 8, 12, 16], "texture": "#0"},
				"up": {"uv": [4, 0, 8, 8], "rotation": 180, "texture": "#0"},
				"down": {"uv": [8, 0, 12, 8], "texture": "#0"}
			}
		},
		{
			"from": [4, 4, 4],
			"to": [4, 12, 12],
			"faces": {
				"north": {"uv": [4, 8, 8, 16], "texture": "#0"},
				"east": {"uv": [0, 8, 4, 16], "texture": "#0"},
				"south": {"uv": [12, 8, 16, 16], "texture": "#0"},
				"west": {"uv": [8, 8, 12, 16], "texture": "#0"},
				"up": {"uv": [4, 0, 8, 8], "rotation": 180, "texture": "#0"},
				"down": {"uv": [8, 0, 12, 8], "texture": "#0"}
			}
		}
	],
	"display": {
		"thirdperson_righthand": {
			"rotation": [75, 45, 0],
			"translation": [0, 2.5, 0]
		},
		"thirdperson_lefthand": {
			"rotation": [75, 45, 0],
			"translation": [0, 2.5, 0]
		},
		"ground": {
			"translation": [0, 3, 0]
		},
		"gui": {
			"rotation": [30, 225, 0],
			"scale": [1.4, 1.4, 1.4]
		},
		"head": {
			"scale": [2, 2, 2]
		},
		"fixed": {
			"scale": [2, 2, 2]
		}
	}
}