{"texture_size":[128,128],"parent":"custom:item/hermitcraft/season_9/crystal_trophy","textures":{"2":"custom:item/hermitcraft/season_9/finaltrophy"},"elements":[{"from":[-2,0,2],"to":[2,5,14],"rotation":{"angle":0,"axis":"y","origin":[-2,0,2]},"faces":{"north":{"uv":[5.875,1.375,6.375,2],"texture":"#2"},"east":{"uv":[3,1.25,4.5,1.875],"texture":"#2"},"south":{"uv":[5.875,2,6.375,2.625],"texture":"#2"},"west":{"uv":[3,1.875,4.5,2.5],"texture":"#2"},"up":{"uv":[2,5.875,1.5,4.375],"texture":"#2"},"down":{"uv":[2.5,4.375,2,5.875],"texture":"#2"}}},{"from":[14,0,2],"to":[18,5,14],"rotation":{"angle":0,"axis":"y","origin":[14,0,2]},"faces":{"north":{"uv":[6,2.625,6.5,3.25],"texture":"#2"},"east":{"uv":[3.75,2.5,5.25,3.125],"texture":"#2"},"south":{"uv":[6,3.25,6.5,3.875],"texture":"#2"},"west":{"uv":[3.75,3.125,5.25,3.75],"texture":"#2"},"up":{"uv":[3,5.875,2.5,4.375],"texture":"#2"},"down":{"uv":[3.5,4.375,3,5.875],"texture":"#2"}}},{"from":[2,0,-2],"to":[14,5,18],"rotation":{"angle":0,"axis":"y","origin":[-2,0,2]},"faces":{"north":{"uv":[3.75,3.75,5.25,4.375],"texture":"#2"},"east":{"uv":[3,0,5.5,0.625],"texture":"#2"},"south":{"uv":[0,4.375,1.5,5],"texture":"#2"},"west":{"uv":[3,0.625,5.5,1.25],"texture":"#2"},"up":{"uv":[1.5,2.5,0,0],"texture":"#2"},"down":{"uv":[3,0,1.5,2.5],"texture":"#2"}}},{"from":[-1.99,0.01,2.01],"to":[3.64,4.99,6.99],"rotation":{"angle":45,"axis":"y","origin":[-2,0,2]},"faces":{"north":{"uv":[3.5,4.375,4.25,5],"texture":"#2"},"east":{"uv":[0.625,5.625,1.25,6.25],"texture":"#2"},"south":{"uv":[4.25,4.375,5,5],"texture":"#2"},"west":{"uv":[3.5,5.625,4.125,6.25],"texture":"#2"},"up":{"uv":[5.25,1.875,4.5,1.25],"texture":"#2"},"down":{"uv":[5.25,1.875,4.5,2.5],"texture":"#2"}}},{"from":[10.47931,0.01,14.46962],"to":[16.10931,4.99,19.44962],"rotation":{"angle":45,"axis":"y","origin":[10.46931,0,14.45962]},"faces":{"north":{"uv":[0,5,0.75,5.625],"texture":"#2"},"east":{"uv":[4.125,5.625,4.75,6.25],"texture":"#2"},"south":{"uv":[0.75,5,1.5,5.625],"texture":"#2"},"west":{"uv":[4.75,5.625,5.375,6.25],"texture":"#2"},"up":{"uv":[4.25,5.625,3.5,5],"texture":"#2"},"down":{"uv":[5,5,4.25,5.625],"texture":"#2"}}},{"from":[2.01,0.01,12.36],"to":[6.99,4.99,17.99],"rotation":{"angle":45,"axis":"y","origin":[2,0,18]},"faces":{"north":{"uv":[5.375,5.625,6,6.25],"texture":"#2"},"east":{"uv":[5,4.375,5.75,5],"texture":"#2"},"south":{"uv":[5.75,4,6.375,4.625],"texture":"#2"},"west":{"uv":[5,5,5.75,5.625],"texture":"#2"},"up":{"uv":[5.875,2,5.25,1.25],"texture":"#2"},"down":{"uv":[5.875,2,5.25,2.75],"texture":"#2"}}},{"from":[14.47447,0.01,-0.10447],"to":[19.45447,4.99,5.52553],"rotation":{"angle":45,"axis":"y","origin":[14.46447,0,5.53553]},"faces":{"north":{"uv":[5.75,4.625,6.375,5.25],"texture":"#2"},"east":{"uv":[5.25,2.75,6,3.375],"texture":"#2"},"south":{"uv":[5.875,0.75,6.5,1.375],"texture":"#2"},"west":{"uv":[5.25,3.375,6,4],"texture":"#2"},"up":{"uv":[6.125,0.75,5.5,0],"texture":"#2"},"down":{"uv":[0.625,5.625,0,6.375],"texture":"#2"}}},{"from":[14,5,1],"to":[15,18,2],"faces":{"north":{"uv":[4.375,6.25,4.5,7.875],"texture":"#2"},"east":{"uv":[4.5,6.25,4.625,7.875],"texture":"#2"},"south":{"uv":[4.625,6.25,4.75,7.875],"texture":"#2"},"west":{"uv":[4.75,6.25,4.875,7.875],"texture":"#2"},"up":{"uv":[6,2.75,5.875,2.625],"texture":"#2"},"down":{"uv":[6.5,0.625,6.375,0.75],"texture":"#2"}}},{"from":[16,5,5],"to":[17,21,6],"faces":{"north":{"uv":[1.125,6.25,1.25,8.25],"texture":"#2"},"east":{"uv":[3.5,6.25,3.625,8.25],"texture":"#2"},"south":{"uv":[3.625,6.25,3.75,8.25],"texture":"#2"},"west":{"uv":[3.75,6.25,3.875,8.25],"texture":"#2"},"up":{"uv":[0.625,6.875,0.5,6.75],"texture":"#2"},"down":{"uv":[6.375,7.25,6.25,7.375],"texture":"#2"}}},{"from":[16,5,10],"to":[17,24,11],"faces":{"north":{"uv":[3.25,5.875,3.375,8.25],"texture":"#2"},"east":{"uv":[3.375,5.875,3.5,8.25],"texture":"#2"},"south":{"uv":[6,5.25,6.125,7.625],"texture":"#2"},"west":{"uv":[6.125,5.25,6.25,7.625],"texture":"#2"},"up":{"uv":[6.5,7.375,6.375,7.25],"texture":"#2"},"down":{"uv":[7.375,6.375,7.25,6.5],"texture":"#2"}}},{"from":[14,5,14],"to":[15,27,15],"faces":{"north":{"uv":[2.25,5.875,2.375,8.625],"texture":"#2"},"east":{"uv":[2.375,5.875,2.5,8.625],"texture":"#2"},"south":{"uv":[2.5,5.875,2.625,8.625],"texture":"#2"},"west":{"uv":[2.625,5.875,2.75,8.625],"texture":"#2"},"up":{"uv":[6.625,7.375,6.5,7.25],"texture":"#2"},"down":{"uv":[7.375,6.5,7.25,6.625],"texture":"#2"}}},{"from":[10,5,16],"to":[11,30,17],"faces":{"north":{"uv":[1.25,5.625,1.375,8.75],"texture":"#2"},"east":{"uv":[1.375,5.625,1.5,8.75],"texture":"#2"},"south":{"uv":[1.5,5.875,1.625,9],"texture":"#2"},"west":{"uv":[1.625,5.875,1.75,9],"texture":"#2"},"up":{"uv":[6.75,7.375,6.625,7.25],"texture":"#2"},"down":{"uv":[7.375,6.625,7.25,6.75],"texture":"#2"}}},{"from":[1,5,1],"to":[2,18,2],"rotation":{"angle":0,"axis":"y","origin":[16,0,0]},"faces":{"north":{"uv":[4.875,6.25,5,7.875],"texture":"#2"},"east":{"uv":[5,6.25,5.125,7.875],"texture":"#2"},"south":{"uv":[5.125,6.25,5.25,7.875],"texture":"#2"},"west":{"uv":[5.25,6.25,5.375,7.875],"texture":"#2"},"up":{"uv":[7.375,6.875,7.25,6.75],"texture":"#2"},"down":{"uv":[7.375,6.875,7.25,7],"texture":"#2"}}},{"from":[-1,5,5],"to":[0,21,6],"rotation":{"angle":0,"axis":"y","origin":[16,0,0]},"faces":{"north":{"uv":[3.875,6.25,4,8.25],"texture":"#2"},"east":{"uv":[4,6.25,4.125,8.25],"texture":"#2"},"south":{"uv":[4.125,6.25,4.25,8.25],"texture":"#2"},"west":{"uv":[4.25,6.25,4.375,8.25],"texture":"#2"},"up":{"uv":[7.375,7.125,7.25,7],"texture":"#2"},"down":{"uv":[7.25,7.25,7.125,7.375],"texture":"#2"}}},{"from":[-1,5,10],"to":[0,24,11],"rotation":{"angle":0,"axis":"y","origin":[16,0,0]},"faces":{"north":{"uv":[0.625,6.25,0.75,8.625],"texture":"#2"},"east":{"uv":[0.75,6.25,0.875,8.625],"texture":"#2"},"south":{"uv":[0.875,6.25,1,8.625],"texture":"#2"},"west":{"uv":[1,6.25,1.125,8.625],"texture":"#2"},"up":{"uv":[7.375,7.375,7.25,7.25],"texture":"#2"},"down":{"uv":[0.125,7.375,0,7.5],"texture":"#2"}}},{"from":[1,5,14],"to":[2,27,15],"rotation":{"angle":0,"axis":"y","origin":[16,0,0]},"faces":{"north":{"uv":[2.75,5.875,2.875,8.625],"texture":"#2"},"east":{"uv":[2.875,5.875,3,8.625],"texture":"#2"},"south":{"uv":[3,5.875,3.125,8.625],"texture":"#2"},"west":{"uv":[3.125,5.875,3.25,8.625],"texture":"#2"},"up":{"uv":[0.25,7.5,0.125,7.375],"texture":"#2"},"down":{"uv":[0.375,7.375,0.25,7.5],"texture":"#2"}}},{"from":[5,5,16],"to":[6,30,17],"rotation":{"angle":0,"axis":"y","origin":[16,0,0]},"faces":{"north":{"uv":[1.75,5.875,1.875,9],"texture":"#2"},"east":{"uv":[1.875,5.875,2,9],"texture":"#2"},"south":{"uv":[2,5.875,2.125,9],"texture":"#2"},"west":{"uv":[2.125,5.875,2.25,9],"texture":"#2"},"up":{"uv":[0.5,7.5,0.375,7.375],"texture":"#2"},"down":{"uv":[7.5,0.375,7.375,0.5],"texture":"#2"}}},{"from":[11.15,16.5,1.1],"to":[13.95,17.3,1.9],"rotation":{"angle":22.5,"axis":"z","origin":[14.05,17.4,1]},"faces":{"north":{"uv":[5.25,4.25,5.625,4.375],"texture":"#2"},"east":{"uv":[0.5,7.375,0.625,7.5],"texture":"#2"},"south":{"uv":[6.5,6,6.875,6.125],"texture":"#2"},"west":{"uv":[7.375,0.5,7.5,0.625],"texture":"#2"},"up":{"uv":[6.875,6.25,6.5,6.125],"texture":"#2"},"down":{"uv":[6.625,6.5,6.25,6.625],"texture":"#2"}}},{"from":[11.53268,14.16257,1.1],"to":[14.33268,14.96257,1.9],"rotation":{"angle":-22.5,"axis":"z","origin":[14.43268,15.06257,1]},"faces":{"north":{"uv":[6.5,6.25,6.875,6.375],"texture":"#2"},"east":{"uv":[7.375,1.125,7.5,1.25],"texture":"#2"},"south":{"uv":[6.5,6.375,6.875,6.5],"texture":"#2"},"west":{"uv":[7.375,1.25,7.5,1.375],"texture":"#2"},"up":{"uv":[0.375,6.75,0,6.625],"texture":"#2"},"down":{"uv":[7,0.375,6.625,0.5],"texture":"#2"}}},{"from":[12.4,14.95,1.2],"to":[14,16.55,1.8],"rotation":{"angle":0,"axis":"y","origin":[-0.8,-0.25,0]},"faces":{"north":{"uv":[5.75,6.25,6,6.5],"texture":"#2"},"east":{"uv":[5.875,6.5,6,6.75],"texture":"#2"},"south":{"uv":[6.25,5.75,6.5,6],"texture":"#2"},"west":{"uv":[0.375,6.625,0.5,6.875],"texture":"#2"},"up":{"uv":[6,6.875,5.75,6.75],"texture":"#2"},"down":{"uv":[0.625,6.875,0.375,7],"texture":"#2"}}},{"from":[13.15,19.5,5.1],"to":[15.95,20.3,5.9],"rotation":{"angle":22.5,"axis":"z","origin":[16.05,20.4,5]},"faces":{"north":{"uv":[6.625,0.5,7,0.625],"texture":"#2"},"east":{"uv":[7.375,1.375,7.5,1.5],"texture":"#2"},"south":{"uv":[6.625,1.375,7,1.5],"texture":"#2"},"west":{"uv":[7.375,1.5,7.5,1.625],"texture":"#2"},"up":{"uv":[7,1.625,6.625,1.5],"texture":"#2"},"down":{"uv":[7,1.625,6.625,1.75],"texture":"#2"}}},{"from":[13.53268,17.16257,5.1],"to":[16.33268,17.96257,5.9],"rotation":{"angle":-22.5,"axis":"z","origin":[16.43268,18.06257,5]},"faces":{"north":{"uv":[6.625,1.75,7,1.875],"texture":"#2"},"east":{"uv":[7.375,1.625,7.5,1.75],"texture":"#2"},"south":{"uv":[6.625,1.875,7,2],"texture":"#2"},"west":{"uv":[7.375,1.75,7.5,1.875],"texture":"#2"},"up":{"uv":[7,2.125,6.625,2],"texture":"#2"},"down":{"uv":[7,2.125,6.625,2.25],"texture":"#2"}}},{"from":[14.4,17.95,5.2],"to":[16,19.55,5.8],"rotation":{"angle":0,"axis":"y","origin":[1.2,2.75,4]},"faces":{"north":{"uv":[6.25,6,6.5,6.25],"texture":"#2"},"east":{"uv":[5.75,6.875,5.875,7.125],"texture":"#2"},"south":{"uv":[6.25,6.25,6.5,6.5],"texture":"#2"},"west":{"uv":[5.875,6.875,6,7.125],"texture":"#2"},"up":{"uv":[0.625,7.125,0.375,7],"texture":"#2"},"down":{"uv":[7.25,4.875,7,5],"texture":"#2"}}},{"from":[13.15,22.5,10.1],"to":[15.95,23.3,10.9],"rotation":{"angle":22.5,"axis":"z","origin":[16.05,23.4,10]},"faces":{"north":{"uv":[6.625,2.25,7,2.375],"texture":"#2"},"east":{"uv":[7.375,1.875,7.5,2],"texture":"#2"},"south":{"uv":[6.625,2.375,7,2.5],"texture":"#2"},"west":{"uv":[7.375,2,7.5,2.125],"texture":"#2"},"up":{"uv":[7,2.625,6.625,2.5],"texture":"#2"},"down":{"uv":[7,4,6.625,4.125],"texture":"#2"}}},{"from":[13.53268,20.16257,10.1],"to":[16.33268,20.96257,10.9],"rotation":{"angle":-22.5,"axis":"z","origin":[16.43268,21.06257,10]},"faces":{"north":{"uv":[6.625,4.125,7,4.25],"texture":"#2"},"east":{"uv":[7.375,2.125,7.5,2.25],"texture":"#2"},"south":{"uv":[6.625,4.25,7,4.375],"texture":"#2"},"west":{"uv":[7.375,2.25,7.5,2.375],"texture":"#2"},"up":{"uv":[7,4.5,6.625,4.375],"texture":"#2"},"down":{"uv":[7,4.5,6.625,4.625],"texture":"#2"}}},{"from":[14.4,20.95,10.2],"to":[16,22.55,10.8],"rotation":{"angle":0,"axis":"y","origin":[1.2,5.75,9]},"faces":{"north":{"uv":[0,6.375,0.25,6.625],"texture":"#2"},"east":{"uv":[7,5,7.125,5.25],"texture":"#2"},"south":{"uv":[0.25,6.375,0.5,6.625],"texture":"#2"},"west":{"uv":[7,5.25,7.125,5.5],"texture":"#2"},"up":{"uv":[5.625,7.125,5.375,7],"texture":"#2"},"down":{"uv":[7.25,5.5,7,5.625],"texture":"#2"}}},{"from":[11.15,25.5,14.1],"to":[13.95,26.3,14.9],"rotation":{"angle":22.5,"axis":"z","origin":[14.05,26.4,14]},"faces":{"north":{"uv":[6.625,4.625,7,4.75],"texture":"#2"},"east":{"uv":[7.375,2.375,7.5,2.5],"texture":"#2"},"south":{"uv":[6.625,4.75,7,4.875],"texture":"#2"},"west":{"uv":[7.375,2.5,7.5,2.625],"texture":"#2"},"up":{"uv":[7,5,6.625,4.875],"texture":"#2"},"down":{"uv":[7,5,6.625,5.125],"texture":"#2"}}},{"from":[11.53268,23.16257,14.1],"to":[14.33268,23.96257,14.9],"rotation":{"angle":-22.5,"axis":"z","origin":[14.43268,24.06257,14]},"faces":{"north":{"uv":[6.625,5.125,7,5.25],"texture":"#2"},"east":{"uv":[7.375,2.75,7.5,2.875],"texture":"#2"},"south":{"uv":[6.625,5.25,7,5.375],"texture":"#2"},"west":{"uv":[7.375,2.875,7.5,3],"texture":"#2"},"up":{"uv":[7,5.5,6.625,5.375],"texture":"#2"},"down":{"uv":[7,5.5,6.625,5.625],"texture":"#2"}}},{"from":[12.4,23.95,14.2],"to":[14,25.55,14.8],"rotation":{"angle":0,"axis":"y","origin":[-0.8,8.75,13]},"faces":{"north":{"uv":[6.375,0.375,6.625,0.625],"texture":"#2"},"east":{"uv":[5.625,7,5.75,7.25],"texture":"#2"},"south":{"uv":[6.375,1.375,6.625,1.625],"texture":"#2"},"west":{"uv":[6.25,7,6.375,7.25],"texture":"#2"},"up":{"uv":[7.25,5.75,7,5.625],"texture":"#2"},"down":{"uv":[6.625,7,6.375,7.125],"texture":"#2"}}},{"from":[7.15,28.5,16.1],"to":[9.95,29.3,16.9],"rotation":{"angle":22.5,"axis":"z","origin":[10.05,29.4,16]},"faces":{"north":{"uv":[6.625,5.625,7,5.75],"texture":"#2"},"east":{"uv":[7.375,3.125,7.5,3.25],"texture":"#2"},"south":{"uv":[6.25,6.625,6.625,6.75],"texture":"#2"},"west":{"uv":[7.375,3.25,7.5,3.375],"texture":"#2"},"up":{"uv":[7,6.625,6.625,6.5],"texture":"#2"},"down":{"uv":[7,6.625,6.625,6.75],"texture":"#2"}}},{"from":[7.53268,26.16257,16.1],"to":[10.33268,26.96257,16.9],"rotation":{"angle":-22.5,"axis":"z","origin":[10.43268,27.06257,16]},"faces":{"north":{"uv":[0,6.75,0.375,6.875],"texture":"#2"},"east":{"uv":[7.375,3.375,7.5,3.5],"texture":"#2"},"south":{"uv":[6.75,0.625,7.125,0.75],"texture":"#2"},"west":{"uv":[7.375,3.5,7.5,3.625],"texture":"#2"},"up":{"uv":[7.125,0.875,6.75,0.75],"texture":"#2"},"down":{"uv":[7.125,0.875,6.75,1],"texture":"#2"}}},{"from":[8.4,26.95,16.2],"to":[10,28.55,16.8],"rotation":{"angle":0,"axis":"y","origin":[-4.8,11.75,15]},"faces":{"north":{"uv":[6.375,1.625,6.625,1.875],"texture":"#2"},"east":{"uv":[7,6.5,7.125,6.75],"texture":"#2"},"south":{"uv":[6.375,1.875,6.625,2.125],"texture":"#2"},"west":{"uv":[6.625,7,6.75,7.25],"texture":"#2"},"up":{"uv":[7,7.125,6.75,7],"texture":"#2"},"down":{"uv":[7.25,6.75,7,6.875],"texture":"#2"}}},{"from":[-1.85,16.5,1.1],"to":[0.95,17.3,1.9],"rotation":{"angle":22.5,"axis":"z","origin":[1.05,17.4,1]},"faces":{"north":{"uv":[6.75,1,7.125,1.125],"texture":"#2"},"east":{"uv":[7.375,3.625,7.5,3.75],"texture":"#2"},"south":{"uv":[6.75,1.125,7.125,1.25],"texture":"#2"},"west":{"uv":[7.375,3.75,7.5,3.875],"texture":"#2"},"up":{"uv":[7.125,1.375,6.75,1.25],"texture":"#2"},"down":{"uv":[7.125,2.625,6.75,2.75],"texture":"#2"}}},{"from":[-1.46732,14.16257,1.1],"to":[1.33268,14.96257,1.9],"rotation":{"angle":-22.5,"axis":"z","origin":[1.43268,15.06257,1]},"faces":{"north":{"uv":[6.75,2.75,7.125,2.875],"texture":"#2"},"east":{"uv":[7.375,4,7.5,4.125],"texture":"#2"},"south":{"uv":[6.75,2.875,7.125,3],"texture":"#2"},"west":{"uv":[7.375,4.125,7.5,4.25],"texture":"#2"},"up":{"uv":[7.125,3.125,6.75,3],"texture":"#2"},"down":{"uv":[7.125,3.125,6.75,3.25],"texture":"#2"}}},{"from":[-0.6,14.95,1.2],"to":[1,16.55,1.8],"rotation":{"angle":0,"axis":"y","origin":[-13.8,-0.25,0]},"faces":{"north":{"uv":[6.375,2.125,6.625,2.375],"texture":"#2"},"east":{"uv":[7,6.875,7.125,7.125],"texture":"#2"},"south":{"uv":[6.375,2.375,6.625,2.625],"texture":"#2"},"west":{"uv":[0,7.125,0.125,7.375],"texture":"#2"},"up":{"uv":[0.375,7.25,0.125,7.125],"texture":"#2"},"down":{"uv":[0.625,7.125,0.375,7.25],"texture":"#2"}}},{"from":[-3.85,19.5,5.1],"to":[-1.05,20.3,5.9],"rotation":{"angle":22.5,"axis":"z","origin":[-0.95,20.4,5]},"faces":{"north":{"uv":[6.75,3.25,7.125,3.375],"texture":"#2"},"east":{"uv":[7.375,4.25,7.5,4.375],"texture":"#2"},"south":{"uv":[6.75,3.375,7.125,3.5],"texture":"#2"},"west":{"uv":[7.375,4.375,7.5,4.5],"texture":"#2"},"up":{"uv":[7.125,3.625,6.75,3.5],"texture":"#2"},"down":{"uv":[7.125,3.625,6.75,3.75],"texture":"#2"}}},{"from":[-3.46732,17.16257,5.1],"to":[-0.66732,17.96257,5.9],"rotation":{"angle":-22.5,"axis":"z","origin":[-0.56732,18.06257,5]},"faces":{"north":{"uv":[6.75,3.75,7.125,3.875],"texture":"#2"},"east":{"uv":[7.375,4.5,7.5,4.625],"texture":"#2"},"south":{"uv":[5.375,6.75,5.75,6.875],"texture":"#2"},"west":{"uv":[7.375,4.625,7.5,4.75],"texture":"#2"},"up":{"uv":[7.125,5.875,6.75,5.75],"texture":"#2"},"down":{"uv":[7.125,5.875,6.75,6],"texture":"#2"}}},{"from":[-2.6,17.95,5.2],"to":[-1,19.55,5.8],"rotation":{"angle":0,"axis":"y","origin":[-15.8,2.75,4]},"faces":{"north":{"uv":[6.375,4,6.625,4.25],"texture":"#2"},"east":{"uv":[7.125,0.625,7.25,0.875],"texture":"#2"},"south":{"uv":[6.375,4.25,6.625,4.5],"texture":"#2"},"west":{"uv":[7.125,0.875,7.25,1.125],"texture":"#2"},"up":{"uv":[7.375,1.25,7.125,1.125],"texture":"#2"},"down":{"uv":[7.375,1.25,7.125,1.375],"texture":"#2"}}},{"from":[-3.85,22.5,10.1],"to":[-1.05,23.3,10.9],"rotation":{"angle":22.5,"axis":"z","origin":[-0.95,23.4,10]},"faces":{"north":{"uv":[6.25,6.75,6.625,6.875],"texture":"#2"},"east":{"uv":[7.375,4.75,7.5,4.875],"texture":"#2"},"south":{"uv":[6.625,6.75,7,6.875],"texture":"#2"},"west":{"uv":[7.375,5,7.5,5.125],"texture":"#2"},"up":{"uv":[0.375,7,0,6.875],"texture":"#2"},"down":{"uv":[5.75,6.875,5.375,7],"texture":"#2"}}},{"from":[-3.46732,20.16257,10.1],"to":[-0.66732,20.96257,10.9],"rotation":{"angle":-22.5,"axis":"z","origin":[-0.56732,21.06257,10]},"faces":{"north":{"uv":[6.875,6,7.25,6.125],"texture":"#2"},"east":{"uv":[7.375,5.125,7.5,5.25],"texture":"#2"},"south":{"uv":[6.875,6.125,7.25,6.25],"texture":"#2"},"west":{"uv":[7.375,5.25,7.5,5.375],"texture":"#2"},"up":{"uv":[6.625,7,6.25,6.875],"texture":"#2"},"down":{"uv":[7.25,6.25,6.875,6.375],"texture":"#2"}}},{"from":[-2.6,20.95,10.2],"to":[-1,22.55,10.8],"rotation":{"angle":0,"axis":"y","origin":[-15.8,5.75,9]},"faces":{"north":{"uv":[6.375,4.5,6.625,4.75],"texture":"#2"},"east":{"uv":[7.125,2.625,7.25,2.875],"texture":"#2"},"south":{"uv":[6.375,4.75,6.625,5],"texture":"#2"},"west":{"uv":[7.125,2.875,7.25,3.125],"texture":"#2"},"up":{"uv":[7.375,3.25,7.125,3.125],"texture":"#2"},"down":{"uv":[7.375,3.25,7.125,3.375],"texture":"#2"}}},{"from":[-1.85,25.5,14.1],"to":[0.95,26.3,14.9],"rotation":{"angle":22.5,"axis":"z","origin":[1.05,26.4,14]},"faces":{"north":{"uv":[6.875,6.375,7.25,6.5],"texture":"#2"},"east":{"uv":[5.375,7.375,5.5,7.5],"texture":"#2"},"south":{"uv":[6.625,6.875,7,7],"texture":"#2"},"west":{"uv":[7.375,5.375,7.5,5.5],"texture":"#2"},"up":{"uv":[0.375,7.125,0,7],"texture":"#2"},"down":{"uv":[7.375,0.375,7,0.5],"texture":"#2"}}},{"from":[-1.46732,23.16257,14.1],"to":[1.33268,23.96257,14.9],"rotation":{"angle":-22.5,"axis":"z","origin":[1.43268,24.06257,14]},"faces":{"north":{"uv":[7,0.5,7.375,0.625],"texture":"#2"},"east":{"uv":[5.5,7.375,5.625,7.5],"texture":"#2"},"south":{"uv":[7,1.375,7.375,1.5],"texture":"#2"},"west":{"uv":[5.625,7.375,5.75,7.5],"texture":"#2"},"up":{"uv":[7.375,1.625,7,1.5],"texture":"#2"},"down":{"uv":[7.375,1.625,7,1.75],"texture":"#2"}}},{"from":[-0.6,23.95,14.2],"to":[1,25.55,14.8],"rotation":{"angle":0,"axis":"y","origin":[-13.8,8.75,13]},"faces":{"north":{"uv":[6.375,5,6.625,5.25],"texture":"#2"},"east":{"uv":[7.125,3.375,7.25,3.625],"texture":"#2"},"south":{"uv":[6.5,0.625,6.75,0.875],"texture":"#2"},"west":{"uv":[7.125,3.625,7.25,3.875],"texture":"#2"},"up":{"uv":[7.375,5.125,7.125,5],"texture":"#2"},"down":{"uv":[7.375,5.125,7.125,5.25],"texture":"#2"}}},{"from":[2.15,28.5,16.1],"to":[4.95,29.3,16.9],"rotation":{"angle":22.5,"axis":"z","origin":[5.05,29.4,16]},"faces":{"north":{"uv":[7,1.75,7.375,1.875],"texture":"#2"},"east":{"uv":[5.75,7.375,5.875,7.5],"texture":"#2"},"south":{"uv":[7,1.875,7.375,2],"texture":"#2"},"west":{"uv":[7.375,5.75,7.5,5.875],"texture":"#2"},"up":{"uv":[7.375,2.125,7,2],"texture":"#2"},"down":{"uv":[7.375,2.125,7,2.25],"texture":"#2"}}},{"from":[2.53268,26.16257,16.1],"to":[5.33268,26.96257,16.9],"rotation":{"angle":-22.5,"axis":"z","origin":[5.43268,27.06257,16]},"faces":{"north":{"uv":[7,2.25,7.375,2.375],"texture":"#2"},"east":{"uv":[7.375,5.875,7.5,6],"texture":"#2"},"south":{"uv":[7,2.375,7.375,2.5],"texture":"#2"},"west":{"uv":[7.375,6.125,7.5,6.25],"texture":"#2"},"up":{"uv":[7.375,2.625,7,2.5],"texture":"#2"},"down":{"uv":[7.375,4,7,4.125],"texture":"#2"}}},{"from":[3.4,26.95,16.2],"to":[5,28.55,16.8],"rotation":{"angle":0,"axis":"y","origin":[-9.8,11.75,15]},"faces":{"north":{"uv":[6.5,0.875,6.75,1.125],"texture":"#2"},"east":{"uv":[7.125,5.25,7.25,5.5],"texture":"#2"},"south":{"uv":[6.5,1.125,6.75,1.375],"texture":"#2"},"west":{"uv":[5.375,7.125,5.5,7.375],"texture":"#2"},"up":{"uv":[6,7.25,5.75,7.125],"texture":"#2"},"down":{"uv":[7.375,5.75,7.125,5.875],"texture":"#2"}}},{"from":[10,8,-1],"to":[13,9,1],"rotation":{"angle":0,"axis":"y","origin":[10,12,-1.5]},"faces":{"north":{"uv":[7,4.125,7.375,4.25],"texture":"#2"},"east":{"uv":[7.125,5.875,7.375,6],"texture":"#2"},"south":{"uv":[7,4.25,7.375,4.375],"texture":"#2"},"west":{"uv":[6.375,7.125,6.625,7.25],"texture":"#2"},"up":{"uv":[5.625,4.25,5.25,4],"texture":"#2"},"down":{"uv":[5.875,0.75,5.5,1],"texture":"#2"}}},{"from":[11,5,-1],"to":[12,8,1],"rotation":{"angle":0,"axis":"y","origin":[11,9,-1.5]},"faces":{"north":{"uv":[5.625,4,5.75,4.375],"texture":"#2"},"east":{"uv":[5.75,5.25,6,5.625],"texture":"#2"},"south":{"uv":[0.5,6.375,0.625,6.75],"texture":"#2"},"west":{"uv":[6.125,0.375,6.375,0.75],"texture":"#2"},"up":{"uv":[5.625,7.375,5.5,7.125],"texture":"#2"},"down":{"uv":[7.25,6.5,7.125,6.75],"texture":"#2"}}},{"from":[8,6,-1],"to":[9,8,1],"rotation":{"angle":0,"axis":"y","origin":[7,11,-1.5]},"faces":{"north":{"uv":[6.75,7.125,6.875,7.375],"texture":"#2"},"east":{"uv":[6.5,2.625,6.75,2.875],"texture":"#2"},"south":{"uv":[6.875,7.125,7,7.375],"texture":"#2"},"west":{"uv":[6.5,2.875,6.75,3.125],"texture":"#2"},"up":{"uv":[7.25,7.125,7.125,6.875],"texture":"#2"},"down":{"uv":[7.125,7.125,7,7.375],"texture":"#2"}}},{"from":[7,8,-1],"to":[9,9,1],"rotation":{"angle":0,"axis":"y","origin":[7,12,-1.5]},"faces":{"north":{"uv":[7.125,7.125,7.375,7.25],"texture":"#2"},"east":{"uv":[0.125,7.25,0.375,7.375],"texture":"#2"},"south":{"uv":[0.375,7.25,0.625,7.375],"texture":"#2"},"west":{"uv":[7.25,0.625,7.5,0.75],"texture":"#2"},"up":{"uv":[6.75,3.375,6.5,3.125],"texture":"#2"},"down":{"uv":[6.75,3.375,6.5,3.625],"texture":"#2"}}},{"from":[7,5,-1],"to":[9,6,1],"rotation":{"angle":0,"axis":"y","origin":[7,9,-1.5]},"faces":{"north":{"uv":[7.25,0.75,7.5,0.875],"texture":"#2"},"east":{"uv":[7.25,0.875,7.5,1],"texture":"#2"},"south":{"uv":[7.25,1,7.5,1.125],"texture":"#2"},"west":{"uv":[7.25,2.625,7.5,2.75],"texture":"#2"},"up":{"uv":[6.75,3.875,6.5,3.625],"texture":"#2"},"down":{"uv":[5.625,6.5,5.375,6.75],"texture":"#2"}}},{"from":[5,6,-1],"to":[6,8,1],"rotation":{"angle":0,"axis":"y","origin":[4,9,-1.5]},"faces":{"north":{"uv":[7.25,2.75,7.375,3],"texture":"#2"},"east":{"uv":[5.625,6.5,5.875,6.75],"texture":"#2"},"south":{"uv":[7.25,3.375,7.375,3.625],"texture":"#2"},"west":{"uv":[6.5,5.75,6.75,6],"texture":"#2"},"up":{"uv":[7.375,3.875,7.25,3.625],"texture":"#2"},"down":{"uv":[7.375,5.25,7.25,5.5],"texture":"#2"}}},{"from":[3,8,-1],"to":[6,9,1],"rotation":{"angle":0,"axis":"y","origin":[4,12,-1.5]},"faces":{"north":{"uv":[7,4.375,7.375,4.5],"texture":"#2"},"east":{"uv":[7.25,3,7.5,3.125],"texture":"#2"},"south":{"uv":[7,4.5,7.375,4.625],"texture":"#2"},"west":{"uv":[7.25,4.875,7.5,5],"texture":"#2"},"up":{"uv":[5.875,1.25,5.5,1],"texture":"#2"},"down":{"uv":[6.625,5.25,6.25,5.5],"texture":"#2"}}},{"from":[3,5,-1],"to":[6,6,1],"rotation":{"angle":0,"axis":"y","origin":[12,12.525,-1.15]},"faces":{"north":{"uv":[7,4.625,7.375,4.75],"texture":"#2"},"east":{"uv":[7.25,5.5,7.5,5.625],"texture":"#2"},"south":{"uv":[7,4.75,7.375,4.875],"texture":"#2"},"west":{"uv":[5.625,7.25,5.875,7.375],"texture":"#2"},"up":{"uv":[5.75,6.5,5.375,6.25],"texture":"#2"},"down":{"uv":[6.625,5.5,6.25,5.75],"texture":"#2"}}},{"from":[3,6,-1],"to":[4,7,1],"rotation":{"angle":0,"axis":"y","origin":[8.9,13.7,0.65]},"faces":{"north":{"uv":[6.25,7.375,6.375,7.5],"texture":"#2"},"east":{"uv":[7.25,5.625,7.5,5.75],"texture":"#2"},"south":{"uv":[7.375,6.25,7.5,6.375],"texture":"#2"},"west":{"uv":[7.25,6,7.5,6.125],"texture":"#2"},"up":{"uv":[6,7.5,5.875,7.25],"texture":"#2"},"down":{"uv":[7.375,6.125,7.25,6.375],"texture":"#2"}}},{"name":"tcg_coins","from":[5.75,4.975,4.53591],"to":[10.25,5.475,9.03591],"rotation":{"angle":0,"axis":"y","origin":[8,5.225,5.78591]},"faces":{"north":{"uv":[8,0.125,6.125,0.25],"texture":"#2"},"east":{"uv":[8,0,6.125,0.125],"texture":"#2"},"south":{"uv":[7.875,3.875,6,4],"texture":"#2"},"west":{"uv":[8,0.25,6.125,0.375],"texture":"#2"},"up":{"uv":[1.875,4.375,0,2.5],"texture":"#2"},"down":{"uv":[3.75,4.375,1.875,2.5],"texture":"#2"}}},{"name":"tcg_coins","from":[5.75,5.975,4.53591],"to":[10.25,6.475,9.03591],"rotation":{"angle":0,"axis":"y","origin":[8,5.225,5.78591]},"faces":{"north":{"uv":[8,0.125,6.125,0.25],"texture":"#2"},"east":{"uv":[8,0,6.125,0.125],"texture":"#2"},"south":{"uv":[7.875,3.875,6,4],"texture":"#2"},"west":{"uv":[8,0.25,6.125,0.375],"texture":"#2"},"up":{"uv":[1.875,4.375,0,2.5],"texture":"#2"},"down":{"uv":[3.75,4.375,1.875,2.5],"texture":"#2"}}},{"name":"tcg_coins","from":[1.39753,4.975,7.00671],"to":[5.89753,5.475,11.50671],"rotation":{"angle":45,"axis":"y","origin":[2.67253,5.225,10.85671]},"faces":{"north":{"uv":[8,0.125,6.125,0.25],"texture":"#2"},"east":{"uv":[8,0,6.125,0.125],"texture":"#2"},"south":{"uv":[7.875,3.875,6,4],"texture":"#2"},"west":{"uv":[8,0.25,6.125,0.375],"texture":"#2"},"up":{"uv":[1.875,4.375,0,2.5],"texture":"#2"},"down":{"uv":[3.75,4.375,1.875,2.5],"texture":"#2"}}},{"name":"tcg_coins","from":[10.64987,4.975,6.49302],"to":[15.14987,5.475,10.99302],"rotation":{"angle":-45,"axis":"y","origin":[12.89987,5.225,9.74302]},"faces":{"north":{"uv":[8,0.125,6.125,0.25],"texture":"#2"},"east":{"uv":[8,0,6.125,0.125],"texture":"#2"},"south":{"uv":[7.875,3.875,6,4],"texture":"#2"},"west":{"uv":[8,0.25,6.125,0.375],"texture":"#2"},"up":{"uv":[1.875,4.375,0,2.5],"texture":"#2"},"down":{"uv":[3.75,4.375,1.875,2.5],"texture":"#2"}}},{"name":"tcg_coins","from":[9.04221,5.475,4.82162],"to":[13.54221,5.975,9.32162],"rotation":{"angle":-22.5,"axis":"y","origin":[10.66721,5.725,7.07162]},"faces":{"north":{"uv":[8,0.125,6.125,0.25],"texture":"#2"},"east":{"uv":[8,0,6.125,0.125],"texture":"#2"},"south":{"uv":[7.875,3.875,6,4],"texture":"#2"},"west":{"uv":[8,0.25,6.125,0.375],"texture":"#2"},"up":{"uv":[1.875,4.375,0,2.5],"texture":"#2"},"down":{"uv":[3.75,4.375,1.875,2.5],"texture":"#2"}}},{"name":"tcg_coins","from":[2.45779,5.475,4.82162],"to":[6.95779,5.975,9.32162],"rotation":{"angle":22.5,"axis":"y","origin":[5.33279,5.725,7.07162]},"faces":{"north":{"uv":[6.125,0.125,8,0.25],"texture":"#2"},"east":{"uv":[6.125,0.25,8,0.375],"texture":"#2"},"south":{"uv":[6,3.875,7.875,4],"texture":"#2"},"west":{"uv":[6.125,0,8,0.125],"texture":"#2"},"up":{"uv":[1.875,4.375,0,2.5],"texture":"#2"},"down":{"uv":[1.875,4.375,3.75,2.5],"texture":"#2"}}},{"name":"tcg_coins","from":[12.07747,4.475,4.54329],"to":[14.57747,4.975,7.04329],"rotation":{"angle":45,"axis":"y","origin":[13.32747,4.725,5.79329]},"faces":{"north":{"uv":[6,3.875,7.875,4],"texture":"#2"},"east":{"uv":[6.125,0,8,0.125],"texture":"#2"},"south":{"uv":[6.125,0.125,8,0.25],"texture":"#2"},"west":{"uv":[6.125,0.25,8,0.375],"texture":"#2"},"up":{"uv":[1.875,4.375,0,2.5],"texture":"#2"},"down":{"uv":[3.75,2.5,1.875,4.375],"texture":"#2"}}},{"from":[4.5,6.725,9],"to":[11.5,15.725,10],"rotation":{"angle":22.5,"axis":"x","origin":[6.5,-0.525,7]},"faces":{"north":{"uv":[8.125,0,9,1.125],"texture":"#2"},"east":{"uv":[10,0,10.125,1.125],"texture":"#2"},"south":{"uv":[9,0,9.875,1.125],"texture":"#2"},"west":{"uv":[9.875,0,10,1.125],"texture":"#2"},"up":{"uv":[9,1.125,9.875,1.25],"texture":"#2"},"down":{"uv":[8.125,1.125,9,1.25],"texture":"#2"}}}]}