{"texture_size":[32,32],"textures":{"1":"custom:item/hermitcraft/season_9/hotguy_bow_standby_texture"},"elements":[{"name":"string","from":[8,2.20711,10.23223],"to":[8,22.70711,11.23223],"rotation":{"angle":0,"axis":"x","origin":[8,12.5,10]},"faces":{"north":{"uv":[0,0,0,10.5],"texture":"#1"},"east":{"uv":[0,0,0.5,10.5],"texture":"#1"},"south":{"uv":[0,0,0,10.5],"texture":"#1"},"west":{"uv":[0.5,0,1,10.5],"texture":"#1"},"up":{"uv":[0,0.5,0,0],"texture":"#1"},"down":{"uv":[0,0,0,0.5],"texture":"#1"}}},{"from":[8,9.70711,1.23223],"to":[8,10.70711,6.23223],"rotation":{"angle":0,"axis":"x","origin":[8,12.5,10]},"faces":{"north":{"uv":[0,0,0,0.5],"texture":"#1"},"east":{"uv":[6.5,6,9,6.5],"texture":"#1"},"south":{"uv":[0,0,0,0.5],"texture":"#1"},"west":{"uv":[7,0,9.5,0.5],"texture":"#1"},"up":{"uv":[0,2.5,0,0],"texture":"#1"},"down":{"uv":[0,0,0,2.5],"texture":"#1"}}},{"from":[7.25,18.75,17.25],"to":[8.75,20.75,19.25],"rotation":{"angle":-45,"axis":"x","origin":[8,12.5,10]},"faces":{"north":{"uv":[7,3,8,4],"texture":"#1"},"east":{"uv":[7,6.5,8,7.5],"texture":"#1"},"south":{"uv":[7.5,0.5,8.5,1.5],"texture":"#1"},"west":{"uv":[7.5,1.5,8.5,2.5],"texture":"#1"},"up":{"uv":[8.5,5,7.5,4],"texture":"#1"},"down":{"uv":[8.5,5,7.5,6],"texture":"#1"}}},{"from":[7.25,3.25,1.75],"to":[8.75,5.25,3.75],"rotation":{"angle":-45,"axis":"x","origin":[8,12.5,10]},"faces":{"north":{"uv":[1,8.5,2,9.5],"texture":"#1"},"east":{"uv":[2,8.5,3,9.5],"texture":"#1"},"south":{"uv":[4,8.5,5,9.5],"texture":"#1"},"west":{"uv":[8.5,4,9.5,5],"texture":"#1"},"up":{"uv":[9.5,6,8.5,5],"texture":"#1"},"down":{"uv":[8,8.5,7,9.5],"texture":"#1"}}},{"from":[7.5,19.25,10.25],"to":[8.5,20.25,17.25],"rotation":{"angle":-45,"axis":"x","origin":[8,12.5,10]},"faces":{"north":{"uv":[2.5,6.5,3,7],"texture":"#1"},"east":{"uv":[3.5,0,7,0.5],"texture":"#1"},"south":{"uv":[7,0.5,7.5,1],"texture":"#1"},"west":{"uv":[3.5,0.5,7,1],"texture":"#1"},"up":{"uv":[3,6.5,2.5,3],"texture":"#1"},"down":{"uv":[4,1,3.5,4.5],"texture":"#1"}}},{"from":[7.5,20.25,9.25],"to":[8.5,21.25,16.25],"rotation":{"angle":-45,"axis":"x","origin":[8,12.5,10]},"faces":{"north":{"uv":[3,7.5,3.5,8],"texture":"#1"},"east":{"uv":[4,1,7.5,1.5],"texture":"#1"},"south":{"uv":[8.5,9,9,9.5],"texture":"#1"},"west":{"uv":[4,1.5,7.5,2],"texture":"#1"},"up":{"uv":[4.5,5.5,4,2],"texture":"#1"},"down":{"uv":[3.5,4,3,7.5],"texture":"#1"}}},{"from":[7.5,8.25,3.25],"to":[8.5,10.25,4.25],"rotation":{"angle":-45,"axis":"x","origin":[8,12.5,10]},"faces":{"north":{"uv":[9,0.5,9.5,1.5],"texture":"#1"},"east":{"uv":[9,1.5,9.5,2.5],"texture":"#1"},"south":{"uv":[9,2.5,9.5,3.5],"texture":"#1"},"west":{"uv":[3,9,3.5,10],"texture":"#1"},"up":{"uv":[10,2,9.5,1.5],"texture":"#1"},"down":{"uv":[2.5,9.5,2,10],"texture":"#1"}}},{"from":[7.5,18.25,12.25],"to":[8.5,19.25,14.25],"rotation":{"angle":-45,"axis":"x","origin":[8,12.5,10]},"faces":{"north":{"uv":[9.5,2,10,2.5],"texture":"#1"},"east":{"uv":[5,9,6,9.5],"texture":"#1"},"south":{"uv":[2.5,9.5,3,10],"texture":"#1"},"west":{"uv":[9,6,10,6.5],"texture":"#1"},"up":{"uv":[4,10,3.5,9],"texture":"#1"},"down":{"uv":[9.5,8,9,9],"texture":"#1"}}},{"from":[7.5,4.25,2.25],"to":[8.5,12.25,3.25],"rotation":{"angle":-45,"axis":"x","origin":[8,12.5,10]},"faces":{"north":{"uv":[3,0,3.5,4],"texture":"#1"},"east":{"uv":[1,3,1.5,7],"texture":"#1"},"south":{"uv":[1.5,3,2,7],"texture":"#1"},"west":{"uv":[2,3,2.5,7],"texture":"#1"},"up":{"uv":[7.5,4.5,7,4],"texture":"#1"},"down":{"uv":[8,2.5,7.5,3],"texture":"#1"}}},{"from":[7.5,6.25,1.25],"to":[8.5,13.25,2.25],"rotation":{"angle":-45,"axis":"x","origin":[8,12.5,10]},"faces":{"north":{"uv":[4.5,2,5,5.5],"texture":"#1"},"east":{"uv":[3.5,4.5,4,8],"texture":"#1"},"south":{"uv":[5,2,5.5,5.5],"texture":"#1"},"west":{"uv":[5.5,2,6,5.5],"texture":"#1"},"up":{"uv":[9.5,9.5,9,9],"texture":"#1"},"down":{"uv":[10,0,9.5,0.5],"texture":"#1"}}},{"name":"handle","from":[7.6,9.20711,5.23223],"to":[8.4,15.70711,7.23223],"rotation":{"angle":0,"axis":"x","origin":[8,12.5,10]},"faces":{"north":{"uv":[4,5.5,4.5,8.5],"texture":"#1"},"east":{"uv":[1,0,2,3],"texture":"#1"},"south":{"uv":[4.5,5.5,5,8.5],"texture":"#1"},"west":{"uv":[2,0,3,3],"texture":"#1"},"up":{"uv":[6.5,5.5,6,4.5],"texture":"#1"},"down":{"uv":[9,8,8.5,9],"texture":"#1"}}},{"name":"handle","from":[7.35,8.76447,4.02513],"to":[8.65,9.76447,8.02513],"rotation":{"angle":0,"axis":"x","origin":[8,12.5,10]},"faces":{"north":{"uv":[9.5,0.5,10,1],"texture":"#1"},"east":{"uv":[8,3.5,10,4],"texture":"#1"},"south":{"uv":[1,9.5,1.5,10],"texture":"#1"},"west":{"uv":[8,6.5,10,7],"texture":"#1"},"up":{"uv":[6.5,10,6,8],"texture":"#1"},"down":{"uv":[7,8,6.5,10],"texture":"#1"}}},{"name":"handle","from":[7.35,15.26447,4.02513],"to":[8.65,16.26447,8.02513],"rotation":{"angle":0,"axis":"x","origin":[8,12.5,10]},"faces":{"north":{"uv":[9.5,1,10,1.5],"texture":"#1"},"east":{"uv":[8,7,10,7.5],"texture":"#1"},"south":{"uv":[1.5,9.5,2,10],"texture":"#1"},"west":{"uv":[8,7.5,10,8],"texture":"#1"},"up":{"uv":[8.5,10,8,8],"texture":"#1"},"down":{"uv":[9,0.5,8.5,2.5],"texture":"#1"}}},{"from":[7.25,17.25,9.25],"to":[8.75,19.25,12.25],"rotation":{"angle":-45,"axis":"x","origin":[8,12.5,10]},"faces":{"north":{"uv":[7,7.5,8,8.5],"texture":"#1"},"east":{"uv":[5,5.5,6.5,6.5],"texture":"#1"},"south":{"uv":[8,2.5,9,3.5],"texture":"#1"},"west":{"uv":[6,2,7.5,3],"texture":"#1"},"up":{"uv":[7,4.5,6,3],"texture":"#1"},"down":{"uv":[7.5,4.5,6.5,6],"texture":"#1"}}},{"from":[7.25,10.25,3.25],"to":[8.75,13.25,5.25],"rotation":{"angle":-45,"axis":"x","origin":[8,12.5,10]},"faces":{"north":{"uv":[5,6.5,6,8],"texture":"#1"},"east":{"uv":[6,6.5,7,8],"texture":"#1"},"south":{"uv":[1,7,2,8.5],"texture":"#1"},"west":{"uv":[2,7,3,8.5],"texture":"#1"},"up":{"uv":[4,9,3,8],"texture":"#1"},"down":{"uv":[6,8,5,9],"texture":"#1"}}}],"display":{"thirdperson_righthand":{"translation":[-0.25,-5.75,0.75],"scale":[0.85,0.85,0.85]},"thirdperson_lefthand":{"translation":[-0.25,-5.75,0.75],"scale":[0.85,0.85,0.85]},"firstperson_righthand":{"rotation":[17.68,16.51,-8.24],"translation":[1,1,-0.62],"scale":[0.6,0.6,0.6]},"firstperson_lefthand":{"rotation":[17.68,16.51,-8.24],"translation":[1,1,-0.62],"scale":[0.6,0.6,0.6]},"ground":{"rotation":[45,0,0],"translation":[0,0,0.5],"scale":[0.5,0.5,0.5]},"gui":{"rotation":[90,45,-90],"translation":[-4,-1.75,0],"scale":[0.9,0.9,0.9]},"fixed":{"rotation":[90,-45,90],"translation":[4.75,-1.5,-0.25]}}}