{"texture_size":[32,32],"textures":{"0":"custom:item/hermitcraft/season_9/impulse_axe_netherite"},"elements":[{"from":[7.499,2.88809,-0.501],"to":[8.501,7.89009,6.501],"rotation":{"angle":0,"axis":"x","origin":[8,3.88909,8]},"faces":{"north":{"uv":[7,0,6.5,2.5],"texture":"#0"},"east":{"uv":[0,2.5,3.5,5],"texture":"#0"},"south":{"uv":[6.5,0,6,2.5],"texture":"#0"},"west":{"uv":[3.5,2.5,0,5],"texture":"#0"},"up":{"uv":[5.5,5,5,8.5],"texture":"#0"},"down":{"uv":[6,3.5,5.5,0],"texture":"#0"}}},{"from":[7.499,2.88809,9.499],"to":[8.501,7.89009,13.501],"rotation":{"angle":0,"axis":"x","origin":[8,5.38909,13]},"faces":{"north":{"uv":[0.5,7.5,0,10],"texture":"#0"},"east":{"uv":[3.5,2.5,5.5,5],"texture":"#0"},"south":{"uv":[7.5,6,7,8.5],"texture":"#0"},"west":{"uv":[5.5,2.5,3.5,5],"texture":"#0"},"up":{"uv":[6,9,5.5,11],"texture":"#0"},"down":{"uv":[6.5,11,6,9],"texture":"#0"}}},{"from":[7.5,-6.65685,7],"to":[8.5,-4.65685,9],"rotation":{"angle":-45,"axis":"x","origin":[8,-5.65685,8]},"faces":{"north":{"uv":[10,9.5,9.5,10.5],"texture":"#0"},"east":{"uv":[7.5,8,8.5,9],"texture":"#0"},"south":{"uv":[9.5,9.5,9,10.5],"texture":"#0"},"west":{"uv":[8.5,8,7.5,9],"texture":"#0"},"up":{"uv":[0.5,10,0,11],"texture":"#0"},"down":{"uv":[10.5,1,10,0],"texture":"#0"}}},{"from":[7.499,-10.90049,6.999],"to":[8.501,-8.89849,9.001],"rotation":{"angle":-45,"axis":"x","origin":[8,-9.89949,8]},"faces":{"north":{"uv":[10.5,6,10,7],"texture":"#0"},"east":{"uv":[8.5,2,9.5,3],"texture":"#0"},"south":{"uv":[10.5,5,10,6],"texture":"#0"},"west":{"uv":[9.5,2,8.5,3],"texture":"#0"},"up":{"uv":[10.5,7,10,8],"texture":"#0"},"down":{"uv":[10.5,9,10,8],"texture":"#0"}}},{"from":[7.5,-12.29949,7],"to":[8.5,-10.29949,9],"rotation":{"angle":-45,"axis":"x","origin":[8,-11.29949,8]},"faces":{"north":{"uv":[11,10.5,10.5,11.5],"texture":"#0"},"east":{"uv":[8.5,8,9.5,9],"texture":"#0"},"south":{"uv":[10.5,10.5,10,11.5],"texture":"#0"},"west":{"uv":[9.5,8,8.5,9],"texture":"#0"},"up":{"uv":[0.5,11,0,12],"texture":"#0"},"down":{"uv":[11.5,1,11,0],"texture":"#0"}}},{"from":[7.5,-9.48528,7],"to":[8.5,-7.48528,9],"rotation":{"angle":-45,"axis":"x","origin":[8,-8.48528,8]},"faces":{"north":{"uv":[10.5,2,10,3],"texture":"#0"},"east":{"uv":[8.5,1,9.5,2],"texture":"#0"},"south":{"uv":[10.5,1,10,2],"texture":"#0"},"west":{"uv":[9.5,1,8.5,2],"texture":"#0"},"up":{"uv":[10.5,3,10,4],"texture":"#0"},"down":{"uv":[10.5,5,10,4],"texture":"#0"}}},{"from":[7.499,-8.07207,6.999],"to":[8.501,-6.07007,9.001],"rotation":{"angle":-45,"axis":"x","origin":[8,-7.07107,8]},"faces":{"north":{"uv":[8.5,9.5,8,10.5],"texture":"#0"},"east":{"uv":[7.5,6,8.5,7],"texture":"#0"},"south":{"uv":[8,9.5,7.5,10.5],"texture":"#0"},"west":{"uv":[8.5,6,7.5,7],"texture":"#0"},"up":{"uv":[10,8,9.5,9],"texture":"#0"},"down":{"uv":[9,10.5,8.5,9.5],"texture":"#0"}}},{"from":[7.499,-5.24364,6.999],"to":[8.501,-3.24164,9.001],"rotation":{"angle":-45,"axis":"x","origin":[8,-4.24264,8]},"faces":{"north":{"uv":[7,9.5,6.5,10.5],"texture":"#0"},"east":{"uv":[7.5,4,8.5,5],"texture":"#0"},"south":{"uv":[10,6,9.5,7],"texture":"#0"},"west":{"uv":[8.5,4,7.5,5],"texture":"#0"},"up":{"uv":[7.5,9.5,7,10.5],"texture":"#0"},"down":{"uv":[10,8,9.5,7],"texture":"#0"}}},{"from":[7.5,-3.82843,7],"to":[8.5,-1.82843,9],"rotation":{"angle":-45,"axis":"x","origin":[8,-2.82843,8]},"faces":{"north":{"uv":[5,9.5,4.5,10.5],"texture":"#0"},"east":{"uv":[7.5,3,8.5,4],"texture":"#0"},"south":{"uv":[10,4,9.5,5],"texture":"#0"},"west":{"uv":[8.5,3,7.5,4],"texture":"#0"},"up":{"uv":[5.5,9.5,5,10.5],"texture":"#0"},"down":{"uv":[10,6,9.5,5],"texture":"#0"}}},{"from":[7.499,-2.41521,6.999],"to":[8.501,-0.41321,9.001],"rotation":{"angle":-45,"axis":"x","origin":[8,-1.41421,8]},"faces":{"north":{"uv":[10,3,9.5,4],"texture":"#0"},"east":{"uv":[7.5,2,8.5,3],"texture":"#0"},"south":{"uv":[3.5,9.5,3,10.5],"texture":"#0"},"west":{"uv":[8.5,2,7.5,3],"texture":"#0"},"up":{"uv":[4,9.5,3.5,10.5],"texture":"#0"},"down":{"uv":[4.5,10.5,4,9.5],"texture":"#0"}}},{"from":[7.5,9.59619,0.04558],"to":[8.5,10.59619,5.04558],"rotation":{"angle":-45,"axis":"x","origin":[8,8.59619,3.04558]},"faces":{"north":{"uv":[8.5,11,8,11.5],"texture":"#0"},"east":{"uv":[7,0.5,9.5,1],"texture":"#0"},"south":{"uv":[11.5,7.5,11,8],"texture":"#0"},"west":{"uv":[9.5,0.5,7,1],"texture":"#0"},"up":{"uv":[7.5,1,7,3.5],"texture":"#0"},"down":{"uv":[7.5,6,7,3.5],"texture":"#0"}}},{"from":[7.5,7.47487,2.33848],"to":[8.5,8.47487,3.33848],"rotation":{"angle":-45,"axis":"x","origin":[8,6.47487,2.33848]},"faces":{"north":{"uv":[11.992,2.008,11.508,2.492],"texture":"#0"},"east":{"uv":[11.992,1.508,11.508,1.992],"texture":"#0"},"south":{"uv":[1.492,11.508,1.008,11.992],"texture":"#0"},"west":{"uv":[2.992,11.508,2.508,11.992],"texture":"#0"},"up":{"uv":[11.992,2.508,11.508,2.992],"texture":"#0"},"down":{"uv":[3.492,11.992,3.008,11.508],"texture":"#0"}}},{"from":[7.5,7.18198,3.04558],"to":[8.5,9.18198,4.04558],"rotation":{"angle":-45,"axis":"x","origin":[8,7.18198,3.04558]},"faces":{"north":{"uv":[9.992,10.508,9.508,11.492],"texture":"#0"},"east":{"uv":[9.492,10.508,9.008,11.492],"texture":"#0"},"south":{"uv":[10.992,8.508,10.508,9.492],"texture":"#0"},"west":{"uv":[10.992,9.508,10.508,10.492],"texture":"#0"},"up":{"uv":[0.992,11.508,0.508,11.992],"texture":"#0"},"down":{"uv":[11.992,0.992,11.508,0.508],"texture":"#0"}}},{"from":[7.5,6.88909,3.75269],"to":[8.5,9.88909,4.75269],"rotation":{"angle":-45,"axis":"x","origin":[8,7.88909,3.75269]},"faces":{"north":{"uv":[9.992,1.508,9.508,2.992],"texture":"#0"},"east":{"uv":[1.992,9.508,1.508,10.992],"texture":"#0"},"south":{"uv":[1.492,9.508,1.008,10.992],"texture":"#0"},"west":{"uv":[2.492,9.508,2.008,10.992],"texture":"#0"},"up":{"uv":[6.492,11.008,6.008,11.492],"texture":"#0"},"down":{"uv":[11.492,6.492,11.008,6.008],"texture":"#0"}}},{"from":[7.5,-1.52513,0.92426],"to":[8.5,3.47487,1.92426],"rotation":{"angle":-45,"axis":"x","origin":[8,1.47487,0.92426]},"faces":{"north":{"uv":[6,6.5,5.5,9],"texture":"#0"},"east":{"uv":[6.5,6.5,6,9],"texture":"#0"},"south":{"uv":[7,2.5,6.5,5],"texture":"#0"},"west":{"uv":[6.5,6.5,6,9],"texture":"#0"},"up":{"uv":[11.5,6.5,11,7],"texture":"#0"},"down":{"uv":[8,11.5,7.5,11],"texture":"#0"}}},{"from":[7.5,1.88909,0.92426],"to":[8.5,2.88909,1.92426],"rotation":{"angle":-45,"axis":"x","origin":[8,2.88909,0.92426]},"faces":{"north":{"uv":[11.492,10.008,11.008,10.492],"texture":"#0"},"east":{"uv":[11.492,9.508,11.008,9.992],"texture":"#0"},"south":{"uv":[11.492,9.008,11.008,9.492],"texture":"#0"},"west":{"uv":[11.492,10.508,11.008,10.992],"texture":"#0"},"up":{"uv":[11.492,11.008,11.008,11.492],"texture":"#0"},"down":{"uv":[11.992,0.492,11.508,0.008],"texture":"#0"}}},{"from":[7.5,1.88909,1.33848],"to":[8.5,2.88909,3.33848],"rotation":{"angle":-45,"axis":"x","origin":[8,2.88909,2.33848]},"faces":{"north":{"uv":[11.492,8.508,11.008,8.992],"texture":"#0"},"east":{"uv":[11.492,7.008,10.508,7.492],"texture":"#0"},"south":{"uv":[11.492,8.008,11.008,8.492],"texture":"#0"},"west":{"uv":[8.492,10.508,7.508,10.992],"texture":"#0"},"up":{"uv":[10.992,7.508,10.508,8.492],"texture":"#0"},"down":{"uv":[8.992,11.492,8.508,10.508],"texture":"#0"}}},{"from":[7.5,7.18198,10.35442],"to":[8.5,9.18198,11.35442],"rotation":{"angle":45,"axis":"x","origin":[8,7.18198,11.35442]},"faces":{"north":{"uv":[11.5,3.5,11,4.5],"texture":"#0"},"east":{"uv":[11.5,2.5,11,3.5],"texture":"#0"},"south":{"uv":[2.5,11,2,12],"texture":"#0"},"west":{"uv":[11.5,4.5,11,5.5],"texture":"#0"},"up":{"uv":[12,6.5,11.5,7],"texture":"#0"},"down":{"uv":[7.5,12,7,11.5],"texture":"#0"}}},{"from":[7.5,1.88909,11.06152],"to":[8.5,2.88909,13.06152],"rotation":{"angle":45,"axis":"x","origin":[8,2.88909,12.06152]},"faces":{"north":{"uv":[7,11.5,6.5,12],"texture":"#0"},"east":{"uv":[1.5,11,0.5,11.5],"texture":"#0"},"south":{"uv":[12,6,11.5,6.5],"texture":"#0"},"west":{"uv":[12,1,11,1.5],"texture":"#0"},"up":{"uv":[2,11,1.5,12],"texture":"#0"},"down":{"uv":[11.5,2.5,11,1.5],"texture":"#0"}}},{"from":[7.5,1.88909,12.47574],"to":[8.5,2.88909,13.47574],"rotation":{"angle":45,"axis":"x","origin":[8,2.88909,13.47574]},"faces":{"north":{"uv":[12,5,11.5,5.5],"texture":"#0"},"east":{"uv":[5.5,11.5,5,12],"texture":"#0"},"south":{"uv":[12,4.5,11.5,5],"texture":"#0"},"west":{"uv":[6,11.5,5.5,12],"texture":"#0"},"up":{"uv":[12,5.5,11.5,6],"texture":"#0"},"down":{"uv":[6.5,12,6,11.5],"texture":"#0"}}},{"from":[7.5,7.47487,11.06152],"to":[8.5,8.47487,12.06152],"rotation":{"angle":45,"axis":"x","origin":[8,6.47487,12.06152]},"faces":{"north":{"uv":[12,3.5,11.5,4],"texture":"#0"},"east":{"uv":[4,11.5,3.5,12],"texture":"#0"},"south":{"uv":[12,3,11.5,3.5],"texture":"#0"},"west":{"uv":[4.5,11.5,4,12],"texture":"#0"},"up":{"uv":[12,4,11.5,4.5],"texture":"#0"},"down":{"uv":[5,12,4.5,11.5],"texture":"#0"}}},{"from":[7.5,1.88909,1.75269],"to":[8.5,2.88909,4.75269],"rotation":{"angle":-45,"axis":"x","origin":[8,2.88909,3.75269]},"faces":{"north":{"uv":[11.492,5.508,11.008,5.992],"texture":"#0"},"east":{"uv":[8.992,9.008,7.508,9.492],"texture":"#0"},"south":{"uv":[5.992,11.008,5.508,11.492],"texture":"#0"},"west":{"uv":[10.492,9.008,9.008,9.492],"texture":"#0"},"up":{"uv":[9.992,0.008,9.508,1.492],"texture":"#0"},"down":{"uv":[0.992,10.992,0.508,9.508],"texture":"#0"}}},{"from":[7.5,1.82843,7],"to":[8.5,3.82843,9],"rotation":{"angle":-45,"axis":"x","origin":[8,2.82843,8]},"faces":{"north":{"uv":[3.5,10.5,3,11.5],"texture":"#0"},"east":{"uv":[8.5,4,9.5,5],"texture":"#0"},"south":{"uv":[3,10.5,2.5,11.5],"texture":"#0"},"west":{"uv":[9.5,4,8.5,5],"texture":"#0"},"up":{"uv":[11,3,10.5,4],"texture":"#0"},"down":{"uv":[4,11.5,3.5,10.5],"texture":"#0"}}},{"from":[7.5,8.19239,7],"to":[8.5,10.19239,9],"rotation":{"angle":-45,"axis":"x","origin":[8,9.19239,8]},"faces":{"north":{"uv":[11,6,10.5,7],"texture":"#0"},"east":{"uv":[6.5,8.5,7.5,9.5],"texture":"#0"},"south":{"uv":[11,5,10.5,6],"texture":"#0"},"west":{"uv":[7.5,8.5,6.5,9.5],"texture":"#0"},"up":{"uv":[7,10.5,6.5,11.5],"texture":"#0"},"down":{"uv":[7.5,11.5,7,10.5],"texture":"#0"}}},{"from":[7.499,6.77717,6.999],"to":[8.501,8.77917,9.001],"rotation":{"angle":-45,"axis":"x","origin":[8,7.77817,8]},"faces":{"north":{"uv":[11,4,10.5,5],"texture":"#0"},"east":{"uv":[8.5,5,9.5,6],"texture":"#0"},"south":{"uv":[4.5,10.5,4,11.5],"texture":"#0"},"west":{"uv":[9.5,5,8.5,6],"texture":"#0"},"up":{"uv":[5,10.5,4.5,11.5],"texture":"#0"},"down":{"uv":[5.5,11.5,5,10.5],"texture":"#0"}}},{"from":[7.499,0.41321,6.999],"to":[8.501,2.41521,9.001],"rotation":{"angle":-45,"axis":"x","origin":[8,1.41421,8]},"faces":{"north":{"uv":[11,0,10.5,1],"texture":"#0"},"east":{"uv":[8.5,3,9.5,4],"texture":"#0"},"south":{"uv":[10.5,9.5,10,10.5],"texture":"#0"},"west":{"uv":[9.5,3,8.5,4],"texture":"#0"},"up":{"uv":[11,1,10.5,2],"texture":"#0"},"down":{"uv":[11,3,10.5,2],"texture":"#0"}}},{"from":[7.5,-1,7],"to":[8.5,1,9],"rotation":{"angle":-45,"axis":"x","origin":[8,0,8]},"faces":{"north":{"uv":[5,7.5,4.5,8.5],"texture":"#0"},"east":{"uv":[7.5,1,8.5,2],"texture":"#0"},"south":{"uv":[6.5,2.5,6,3.5],"texture":"#0"},"west":{"uv":[8.5,1,7.5,2],"texture":"#0"},"up":{"uv":[7,7.5,6.5,8.5],"texture":"#0"},"down":{"uv":[3,10.5,2.5,9.5],"texture":"#0"}}},{"from":[7,2.88909,6.5],"to":[9,7.88909,9.5],"rotation":{"angle":0,"axis":"x","origin":[8,3.88909,8]},"faces":{"north":{"uv":[5,5,4,7.5],"texture":"#0"},"east":{"uv":[1.5,5,3,7.5],"texture":"#0"},"south":{"uv":[4,5,3,7.5],"texture":"#0"},"west":{"uv":[3,5,1.5,7.5],"texture":"#0"},"up":{"uv":[6.5,3.5,5.5,5],"texture":"#0"},"down":{"uv":[6.5,6.5,5.5,5],"texture":"#0"}}}],"display":{"thirdperson_righthand":{"translation":[0,10,0.75]},"thirdperson_lefthand":{"translation":[0,10,0.75]},"firstperson_righthand":{"rotation":[11,8,-3],"translation":[5.75,4.5,-1.75],"scale":[0.6,0.6,0.6]},"firstperson_lefthand":{"rotation":[11,8,-3],"translation":[5.75,4.5,-1.75],"scale":[0.6,0.6,0.6]},"ground":{"rotation":[-59,0,0],"translation":[0,6.75,-3.25],"scale":[0.5,0.5,0.5]},"gui":{"rotation":[-90,135,90],"translation":[4.25,3.25,0],"scale":[0.75,0.75,0.75]},"head":{"translation":[0,25.75,0]},"fixed":{"rotation":[0,90,0],"translation":[1.5,8.5,-1.25]}}}