{"parent":"minecraft:item/carved_pumpkin","texture_size":[64,64],"textures":{"0":"custom:item/hermitcraft/season_9/impulsebeard","particle":"custom:item/hermitcraft/season_9/impulsebeard"},"elements":[{"from":[11.08239,3.06313,-2.5],"to":[14.08239,5.06313,-0.5],"rotation":{"angle":0,"axis":"y","origin":[1.08239,1.06313,-1]},"faces":{"north":{"uv":[10.5,2.25,11.25,2.75],"texture":"#0"},"east":{"uv":[10,2.25,10.5,2.75],"texture":"#0"},"south":{"uv":[11.75,2.25,12.5,2.75],"texture":"#0"},"west":{"uv":[11.25,2.25,11.75,2.75],"texture":"#0"},"up":{"uv":[11.25,2.25,10.5,1.75],"texture":"#0"},"down":{"uv":[12,1.75,11.25,2.25],"texture":"#0"}}},{"from":[9.08239,3.96313,-2.2],"to":[11.08239,4.96313,-0.2],"rotation":{"angle":0,"axis":"y","origin":[1.08239,1.06313,-0.925]},"faces":{"north":{"uv":[10.5,9.75,11,10],"texture":"#0"},"east":{"uv":[10,9.75,10.5,10],"texture":"#0"},"south":{"uv":[11.5,9.75,12,10],"texture":"#0"},"west":{"uv":[11,9.75,11.5,10],"texture":"#0"},"up":{"uv":[11,9.75,10.5,9.25],"texture":"#0"},"down":{"uv":[11.5,9.25,11,9.75],"texture":"#0"}}},{"from":[8,3.875,-2],"to":[10,4.875,0],"rotation":{"angle":0,"axis":"y","origin":[1,-1.225,-0.625]},"faces":{"north":{"uv":[10.5,10.5,11,10.75],"texture":"#0"},"east":{"uv":[10,10.5,10.5,10.75],"texture":"#0"},"south":{"uv":[11.5,10.5,12,10.75],"texture":"#0"},"west":{"uv":[11,10.5,11.5,10.75],"texture":"#0"},"up":{"uv":[11,10.5,10.5,10],"texture":"#0"},"down":{"uv":[11.5,10,11,10.5],"texture":"#0"}}},{"from":[11.52599,6.75183,-2.175],"to":[15.52599,8.75183,-1.175],"rotation":{"angle":-22.5,"axis":"z","origin":[1.42599,4.70183,-0.675]},"faces":{"north":{"uv":[2.25,6.75,3.25,7.25],"texture":"#0"},"east":{"uv":[2,6.75,2.25,7.25],"texture":"#0"},"south":{"uv":[3.5,6.75,4.5,7.25],"texture":"#0"},"west":{"uv":[3.25,6.75,3.5,7.25],"texture":"#0"},"up":{"uv":[3.25,6.75,2.25,6.5],"texture":"#0"},"down":{"uv":[4.25,6.5,3.25,6.75],"texture":"#0"}}},{"from":[8.52599,6.75183,-2.175],"to":[11.52599,7.75183,-0.175],"rotation":{"angle":-22.5,"axis":"z","origin":[1.42599,4.70183,-0.675]},"faces":{"north":{"uv":[0.5,11.25,1.25,11.5],"texture":"#0"},"east":{"uv":[0,11.25,0.5,11.5],"texture":"#0"},"south":{"uv":[1.75,11.25,2.5,11.5],"texture":"#0"},"west":{"uv":[1.25,11.25,1.75,11.5],"texture":"#0"},"up":{"uv":[1.25,11.25,0.5,10.75],"texture":"#0"},"down":{"uv":[2,10.75,1.25,11.25],"texture":"#0"}}},{"from":[14.20371,-2.05819,-3.5],"to":[16.20371,2.94181,-1.5],"rotation":{"angle":0,"axis":"y","origin":[3.20371,4.94181,-1.5]},"faces":{"north":{"uv":[3,10.25,3.5,11.5],"texture":"#0"},"east":{"uv":[2.5,10.25,3,11.5],"texture":"#0"},"south":{"uv":[4,10.25,4.5,11.5],"texture":"#0"},"west":{"uv":[3.5,10.25,4,11.5],"texture":"#0"},"up":{"uv":[3.5,10.25,3,9.75],"texture":"#0"},"down":{"uv":[4,9.75,3.5,10.25],"texture":"#0"}}},{"from":[14.55371,-6.60819,-3.3],"to":[16.15371,-2.00819,-1.7],"rotation":{"angle":0,"axis":"y","origin":[3.35371,0.19181,-1.5]},"faces":{"north":{"uv":[9.75,0.5,10.25,1.75],"texture":"#0"},"east":{"uv":[9.25,0.5,9.75,1.75],"texture":"#0"},"south":{"uv":[10.75,0.5,11.25,1.75],"texture":"#0"},"west":{"uv":[10.25,0.5,10.75,1.75],"texture":"#0"},"up":{"uv":[10.25,0.5,9.75,0],"texture":"#0"},"down":{"uv":[10.75,0,10.25,0.5],"texture":"#0"}}},{"from":[12.66818,3.64891,-3],"to":[15.66818,5.64891,-1],"rotation":{"angle":-45,"axis":"z","origin":[12.66818,3.64891,-1]},"faces":{"north":{"uv":[10,8.75,10.75,9.25],"texture":"#0"},"east":{"uv":[9.5,8.75,10,9.25],"texture":"#0"},"south":{"uv":[11.25,8.75,12,9.25],"texture":"#0"},"west":{"uv":[10.75,8.75,11.25,9.25],"texture":"#0"},"up":{"uv":[10.75,8.75,10,8.25],"texture":"#0"},"down":{"uv":[11.5,8.25,10.75,8.75],"texture":"#0"}}},{"from":[1.91761,3.06313,-2.5],"to":[4.91761,5.06313,-0.5],"shade":false,"rotation":{"angle":0,"axis":"y","origin":[14.91761,1.06313,-1]},"faces":{"north":{"uv":[11.25,2.25,10.5,2.75],"texture":"#0"},"east":{"uv":[11.75,2.25,11.25,2.75],"texture":"#0"},"south":{"uv":[12.5,2.25,11.75,2.75],"texture":"#0"},"west":{"uv":[10.5,2.25,10,2.75],"texture":"#0"},"up":{"uv":[10.5,2.25,11.25,1.75],"texture":"#0"},"down":{"uv":[11.25,1.75,12,2.25],"texture":"#0"}}},{"from":[4.91761,3.96313,-2.2],"to":[6.91761,4.96313,-0.2],"shade":false,"rotation":{"angle":0,"axis":"y","origin":[14.91761,1.06313,-0.925]},"faces":{"north":{"uv":[11,9.75,10.5,10],"texture":"#0"},"east":{"uv":[11.5,9.75,11,10],"texture":"#0"},"south":{"uv":[12,9.75,11.5,10],"texture":"#0"},"west":{"uv":[10.5,9.75,10,10],"texture":"#0"},"up":{"uv":[10.5,9.75,11,9.25],"texture":"#0"},"down":{"uv":[11,9.25,11.5,9.75],"texture":"#0"}}},{"from":[6,3.875,-2],"to":[8,4.875,0],"shade":false,"rotation":{"angle":0,"axis":"y","origin":[15,-1.225,-0.625]},"faces":{"north":{"uv":[11,10.5,10.5,10.75],"texture":"#0"},"east":{"uv":[11.5,10.5,11,10.75],"texture":"#0"},"south":{"uv":[12,10.5,11.5,10.75],"texture":"#0"},"west":{"uv":[10.5,10.5,10,10.75],"texture":"#0"},"up":{"uv":[10.5,10.5,11,10],"texture":"#0"},"down":{"uv":[11,10,11.5,10.5],"texture":"#0"}}},{"from":[0.47401,6.75183,-2.175],"to":[4.47401,8.75183,-1.175],"shade":false,"rotation":{"angle":22.5,"axis":"z","origin":[14.57401,4.70183,-0.675]},"faces":{"north":{"uv":[3.25,6.75,2.25,7.25],"texture":"#0"},"east":{"uv":[3.5,6.75,3.25,7.25],"texture":"#0"},"south":{"uv":[4.5,6.75,3.5,7.25],"texture":"#0"},"west":{"uv":[2.25,6.75,2,7.25],"texture":"#0"},"up":{"uv":[2.25,6.75,3.25,6.5],"texture":"#0"},"down":{"uv":[3.25,6.5,4.25,6.75],"texture":"#0"}}},{"from":[4.47401,6.75183,-2.175],"to":[7.47401,7.75183,-0.175],"shade":false,"rotation":{"angle":22.5,"axis":"z","origin":[14.57401,4.70183,-0.675]},"faces":{"north":{"uv":[1.25,11.25,0.5,11.5],"texture":"#0"},"east":{"uv":[1.75,11.25,1.25,11.5],"texture":"#0"},"south":{"uv":[2.5,11.25,1.75,11.5],"texture":"#0"},"west":{"uv":[0.5,11.25,0,11.5],"texture":"#0"},"up":{"uv":[0.5,11.25,1.25,10.75],"texture":"#0"},"down":{"uv":[1.25,10.75,2,11.25],"texture":"#0"}}},{"from":[-0.20371,-2.05819,-3.5],"to":[1.79629,2.94181,-1.5],"shade":false,"rotation":{"angle":0,"axis":"y","origin":[12.79629,4.94181,-1.5]},"faces":{"north":{"uv":[3.5,10.25,3,11.5],"texture":"#0"},"east":{"uv":[4,10.25,3.5,11.5],"texture":"#0"},"south":{"uv":[4.5,10.25,4,11.5],"texture":"#0"},"west":{"uv":[3,10.25,2.5,11.5],"texture":"#0"},"up":{"uv":[3,10.25,3.5,9.75],"texture":"#0"},"down":{"uv":[3.5,9.75,4,10.25],"texture":"#0"}}},{"from":[-0.15371,-6.60819,-3.3],"to":[1.44629,-2.00819,-1.7],"shade":false,"rotation":{"angle":0,"axis":"y","origin":[12.64629,0.19181,-1.5]},"faces":{"north":{"uv":[10.25,0.5,9.75,1.75],"texture":"#0"},"east":{"uv":[10.75,0.5,10.25,1.75],"texture":"#0"},"south":{"uv":[11.25,0.5,10.75,1.75],"texture":"#0"},"west":{"uv":[9.75,0.5,9.25,1.75],"texture":"#0"},"up":{"uv":[9.75,0.5,10.25,0],"texture":"#0"},"down":{"uv":[10.25,0,10.75,0.5],"texture":"#0"}}},{"from":[0.33182,3.64891,-3],"to":[3.33182,5.64891,-1],"shade":false,"rotation":{"angle":45,"axis":"z","origin":[3.33182,3.64891,-1]},"faces":{"north":{"uv":[10.75,8.75,10,9.25],"texture":"#0"},"east":{"uv":[11.25,8.75,10.75,9.25],"texture":"#0"},"south":{"uv":[12,8.75,11.25,9.25],"texture":"#0"},"west":{"uv":[10,8.75,9.5,9.25],"texture":"#0"},"up":{"uv":[10,8.75,10.75,8.25],"texture":"#0"},"down":{"uv":[10.75,8.25,11.5,8.75],"texture":"#0"}}},{"from":[16,2,6],"to":[17,8,8],"rotation":{"angle":0,"axis":"y","origin":[1,0,0]},"faces":{"north":{"uv":[10,6.25,10.25,7.75],"texture":"#0"},"east":{"uv":[9.5,6.25,10,7.75],"texture":"#0"},"south":{"uv":[10.75,6.25,11,7.75],"texture":"#0"},"west":{"uv":[10.25,6.25,10.75,7.75],"texture":"#0"},"up":{"uv":[10.25,6.25,10,5.75],"texture":"#0"},"down":{"uv":[10.5,5.75,10.25,6.25],"texture":"#0"}}},{"from":[16,-1,4],"to":[17,8,6],"rotation":{"angle":0,"axis":"y","origin":[1,0,0]},"faces":{"north":{"uv":[9,9.25,9.25,11.5],"texture":"#0"},"east":{"uv":[8.5,9.25,9,11.5],"texture":"#0"},"south":{"uv":[9.75,9.25,10,11.5],"texture":"#0"},"west":{"uv":[9.25,9.25,9.75,11.5],"texture":"#0"},"up":{"uv":[9.25,9.25,9,8.75],"texture":"#0"},"down":{"uv":[9.5,8.75,9.25,9.25],"texture":"#0"}}},{"from":[8,-1,-3],"to":[14,0,4],"rotation":{"angle":0,"axis":"y","origin":[1,2,0]},"faces":{"north":{"uv":[1.75,1.75,3.25,2],"texture":"#0"},"east":{"uv":[0,1.75,1.75,2],"texture":"#0"},"south":{"uv":[5,1.75,6.5,2],"texture":"#0"},"west":{"uv":[3.25,1.75,5,2],"texture":"#0"},"up":{"uv":[3.25,1.75,1.75,0],"texture":"#0"},"down":{"uv":[4.75,0,3.25,1.75],"texture":"#0"}}},{"from":[14,-1,-2],"to":[15,0,4],"rotation":{"angle":0,"axis":"y","origin":[7,2,0]},"faces":{"north":{"uv":[5,7.5,5.25,7.75],"texture":"#0"},"east":{"uv":[3.5,7.5,5,7.75],"texture":"#0"},"south":{"uv":[6.75,7.5,7,7.75],"texture":"#0"},"west":{"uv":[5.25,7.5,6.75,7.75],"texture":"#0"},"up":{"uv":[5.25,7.5,5,6],"texture":"#0"},"down":{"uv":[5.5,6,5.25,7.5],"texture":"#0"}}},{"from":[8,0,-3],"to":[11,1,4],"rotation":{"angle":0,"axis":"y","origin":[1,3,0]},"faces":{"north":{"uv":[6,4.25,6.75,4.5],"texture":"#0"},"east":{"uv":[4.25,4.25,6,4.5],"texture":"#0"},"south":{"uv":[8.5,4.25,9.25,4.5],"texture":"#0"},"west":{"uv":[6.75,4.25,8.5,4.5],"texture":"#0"},"up":{"uv":[6.75,4.25,6,2.5],"texture":"#0"},"down":{"uv":[7.5,2.5,6.75,4.25],"texture":"#0"}}},{"from":[12.29821,1.52654,-2.925],"to":[15.29821,3.52654,4.075],"rotation":{"angle":-22.5,"axis":"z","origin":[5.29821,5.52654,0.075]},"faces":{"north":{"uv":[1.75,6,2.5,6.5],"texture":"#0"},"east":{"uv":[0,6,1.75,6.5],"texture":"#0"},"south":{"uv":[4.25,6,5,6.5],"texture":"#0"},"west":{"uv":[2.5,6,4.25,6.5],"texture":"#0"},"up":{"uv":[2.5,6,1.75,4.25],"texture":"#0"},"down":{"uv":[3.25,4.25,2.5,6],"texture":"#0"}}},{"from":[8,-5,2],"to":[15,-1,4],"rotation":{"angle":0,"axis":"y","origin":[1,4,0]},"faces":{"north":{"uv":[3.75,5,5.5,6],"texture":"#0"},"east":{"uv":[3.25,5,3.75,6],"texture":"#0"},"south":{"uv":[6,5,7.75,6],"texture":"#0"},"west":{"uv":[5.5,5,6,6],"texture":"#0"},"up":{"uv":[5.5,5,3.75,4.5],"texture":"#0"},"down":{"uv":[7.25,4.5,5.5,5],"texture":"#0"}}},{"from":[8,-5,-3],"to":[15,-1,2],"rotation":{"angle":0,"axis":"y","origin":[1,4,-1]},"faces":{"north":{"uv":[1.25,3.25,3,4.25],"texture":"#0"},"east":{"uv":[0,3.25,1.25,4.25],"texture":"#0"},"south":{"uv":[4.25,3.25,6,4.25],"texture":"#0"},"west":{"uv":[3,3.25,4.25,4.25],"texture":"#0"},"up":{"uv":[3,3.25,1.25,2],"texture":"#0"},"down":{"uv":[4.75,2,3,3.25],"texture":"#0"}}},{"from":[8,-7.38479,4.90715],"to":[13,-4.38479,6.90715],"rotation":{"angle":22.5,"axis":"x","origin":[1,2.61521,3.90715]},"faces":{"north":{"uv":[8.25,5,9.5,5.75],"texture":"#0"},"east":{"uv":[7.75,5,8.25,5.75],"texture":"#0"},"south":{"uv":[10,5,11.25,5.75],"texture":"#0"},"west":{"uv":[9.5,5,10,5.75],"texture":"#0"},"up":{"uv":[9.5,5,8.25,4.5],"texture":"#0"},"down":{"uv":[10.75,4.5,9.5,5],"texture":"#0"}}},{"from":[8,-8.91553,-5.60266],"to":[13,-5.91553,-1.60266],"rotation":{"angle":-22.5,"axis":"x","origin":[1,1.08447,-6.60266]},"faces":{"north":{"uv":[5.75,1,7,1.75],"texture":"#0"},"east":{"uv":[4.75,1,5.75,1.75],"texture":"#0"},"south":{"uv":[8,1,9.25,1.75],"texture":"#0"},"west":{"uv":[7,1,8,1.75],"texture":"#0"},"up":{"uv":[7,1,5.75,0],"texture":"#0"},"down":{"uv":[8.25,0,7,1],"texture":"#0"}}},{"from":[13,-2.2451,-2.84984],"to":[14,-1.2451,0.15016],"rotation":{"angle":22.5,"axis":"x","origin":[3,-3.2451,-9.84984]},"faces":{"north":{"uv":[7.25,10.75,7.5,11],"texture":"#0"},"east":{"uv":[6.5,10.75,7.25,11],"texture":"#0"},"south":{"uv":[8.25,10.75,8.5,11],"texture":"#0"},"west":{"uv":[7.5,10.75,8.25,11],"texture":"#0"},"up":{"uv":[7.5,10.75,7.25,10],"texture":"#0"},"down":{"uv":[7.75,10,7.5,10.75],"texture":"#0"}}},{"from":[13,-8.75071,2.14389],"to":[14,-7.75071,5.14389],"rotation":{"angle":-22.5,"axis":"x","origin":[3,-9.75071,-4.85611]},"faces":{"north":{"uv":[5.25,10.75,5.5,11],"texture":"#0"},"east":{"uv":[4.5,10.75,5.25,11],"texture":"#0"},"south":{"uv":[6.25,10.75,6.5,11],"texture":"#0"},"west":{"uv":[5.5,10.75,6.25,11],"texture":"#0"},"up":{"uv":[5.5,10.75,5.25,10],"texture":"#0"},"down":{"uv":[5.75,10,5.5,10.75],"texture":"#0"}}},{"from":[8,-10.87214,9.5088],"to":[11,-8.87214,11.5088],"rotation":{"angle":45,"axis":"x","origin":[3,2.12786,8.5088]},"faces":{"north":{"uv":[10,4,10.75,4.5],"texture":"#0"},"east":{"uv":[9.5,4,10,4.5],"texture":"#0"},"south":{"uv":[11.25,4,12,4.5],"texture":"#0"},"west":{"uv":[10.75,4,11.25,4.5],"texture":"#0"},"up":{"uv":[10.75,4,10,3.5],"texture":"#0"},"down":{"uv":[11.5,3.5,10.75,4],"texture":"#0"}}},{"from":[8,-13.70057,-9.33723],"to":[11,-11.70057,-5.33723],"rotation":{"angle":-45,"axis":"x","origin":[3,-0.70057,-10.33723]},"faces":{"north":{"uv":[7,8.25,7.75,8.75],"texture":"#0"},"east":{"uv":[6,8.25,7,8.75],"texture":"#0"},"south":{"uv":[8.75,8.25,9.5,8.75],"texture":"#0"},"west":{"uv":[7.75,8.25,8.75,8.75],"texture":"#0"},"up":{"uv":[7.75,8.25,7,7.25],"texture":"#0"},"down":{"uv":[8.5,7.25,7.75,8.25],"texture":"#0"}}},{"from":[13.99376,-6.96861,2.975],"to":[16.99376,-5.96861,3.975],"rotation":{"angle":22.5,"axis":"z","origin":[1.99376,-3.96861,-0.025]},"faces":{"north":{"uv":[5,2.25,5.75,2.5],"texture":"#0"},"east":{"uv":[4.75,2.25,5,2.5],"texture":"#0"},"south":{"uv":[6,2.25,6.75,2.5],"texture":"#0"},"west":{"uv":[5.75,2.25,6,2.5],"texture":"#0"},"up":{"uv":[5.75,2.25,5,2],"texture":"#0"},"down":{"uv":[6.5,2,5.75,2.25],"texture":"#0"}}},{"from":[9.90717,-4.08801,-0.95],"to":[13.90717,-2.08801,0.05],"rotation":{"angle":22.5,"axis":"z","origin":[-1.09283,-4.08801,0.05]},"faces":{"north":{"uv":[10.25,3,11.25,3.5],"texture":"#0"},"east":{"uv":[10,3,10.25,3.5],"texture":"#0"},"south":{"uv":[11.5,3,12.5,3.5],"texture":"#0"},"west":{"uv":[11.25,3,11.5,3.5],"texture":"#0"},"up":{"uv":[11.25,3,10.25,2.75],"texture":"#0"},"down":{"uv":[12.25,2.75,11.25,3],"texture":"#0"}}},{"from":[8,-1,-2],"to":[14,2,0],"rotation":{"angle":0,"axis":"y","origin":[1,2,0]},"faces":{"north":{"uv":[6,6.5,7.5,7.25],"texture":"#0"},"east":{"uv":[5.5,6.5,6,7.25],"texture":"#0"},"south":{"uv":[8,6.5,9.5,7.25],"texture":"#0"},"west":{"uv":[7.5,6.5,8,7.25],"texture":"#0"},"up":{"uv":[7.5,6.5,6,6],"texture":"#0"},"down":{"uv":[9,6,7.5,6.5],"texture":"#0"}}},{"from":[15.18336,-5.94823,0],"to":[17.18336,-0.94823,3],"rotation":{"angle":-22.5,"axis":"z","origin":[16.96154,-0.5132,1]},"faces":{"north":{"uv":[0.75,9.5,1.25,10.75],"texture":"#0"},"east":{"uv":[0,9.5,0.75,10.75],"texture":"#0"},"south":{"uv":[2,9.5,2.5,10.75],"texture":"#0"},"west":{"uv":[1.25,9.5,2,10.75],"texture":"#0"},"up":{"uv":[1.25,9.5,0.75,8.75],"texture":"#0"},"down":{"uv":[1.75,8.75,1.25,9.5],"texture":"#0"}}},{"from":[15.18336,-5.94823,-0.975],"to":[17.18336,-3.94823,0.025],"rotation":{"angle":-22.5,"axis":"z","origin":[16.96154,-0.5132,0.025]},"faces":{"north":{"uv":[6,10.25,6.5,10.75],"texture":"#0"},"east":{"uv":[5.75,10.25,6,10.75],"texture":"#0"},"south":{"uv":[6.75,10.25,7.25,10.75],"texture":"#0"},"west":{"uv":[6.5,10.25,6.75,10.75],"texture":"#0"},"up":{"uv":[6.5,10.25,6,10],"texture":"#0"},"down":{"uv":[7,10,6.5,10.25],"texture":"#0"}}},{"from":[11.85195,-3.77164,-1],"to":[15.85195,4.22836,0],"rotation":{"angle":0,"axis":"y","origin":[15.63012,1.66339,0]},"faces":{"north":{"uv":[7.75,2,8.75,4],"texture":"#0"},"east":{"uv":[7.5,2,7.75,4],"texture":"#0"},"south":{"uv":[9,2,10,4],"texture":"#0"},"west":{"uv":[8.75,2,9,4],"texture":"#0"},"up":{"uv":[8.75,2,7.75,1.75],"texture":"#0"},"down":{"uv":[9.75,1.75,8.75,2],"texture":"#0"}}},{"from":[14.99877,-1,-0.60885],"to":[15.99877,4,0.39115],"rotation":{"angle":-45,"axis":"y","origin":[15.55194,1.43503,0.39115]},"faces":{"north":{"uv":[10.25,11,10.5,12.25],"texture":"#0"},"east":{"uv":[10,11,10.25,12.25],"texture":"#0"},"south":{"uv":[10.75,11,11,12.25],"texture":"#0"},"west":{"uv":[10.5,11,10.75,12.25],"texture":"#0"},"up":{"uv":[10.5,11,10.25,10.75],"texture":"#0"},"down":{"uv":[10.75,10.75,10.5,11],"texture":"#0"}}},{"from":[13.35195,-3.77164,-1.825],"to":[15.35195,2.22836,-0.825],"rotation":{"angle":0,"axis":"y","origin":[15.13012,1.66339,-0.825]},"faces":{"north":{"uv":[0.25,0.25,0.75,1.75],"texture":"#0"},"east":{"uv":[0,0.25,0.25,1.75],"texture":"#0"},"south":{"uv":[1,0.25,1.5,1.75],"texture":"#0"},"west":{"uv":[0.75,0.25,1,1.75],"texture":"#0"},"up":{"uv":[0.75,0.25,0.25,0],"texture":"#0"},"down":{"uv":[1.25,0,0.75,0.25],"texture":"#0"}}},{"from":[15.58049,-11.46864,-1],"to":[17.58049,-6.46864,2],"rotation":{"angle":-45,"axis":"z","origin":[17.35866,-3.03361,1]},"faces":{"north":{"uv":[3.75,8.5,4.25,9.75],"texture":"#0"},"east":{"uv":[3,8.5,3.75,9.75],"texture":"#0"},"south":{"uv":[5,8.5,5.5,9.75],"texture":"#0"},"west":{"uv":[4.25,8.5,5,9.75],"texture":"#0"},"up":{"uv":[4.25,8.5,3.75,7.75],"texture":"#0"},"down":{"uv":[4.75,7.75,4.25,8.5],"texture":"#0"}}},{"from":[8.2831,-7.04604,-0.8],"to":[11.0831,-5.24604,2],"rotation":{"angle":22.5,"axis":"z","origin":[16.61813,-6.92422,1.1]},"faces":{"north":{"uv":[6.25,9.5,7,10],"texture":"#0"},"east":{"uv":[5.5,9.5,6.25,10],"texture":"#0"},"south":{"uv":[7.75,9.5,8.5,10],"texture":"#0"},"west":{"uv":[7,9.5,7.75,10],"texture":"#0"},"up":{"uv":[7,9.5,6.25,8.75],"texture":"#0"},"down":{"uv":[7.75,8.75,7,9.5],"texture":"#0"}}},{"from":[15,-1,0],"to":[17,4,4],"rotation":{"angle":0,"axis":"y","origin":[1,2,0]},"faces":{"north":{"uv":[1,7.5,1.5,8.75],"texture":"#0"},"east":{"uv":[0,7.5,1,8.75],"texture":"#0"},"south":{"uv":[2.5,7.5,3,8.75],"texture":"#0"},"west":{"uv":[1.5,7.5,2.5,8.75],"texture":"#0"},"up":{"uv":[1.5,7.5,1,6.5],"texture":"#0"},"down":{"uv":[2,6.5,1.5,7.5],"texture":"#0"}}},{"from":[15.95,3.22628,0.86241],"to":[16.95,8.22628,2.86241],"rotation":{"angle":22.5,"axis":"x","origin":[0.95,0.22628,1.86241]},"faces":{"north":{"uv":[0.5,4.75,0.75,6],"texture":"#0"},"east":{"uv":[0,4.75,0.5,6],"texture":"#0"},"south":{"uv":[1.25,4.75,1.5,6],"texture":"#0"},"west":{"uv":[0.75,4.75,1.25,6],"texture":"#0"},"up":{"uv":[0.75,4.75,0.5,4.25],"texture":"#0"},"down":{"uv":[1,4.25,0.75,4.75],"texture":"#0"}}},{"from":[-1,2,6],"to":[0,8,8],"shade":false,"rotation":{"angle":0,"axis":"y","origin":[15,0,0]},"faces":{"north":{"uv":[10.25,6.25,10,7.75],"texture":"#0"},"east":{"uv":[10.75,6.25,10.25,7.75],"texture":"#0"},"south":{"uv":[11,6.25,10.75,7.75],"texture":"#0"},"west":{"uv":[10,6.25,9.5,7.75],"texture":"#0"},"up":{"uv":[10,6.25,10.25,5.75],"texture":"#0"},"down":{"uv":[10.25,5.75,10.5,6.25],"texture":"#0"}}},{"from":[-1,-1,4],"to":[0,8,6],"shade":false,"rotation":{"angle":0,"axis":"y","origin":[15,0,0]},"faces":{"north":{"uv":[9.25,9.25,9,11.5],"texture":"#0"},"east":{"uv":[9.75,9.25,9.25,11.5],"texture":"#0"},"south":{"uv":[10,9.25,9.75,11.5],"texture":"#0"},"west":{"uv":[9,9.25,8.5,11.5],"texture":"#0"},"up":{"uv":[9,9.25,9.25,8.75],"texture":"#0"},"down":{"uv":[9.25,8.75,9.5,9.25],"texture":"#0"}}},{"from":[2,-1,-3],"to":[8,0,4],"shade":false,"rotation":{"angle":0,"axis":"y","origin":[15,2,0]},"faces":{"north":{"uv":[3.25,1.75,1.75,2],"texture":"#0"},"east":{"uv":[5,1.75,3.25,2],"texture":"#0"},"south":{"uv":[6.5,1.75,5,2],"texture":"#0"},"west":{"uv":[1.75,1.75,0,2],"texture":"#0"},"up":{"uv":[1.75,1.75,3.25,0],"texture":"#0"},"down":{"uv":[3.25,0,4.75,1.75],"texture":"#0"}}},{"from":[1,-1,-2],"to":[2,0,4],"shade":false,"rotation":{"angle":0,"axis":"y","origin":[9,2,0]},"faces":{"north":{"uv":[5.25,7.5,5,7.75],"texture":"#0"},"east":{"uv":[6.75,7.5,5.25,7.75],"texture":"#0"},"south":{"uv":[7,7.5,6.75,7.75],"texture":"#0"},"west":{"uv":[5,7.5,3.5,7.75],"texture":"#0"},"up":{"uv":[5,7.5,5.25,6],"texture":"#0"},"down":{"uv":[5.25,6,5.5,7.5],"texture":"#0"}}},{"from":[5,0,-3],"to":[8,1,4],"shade":false,"rotation":{"angle":0,"axis":"y","origin":[15,3,0]},"faces":{"north":{"uv":[6.75,4.25,6,4.5],"texture":"#0"},"east":{"uv":[8.5,4.25,6.75,4.5],"texture":"#0"},"south":{"uv":[9.25,4.25,8.5,4.5],"texture":"#0"},"west":{"uv":[6,4.25,4.25,4.5],"texture":"#0"},"up":{"uv":[6,4.25,6.75,2.5],"texture":"#0"},"down":{"uv":[6.75,2.5,7.5,4.25],"texture":"#0"}}},{"from":[0.70179,1.52654,-2.925],"to":[3.70179,3.52654,4.075],"shade":false,"rotation":{"angle":22.5,"axis":"z","origin":[10.70179,5.52654,0.075]},"faces":{"north":{"uv":[2.5,6,1.75,6.5],"texture":"#0"},"east":{"uv":[4.25,6,2.5,6.5],"texture":"#0"},"south":{"uv":[5,6,4.25,6.5],"texture":"#0"},"west":{"uv":[1.75,6,0,6.5],"texture":"#0"},"up":{"uv":[1.75,6,2.5,4.25],"texture":"#0"},"down":{"uv":[2.5,4.25,3.25,6],"texture":"#0"}}},{"from":[1,-5,2],"to":[8,-1,4],"shade":false,"rotation":{"angle":0,"axis":"y","origin":[15,4,0]},"faces":{"north":{"uv":[5.5,5,3.75,6],"texture":"#0"},"east":{"uv":[6,5,5.5,6],"texture":"#0"},"south":{"uv":[7.75,5,6,6],"texture":"#0"},"west":{"uv":[3.75,5,3.25,6],"texture":"#0"},"up":{"uv":[3.75,5,5.5,4.5],"texture":"#0"},"down":{"uv":[5.5,4.5,7.25,5],"texture":"#0"}}},{"from":[1,-5,-3],"to":[8,-1,2],"shade":false,"rotation":{"angle":0,"axis":"y","origin":[15,4,-1]},"faces":{"north":{"uv":[3,3.25,1.25,4.25],"texture":"#0"},"east":{"uv":[4.25,3.25,3,4.25],"texture":"#0"},"south":{"uv":[6,3.25,4.25,4.25],"texture":"#0"},"west":{"uv":[1.25,3.25,0,4.25],"texture":"#0"},"up":{"uv":[1.25,3.25,3,2],"texture":"#0"},"down":{"uv":[3,2,4.75,3.25],"texture":"#0"}}},{"from":[3,-7.38479,4.90715],"to":[8,-4.38479,6.90715],"shade":false,"rotation":{"angle":22.5,"axis":"x","origin":[15,2.61521,3.90715]},"faces":{"north":{"uv":[9.5,5,8.25,5.75],"texture":"#0"},"east":{"uv":[10,5,9.5,5.75],"texture":"#0"},"south":{"uv":[11.25,5,10,5.75],"texture":"#0"},"west":{"uv":[8.25,5,7.75,5.75],"texture":"#0"},"up":{"uv":[8.25,5,9.5,4.5],"texture":"#0"},"down":{"uv":[9.5,4.5,10.75,5],"texture":"#0"}}},{"from":[3,-8.91553,-5.60266],"to":[8,-5.91553,-1.60266],"shade":false,"rotation":{"angle":-22.5,"axis":"x","origin":[15,1.08447,-6.60266]},"faces":{"north":{"uv":[7,1,5.75,1.75],"texture":"#0"},"east":{"uv":[8,1,7,1.75],"texture":"#0"},"south":{"uv":[9.25,1,8,1.75],"texture":"#0"},"west":{"uv":[5.75,1,4.75,1.75],"texture":"#0"},"up":{"uv":[5.75,1,7,0],"texture":"#0"},"down":{"uv":[7,0,8.25,1],"texture":"#0"}}},{"from":[2,-2.2451,-2.84984],"to":[3,-1.2451,0.15016],"shade":false,"rotation":{"angle":22.5,"axis":"x","origin":[13,-3.2451,-9.84984]},"faces":{"north":{"uv":[7.5,10.75,7.25,11],"texture":"#0"},"east":{"uv":[8.25,10.75,7.5,11],"texture":"#0"},"south":{"uv":[8.5,10.75,8.25,11],"texture":"#0"},"west":{"uv":[7.25,10.75,6.5,11],"texture":"#0"},"up":{"uv":[7.25,10.75,7.5,10],"texture":"#0"},"down":{"uv":[7.5,10,7.75,10.75],"texture":"#0"}}},{"from":[2,-8.75071,2.14389],"to":[3,-7.75071,5.14389],"shade":false,"rotation":{"angle":-22.5,"axis":"x","origin":[13,-9.75071,-4.85611]},"faces":{"north":{"uv":[5.5,10.75,5.25,11],"texture":"#0"},"east":{"uv":[6.25,10.75,5.5,11],"texture":"#0"},"south":{"uv":[6.5,10.75,6.25,11],"texture":"#0"},"west":{"uv":[5.25,10.75,4.5,11],"texture":"#0"},"up":{"uv":[5.25,10.75,5.5,10],"texture":"#0"},"down":{"uv":[5.5,10,5.75,10.75],"texture":"#0"}}},{"from":[5,-10.87214,9.5088],"to":[8,-8.87214,11.5088],"shade":false,"rotation":{"angle":45,"axis":"x","origin":[13,2.12786,8.5088]},"faces":{"north":{"uv":[10.75,4,10,4.5],"texture":"#0"},"east":{"uv":[11.25,4,10.75,4.5],"texture":"#0"},"south":{"uv":[12,4,11.25,4.5],"texture":"#0"},"west":{"uv":[10,4,9.5,4.5],"texture":"#0"},"up":{"uv":[10,4,10.75,3.5],"texture":"#0"},"down":{"uv":[10.75,3.5,11.5,4],"texture":"#0"}}},{"from":[5,-13.70057,-9.33723],"to":[8,-11.70057,-5.33723],"shade":false,"rotation":{"angle":-45,"axis":"x","origin":[13,-0.70057,-10.33723]},"faces":{"north":{"uv":[7.75,8.25,7,8.75],"texture":"#0"},"east":{"uv":[8.75,8.25,7.75,8.75],"texture":"#0"},"south":{"uv":[9.5,8.25,8.75,8.75],"texture":"#0"},"west":{"uv":[7,8.25,6,8.75],"texture":"#0"},"up":{"uv":[7,8.25,7.75,7.25],"texture":"#0"},"down":{"uv":[7.75,7.25,8.5,8.25],"texture":"#0"}}},{"from":[-0.99376,-6.96861,2.975],"to":[2.00624,-5.96861,3.975],"shade":false,"rotation":{"angle":-22.5,"axis":"z","origin":[14.00624,-3.96861,-0.025]},"faces":{"north":{"uv":[5.75,2.25,5,2.5],"texture":"#0"},"east":{"uv":[6,2.25,5.75,2.5],"texture":"#0"},"south":{"uv":[6.75,2.25,6,2.5],"texture":"#0"},"west":{"uv":[5,2.25,4.75,2.5],"texture":"#0"},"up":{"uv":[5,2.25,5.75,2],"texture":"#0"},"down":{"uv":[5.75,2,6.5,2.25],"texture":"#0"}}},{"from":[2.09283,-4.08801,-0.95],"to":[6.09283,-2.08801,0.05],"shade":false,"rotation":{"angle":-22.5,"axis":"z","origin":[17.09283,-4.08801,0.05]},"faces":{"north":{"uv":[11.25,3,10.25,3.5],"texture":"#0"},"east":{"uv":[11.5,3,11.25,3.5],"texture":"#0"},"south":{"uv":[12.5,3,11.5,3.5],"texture":"#0"},"west":{"uv":[10.25,3,10,3.5],"texture":"#0"},"up":{"uv":[10.25,3,11.25,2.75],"texture":"#0"},"down":{"uv":[11.25,2.75,12.25,3],"texture":"#0"}}},{"from":[2,-1,-2],"to":[8,2,0],"shade":false,"rotation":{"angle":0,"axis":"y","origin":[15,2,0]},"faces":{"north":{"uv":[7.5,6.5,6,7.25],"texture":"#0"},"east":{"uv":[8,6.5,7.5,7.25],"texture":"#0"},"south":{"uv":[9.5,6.5,8,7.25],"texture":"#0"},"west":{"uv":[6,6.5,5.5,7.25],"texture":"#0"},"up":{"uv":[6,6.5,7.5,6],"texture":"#0"},"down":{"uv":[7.5,6,9,6.5],"texture":"#0"}}},{"from":[-1.18336,-5.94823,0],"to":[0.81664,-0.94823,3],"shade":false,"rotation":{"angle":22.5,"axis":"z","origin":[-0.96154,-0.5132,1]},"faces":{"north":{"uv":[1.25,9.5,0.75,10.75],"texture":"#0"},"east":{"uv":[2,9.5,1.25,10.75],"texture":"#0"},"south":{"uv":[2.5,9.5,2,10.75],"texture":"#0"},"west":{"uv":[0.75,9.5,0,10.75],"texture":"#0"},"up":{"uv":[0.75,9.5,1.25,8.75],"texture":"#0"},"down":{"uv":[1.25,8.75,1.75,9.5],"texture":"#0"}}},{"from":[-1.18336,-5.94823,-0.975],"to":[0.81664,-3.94823,0.025],"shade":false,"rotation":{"angle":22.5,"axis":"z","origin":[-0.96154,-0.5132,0.025]},"faces":{"north":{"uv":[6.5,10.25,6,10.75],"texture":"#0"},"east":{"uv":[6.75,10.25,6.5,10.75],"texture":"#0"},"south":{"uv":[7.25,10.25,6.75,10.75],"texture":"#0"},"west":{"uv":[6,10.25,5.75,10.75],"texture":"#0"},"up":{"uv":[6,10.25,6.5,10],"texture":"#0"},"down":{"uv":[6.5,10,7,10.25],"texture":"#0"}}},{"from":[0.14805,-3.77164,-1],"to":[4.14805,4.22836,0],"shade":false,"rotation":{"angle":0,"axis":"y","origin":[0.36988,1.66339,0]},"faces":{"north":{"uv":[8.75,2,7.75,4],"texture":"#0"},"east":{"uv":[9,2,8.75,4],"texture":"#0"},"south":{"uv":[10,2,9,4],"texture":"#0"},"west":{"uv":[7.75,2,7.5,4],"texture":"#0"},"up":{"uv":[7.75,2,8.75,1.75],"texture":"#0"},"down":{"uv":[8.75,1.75,9.75,2],"texture":"#0"}}},{"from":[0.00123,-1,-0.60885],"to":[1.00123,4,0.39115],"shade":false,"rotation":{"angle":45,"axis":"y","origin":[0.44806,1.43503,0.39115]},"faces":{"north":{"uv":[10.5,11,10.25,12.25],"texture":"#0"},"east":{"uv":[10.75,11,10.5,12.25],"texture":"#0"},"south":{"uv":[11,11,10.75,12.25],"texture":"#0"},"west":{"uv":[10.25,11,10,12.25],"texture":"#0"},"up":{"uv":[10.25,11,10.5,10.75],"texture":"#0"},"down":{"uv":[10.5,10.75,10.75,11],"texture":"#0"}}},{"from":[0.64805,-3.77164,-1.825],"to":[2.64805,2.22836,-0.825],"shade":false,"rotation":{"angle":0,"axis":"y","origin":[0.86988,1.66339,-0.825]},"faces":{"north":{"uv":[0.75,0.25,0.25,1.75],"texture":"#0"},"east":{"uv":[1,0.25,0.75,1.75],"texture":"#0"},"south":{"uv":[1.5,0.25,1,1.75],"texture":"#0"},"west":{"uv":[0.25,0.25,0,1.75],"texture":"#0"},"up":{"uv":[0.25,0.25,0.75,0],"texture":"#0"},"down":{"uv":[0.75,0,1.25,0.25],"texture":"#0"}}},{"from":[-1.58049,-11.46864,-1],"to":[0.41951,-6.46864,2],"shade":false,"rotation":{"angle":45,"axis":"z","origin":[-1.35866,-3.03361,1]},"faces":{"north":{"uv":[4.25,8.5,3.75,9.75],"texture":"#0"},"east":{"uv":[5,8.5,4.25,9.75],"texture":"#0"},"south":{"uv":[5.5,8.5,5,9.75],"texture":"#0"},"west":{"uv":[3.75,8.5,3,9.75],"texture":"#0"},"up":{"uv":[3.75,8.5,4.25,7.75],"texture":"#0"},"down":{"uv":[4.25,7.75,4.75,8.5],"texture":"#0"}}},{"from":[4.9169,-7.04604,-0.8],"to":[7.7169,-5.24604,2],"shade":false,"rotation":{"angle":-22.5,"axis":"z","origin":[-0.61813,-6.92422,1.1]},"faces":{"north":{"uv":[7,9.5,6.25,10],"texture":"#0"},"east":{"uv":[7.75,9.5,7,10],"texture":"#0"},"south":{"uv":[8.5,9.5,7.75,10],"texture":"#0"},"west":{"uv":[6.25,9.5,5.5,10],"texture":"#0"},"up":{"uv":[6.25,9.5,7,8.75],"texture":"#0"},"down":{"uv":[7,8.75,7.75,9.5],"texture":"#0"}}},{"from":[-1,-1,0],"to":[1,4,4],"shade":false,"rotation":{"angle":0,"axis":"y","origin":[15,2,0]},"faces":{"north":{"uv":[1.5,7.5,1,8.75],"texture":"#0"},"east":{"uv":[2.5,7.5,1.5,8.75],"texture":"#0"},"south":{"uv":[3,7.5,2.5,8.75],"texture":"#0"},"west":{"uv":[1,7.5,0,8.75],"texture":"#0"},"up":{"uv":[1,7.5,1.5,6.5],"texture":"#0"},"down":{"uv":[1.5,6.5,2,7.5],"texture":"#0"}}},{"from":[-0.95,3.22628,0.86241],"to":[0.05,8.22628,2.86241],"shade":false,"rotation":{"angle":22.5,"axis":"x","origin":[15.05,0.22628,1.86241]},"faces":{"north":{"uv":[0.75,4.75,0.5,6],"texture":"#0"},"east":{"uv":[1.25,4.75,0.75,6],"texture":"#0"},"south":{"uv":[1.5,4.75,1.25,6],"texture":"#0"},"west":{"uv":[0.5,4.75,0,6],"texture":"#0"},"up":{"uv":[0.5,4.75,0.75,4.25],"texture":"#0"},"down":{"uv":[0.75,4.25,1,4.75],"texture":"#0"}}}],"display":{"thirdperson_righthand":{"rotation":[90,0,0],"translation":[0,-2,2],"scale":[0.25,0.25,0.25]},"thirdperson_lefthand":{"rotation":[90,0,0],"translation":[0,-2,2],"scale":[0.25,0.25,0.25]},"firstperson_righthand":{"rotation":[0,45,0],"translation":[4,5,0],"scale":[0.4,0.4,0.4]},"firstperson_lefthand":{"rotation":[0,45,0],"translation":[4,5,0],"scale":[0.4,0.4,0.4]},"ground":{"translation":[0,5,0],"scale":[0.25,0.25,0.25]},"gui":{"rotation":[30,225,0],"translation":[0,5,0],"scale":[0.625,0.625,0.625]},"head":{"scale":[0.8,0.8,0.8]},"fixed":{"translation":[0,4,16],"scale":[2,2,2]}}}