{"parent":"minecraft:block/carved_pumpkin","texture_size":[32,32],"textures":{"7":"custom:item/hermitcraft/season_9/jellie_ears_headband_texture"},"elements":[{"name":"headband2","from":[4.5,8.85,7.5],"to":[11.5,9.6,9.5],"rotation":{"angle":0,"axis":"y","origin":[0,-8,0]},"faces":{"north":{"uv":[5.5,1.5,9,2],"texture":"#7"},"east":{"uv":[0,8.5,1,9],"texture":"#7"},"south":{"uv":[5.5,2,9,2.5],"texture":"#7"},"west":{"uv":[8.5,0,9.5,0.5],"texture":"#7"},"up":{"uv":[3.5,1,0,0],"texture":"#7"},"down":{"uv":[3.5,1,0,2],"texture":"#7"}}},{"name":"headband","from":[3.6,4.6,7.5],"to":[4.25,9.6,9.5],"rotation":{"angle":0,"axis":"y","origin":[0,-8,0]},"faces":{"north":{"uv":[7,4,7.5,6.5],"texture":"#7"},"east":{"uv":[0,2,1,4.5],"texture":"#7"},"south":{"uv":[6,7,6.5,9.5],"texture":"#7"},"west":{"uv":[1,2,2,4.5],"texture":"#7"},"up":{"uv":[8,9,7.5,8],"texture":"#7"},"down":{"uv":[8.5,8,8,9],"texture":"#7"}}},{"name":"headband3","from":[11.75,4.6,7.5],"to":[12.4,9.6,9.5],"rotation":{"angle":0,"axis":"y","origin":[0,-8,0]},"faces":{"north":{"uv":[6.5,7,7,9.5],"texture":"#7"},"east":{"uv":[2,2,3,4.5],"texture":"#7"},"south":{"uv":[7,6.5,7.5,9],"texture":"#7"},"west":{"uv":[3,2,4,4.5],"texture":"#7"},"up":{"uv":[1.5,9.5,1,8.5],"texture":"#7"},"down":{"uv":[2,8.5,1.5,9.5],"texture":"#7"}}},{"from":[9.8,7.2,7.25],"to":[12.8,10.5,9],"rotation":{"angle":-22.5,"axis":"z","origin":[12.3,9.725,5.3125]},"faces":{"north":{"uv":[3.5,0,5,1.5],"texture":"#7"},"east":{"uv":[5.5,2.5,6.5,4],"texture":"#7"},"south":{"uv":[4,1.5,5.5,3],"texture":"#7"},"west":{"uv":[0,6,1,7.5],"texture":"#7"},"up":{"uv":[2.5,7,1,6],"texture":"#7"},"down":{"uv":[4,6,2.5,7],"texture":"#7"}}},{"from":[9.8,7.2,9],"to":[12.8,10.6,10],"rotation":{"angle":-22.5,"axis":"z","origin":[12.3,9.725,5.3125]},"faces":{"north":{"uv":[4,3,5.5,4.5],"texture":"#7"},"east":{"uv":[7.5,4.5,8,6],"texture":"#7"},"south":{"uv":[0,4.5,1.5,6],"texture":"#7"},"west":{"uv":[5,7.5,5.5,9],"texture":"#7"},"up":{"uv":[9,1.5,7.5,1],"texture":"#7"},"down":{"uv":[9,6,7.5,6.5],"texture":"#7"}}},{"from":[10.8,10.5,7.25],"to":[12.8,11.3,9],"rotation":{"angle":-22.5,"axis":"z","origin":[12.3,9.725,5.3125]},"faces":{"north":{"uv":[8.5,4,9.5,4.5],"texture":"#7"},"east":{"uv":[8.5,4.5,9.5,5],"texture":"#7"},"south":{"uv":[8.5,5,9.5,5.5],"texture":"#7"},"west":{"uv":[8.5,5.5,9.5,6],"texture":"#7"},"up":{"uv":[1,8.5,0,7.5],"texture":"#7"},"down":{"uv":[8.5,0,7.5,1],"texture":"#7"}}},{"from":[12.8,7.2,7.25],"to":[13.8,9.7,9],"rotation":{"angle":-22.5,"axis":"z","origin":[12.3,9.725,5.3125]},"faces":{"north":{"uv":[4,7.5,4.5,9],"texture":"#7"},"east":{"uv":[4,6,5,7.5],"texture":"#7"},"south":{"uv":[4.5,7.5,5,9],"texture":"#7"},"west":{"uv":[6,4,7,5.5],"texture":"#7"},"up":{"uv":[2.5,9.5,2,8.5],"texture":"#7"},"down":{"uv":[3,8.5,2.5,9.5],"texture":"#7"}}},{"from":[12.8,9.7,7.25],"to":[13.3,10.5,9],"rotation":{"angle":-22.5,"axis":"z","origin":[12.3,9.725,5.3125]},"faces":{"north":{"uv":[3.5,1.5,4,2],"texture":"#7"},"east":{"uv":[8.5,0.5,9.5,1],"texture":"#7"},"south":{"uv":[5.5,4,6,4.5],"texture":"#7"},"west":{"uv":[8.5,2.5,9.5,3],"texture":"#7"},"up":{"uv":[3.5,9.5,3,8.5],"texture":"#7"},"down":{"uv":[9,3,8.5,4],"texture":"#7"}}},{"from":[3.2,7.2,7.25],"to":[6.2,10.5,9],"rotation":{"angle":22.5,"axis":"z","origin":[3.7,9.725,5.3125]},"faces":{"north":{"uv":[4.5,4.5,6,6],"texture":"#7"},"east":{"uv":[6.5,0,7.5,1.5],"texture":"#7"},"south":{"uv":[5,0,6.5,1.5],"texture":"#7"},"west":{"uv":[6.5,2.5,7.5,4],"texture":"#7"},"up":{"uv":[2.5,8,1,7],"texture":"#7"},"down":{"uv":[4,7,2.5,8],"texture":"#7"}}},{"from":[2.2,7.2,7.25],"to":[3.2,9.7,9],"rotation":{"angle":22.5,"axis":"z","origin":[3.7,9.725,5.3125]},"faces":{"north":{"uv":[8,4.5,8.5,6],"texture":"#7"},"east":{"uv":[5,6,6,7.5],"texture":"#7"},"south":{"uv":[8,6.5,8.5,8],"texture":"#7"},"west":{"uv":[6,5.5,7,7],"texture":"#7"},"up":{"uv":[9.5,4,9,3],"texture":"#7"},"down":{"uv":[4.5,9,4,10],"texture":"#7"}}},{"from":[2.7,9.7,7.25],"to":[3.2,10.5,9],"rotation":{"angle":22.5,"axis":"z","origin":[3.7,9.725,5.3125]},"faces":{"north":{"uv":[9,2,9.5,2.5],"texture":"#7"},"east":{"uv":[8.5,8.5,9.5,9],"texture":"#7"},"south":{"uv":[4.5,9,5,9.5],"texture":"#7"},"west":{"uv":[0,9,1,9.5],"texture":"#7"},"up":{"uv":[4,9.5,3.5,8.5],"texture":"#7"},"down":{"uv":[9.5,1,9,2],"texture":"#7"}}},{"from":[3.2,10.5,7.25],"to":[5.2,11.3,9],"rotation":{"angle":22.5,"axis":"z","origin":[3.7,9.725,5.3125]},"faces":{"north":{"uv":[8.5,6.5,9.5,7],"texture":"#7"},"east":{"uv":[8.5,7,9.5,7.5],"texture":"#7"},"south":{"uv":[8.5,7.5,9.5,8],"texture":"#7"},"west":{"uv":[8.5,8,9.5,8.5],"texture":"#7"},"up":{"uv":[8.5,3.5,7.5,2.5],"texture":"#7"},"down":{"uv":[8.5,3.5,7.5,4.5],"texture":"#7"}}},{"from":[3.2,7.2,9],"to":[6.2,10.6,10],"rotation":{"angle":22.5,"axis":"z","origin":[3.7,9.725,5.3125]},"faces":{"north":{"uv":[1.5,4.5,3,6],"texture":"#7"},"east":{"uv":[5.5,7.5,6,9],"texture":"#7"},"south":{"uv":[3,4.5,4.5,6],"texture":"#7"},"west":{"uv":[7.5,6.5,8,8],"texture":"#7"},"up":{"uv":[2.5,8.5,1,8],"texture":"#7"},"down":{"uv":[4,8,2.5,8.5],"texture":"#7"}}}],"gui_light":"front","display":{"thirdperson_righthand":{"rotation":[71.46,20.19,-112.56],"translation":[1,-3.25,-3.25],"scale":[0.85,0.85,0.85]},"thirdperson_lefthand":{"rotation":[71.46,20.19,-112.56],"translation":[1,-3.25,-3.25],"scale":[0.85,0.85,0.85]},"firstperson_righthand":{"rotation":[-1,0,0],"translation":[0.75,-0.5,0],"scale":[0.8,0.8,0.8]},"firstperson_lefthand":{"rotation":[-1,0,0],"translation":[0.75,-0.5,0],"scale":[0.8,0.8,0.8]},"ground":{"scale":[0.8,0.8,0.8]},"gui":{"rotation":[19,-149,0],"translation":[0.5,0,0],"scale":[1.3,1.3,1.3]},"head":{"translation":[0,4.5,-1],"scale":[1.6,1.6,1.6]},"fixed":{"translation":[0,0.5,-1.25],"scale":[1.2,1.2,1.2]}}}