{"parent":"minecraft:item/carved_pumpkin","texture_size":[32,32],"textures":{"2":"custom:item/hermitcraft/season_9/jellie_balloon_texture","particle":"custom:item/hermitcraft/season_9/jellie_balloon_texture"},"elements":[{"from":[4,20,4],"to":[12,28,12],"rotation":{"angle":0,"axis":"y","origin":[8,26.28045,6.73097]},"faces":{"north":{"uv":[0,0,4,4],"texture":"#2"},"east":{"uv":[0,4,4,8],"texture":"#2"},"south":{"uv":[4,0,8,4],"texture":"#2"},"west":{"uv":[4,4,8,8],"texture":"#2"},"up":{"uv":[4,12,0,8],"texture":"#2"},"down":{"uv":[12,0,8,4],"texture":"#2"}}},{"from":[6,19.75,2.75],"to":[10,23.5,5.75],"rotation":{"angle":-22.5,"axis":"x","origin":[8,22,3]},"faces":{"north":{"uv":[4,8,6,10],"texture":"#2"},"east":{"uv":[6,9.5,7.5,11.5],"texture":"#2"},"south":{"uv":[8,4,10,6],"texture":"#2"},"west":{"uv":[4,10,5.5,12],"texture":"#2"},"up":{"uv":[12,5.5,10,4],"texture":"#2"},"down":{"uv":[12,5.5,10,7],"texture":"#2"}}},{"from":[8.5,11,7.5],"to":[9.5,16,7.5],"rotation":{"angle":45,"axis":"y","origin":[8,9.75,7.5]},"faces":{"north":{"uv":[11,11.5,11.5,14],"texture":"#2"},"east":{"uv":[0,0,0,2.5],"texture":"#2"},"south":{"uv":[12,3.5,12.5,6],"texture":"#2"},"west":{"uv":[0,0,0,2.5],"texture":"#2"},"up":{"uv":[0.5,0,0,0],"texture":"#2"},"down":{"uv":[0.5,0,0,0],"texture":"#2"}}},{"from":[7.5,7,7.5],"to":[8.5,11,7.5],"rotation":{"angle":45,"axis":"y","origin":[8,9.75,7.5]},"faces":{"north":{"uv":[4,12,4.5,14],"texture":"#2"},"east":{"uv":[0,0,0,2],"texture":"#2"},"south":{"uv":[4.5,12,5,14],"texture":"#2"},"west":{"uv":[0,0,0,2],"texture":"#2"},"up":{"uv":[0.5,0,0,0],"texture":"#2"},"down":{"uv":[0.5,0,0,0],"texture":"#2"}}},{"from":[7.5,16,7.5],"to":[8.5,20,7.5],"rotation":{"angle":45,"axis":"y","origin":[8,9.75,7.5]},"faces":{"north":{"uv":[5,12,5.5,14],"texture":"#2"},"east":{"uv":[0,0,0,2],"texture":"#2"},"south":{"uv":[7.5,12,8,14],"texture":"#2"},"west":{"uv":[0,0,0,2],"texture":"#2"},"up":{"uv":[0.5,0,0,0],"texture":"#2"},"down":{"uv":[0.5,0,0,0],"texture":"#2"}}},{"from":[6.5,4,7.5],"to":[7.5,7,7.5],"rotation":{"angle":45,"axis":"y","origin":[8,9.75,7.5]},"faces":{"north":{"uv":[12.5,4,13,5.5],"texture":"#2"},"east":{"uv":[0,0,0,1.5],"texture":"#2"},"south":{"uv":[5.5,12.5,6,14],"texture":"#2"},"west":{"uv":[0,0,0,1.5],"texture":"#2"},"up":{"uv":[0.5,0,0,0],"texture":"#2"},"down":{"uv":[0.5,0,0,0],"texture":"#2"}}},{"from":[7.5,2,7.5],"to":[8.5,4,7.5],"rotation":{"angle":45,"axis":"y","origin":[8,9.75,7.5]},"faces":{"north":{"uv":[7.5,9.5,8,10.5],"texture":"#2"},"east":{"uv":[0,0,0,1],"texture":"#2"},"south":{"uv":[9,10.5,9.5,11.5],"texture":"#2"},"west":{"uv":[0,0,0,1],"texture":"#2"},"up":{"uv":[0.5,0,0,0],"texture":"#2"},"down":{"uv":[0.5,0,0,0],"texture":"#2"}}},{"from":[8.5,-1,7.5],"to":[9.5,2,7.5],"rotation":{"angle":45,"axis":"y","origin":[8,9.75,7.5]},"faces":{"north":{"uv":[6,12.5,6.5,14],"texture":"#2"},"east":{"uv":[0,0,0,1.5],"texture":"#2"},"south":{"uv":[6.5,12.5,7,14],"texture":"#2"},"west":{"uv":[0,0,0,1.5],"texture":"#2"},"up":{"uv":[0.5,0,0,0],"texture":"#2"},"down":{"uv":[0.5,0,0,0],"texture":"#2"}}},{"from":[4.59542,27.22477,9],"to":[7.59542,30.22477,10],"rotation":{"angle":22.5,"axis":"z","origin":[8,25.78045,6.73097]},"faces":{"north":{"uv":[10,10,11.5,11.5],"texture":"#2"},"east":{"uv":[8.5,12,9,13.5],"texture":"#2"},"south":{"uv":[7.5,10.5,9,12],"texture":"#2"},"west":{"uv":[11.5,12,12,13.5],"texture":"#2"},"up":{"uv":[13.5,12.5,12,12],"texture":"#2"},"down":{"uv":[14,3.5,12.5,4],"texture":"#2"}}},{"from":[8.40458,27.22477,9],"to":[11.40458,30.22477,10],"rotation":{"angle":-22.5,"axis":"z","origin":[8,25.78045,6.73097]},"faces":{"north":{"uv":[10,7,11.5,8.5],"texture":"#2"},"east":{"uv":[5.5,10,6,11.5],"texture":"#2"},"south":{"uv":[10,8.5,11.5,10],"texture":"#2"},"west":{"uv":[8,12,8.5,13.5],"texture":"#2"},"up":{"uv":[13.5,6.5,12,6],"texture":"#2"},"down":{"uv":[13.5,6.5,12,7],"texture":"#2"}}},{"from":[3.59542,27.22477,7],"to":[7.59542,30.22477,9],"rotation":{"angle":22.5,"axis":"z","origin":[8,25.78045,6.73097]},"faces":{"north":{"uv":[8,7.5,10,9],"texture":"#2"},"east":{"uv":[0,12,1,13.5],"texture":"#2"},"south":{"uv":[8,9,10,10.5],"texture":"#2"},"west":{"uv":[12,0,13,1.5],"texture":"#2"},"up":{"uv":[13.5,9,11.5,8],"texture":"#2"},"down":{"uv":[11,11.5,9,12.5],"texture":"#2"}}},{"from":[8.40458,27.22477,7],"to":[12.40458,30.22477,9],"rotation":{"angle":-22.5,"axis":"z","origin":[8,25.78045,6.73097]},"faces":{"north":{"uv":[6,8,8,9.5],"texture":"#2"},"east":{"uv":[11.5,9,12.5,10.5],"texture":"#2"},"south":{"uv":[8,6,10,7.5],"texture":"#2"},"west":{"uv":[11.5,10.5,12.5,12],"texture":"#2"},"up":{"uv":[7.5,12.5,5.5,11.5],"texture":"#2"},"down":{"uv":[13.5,7,11.5,8],"texture":"#2"}}},{"from":[8.40458,30.22477,7],"to":[11.40458,31.22477,9],"rotation":{"angle":-22.5,"axis":"z","origin":[8,25.78045,6.73097]},"faces":{"north":{"uv":[12.5,5.5,14,6],"texture":"#2"},"east":{"uv":[12.5,10,13.5,10.5],"texture":"#2"},"south":{"uv":[9,12.5,10.5,13],"texture":"#2"},"west":{"uv":[12.5,10.5,13.5,11],"texture":"#2"},"up":{"uv":[2.5,13,1,12],"texture":"#2"},"down":{"uv":[13.5,1.5,12,2.5],"texture":"#2"}}},{"from":[4.59542,30.22477,7],"to":[7.59542,31.22477,9],"rotation":{"angle":22.5,"axis":"z","origin":[8,25.78045,6.73097]},"faces":{"north":{"uv":[12.5,9,14,9.5],"texture":"#2"},"east":{"uv":[12.5,11,13.5,11.5],"texture":"#2"},"south":{"uv":[12.5,9.5,14,10],"texture":"#2"},"west":{"uv":[12.5,11.5,13.5,12],"texture":"#2"},"up":{"uv":[4,13,2.5,12],"texture":"#2"},"down":{"uv":[13.5,2.5,12,3.5],"texture":"#2"}}}],"gui_light":"front","display":{"thirdperson_righthand":{"rotation":[71.62,-5.71,-4.59],"translation":[1,1.75,9],"scale":[0.85,0.85,0.85]},"thirdperson_lefthand":{"rotation":[71.62,-5.71,-4.59],"translation":[1,1.75,9],"scale":[0.85,0.85,0.85]},"firstperson_righthand":{"rotation":[0.17,13.88,-2.08],"translation":[3.13,5.7,1.13],"scale":[0.68,0.68,0.68]},"firstperson_lefthand":{"rotation":[179.64,69.86,178.25],"translation":[3.13,5.7,1.13],"scale":[0.68,0.68,0.68]},"ground":{"translation":[0,4,0]},"gui":{"rotation":[0,148,0],"translation":[1.75,-3.75,0],"scale":[0.6,0.6,0.6]},"head":{"translation":[-1.25,20.25,2.75],"scale":[1.6,1.6,1.6]},"fixed":{"rotation":[-90,0,0],"translation":[-1.5,0,-15.75],"scale":[2,2,2]}}}