{"parent":"minecraft:block/carved_pumpkin","texture_size":[32,32],"textures":{"2":"custom:item/hermitcraft/season_9/jellie_hat_texture"},"elements":[{"from":[3.4,7.35,4.45],"to":[12.6,9.6,13.65],"rotation":{"angle":0,"axis":"y","origin":[3.5,7.6,4.55]},"faces":{"north":{"uv":[4.5,0,9,1],"texture":"#2"},"east":{"uv":[4.5,1,9,2],"texture":"#2"},"south":{"uv":[4.5,2,9,3],"texture":"#2"},"west":{"uv":[4.5,3,9,4],"texture":"#2"},"up":{"uv":[4.5,4.5,0,0],"texture":"#2"},"down":{"uv":[4.5,4.5,0,9],"texture":"#2"}}},{"from":[9.8,8.2,7.25],"to":[12.8,11.5,9],"rotation":{"angle":-22.5,"axis":"z","origin":[12.3,10.725,5.3125]},"faces":{"north":{"uv":[4.5,4,6,5.5],"texture":"#2"},"east":{"uv":[7.5,7,8.5,8.5],"texture":"#2"},"south":{"uv":[4.5,5.5,6,7],"texture":"#2"},"west":{"uv":[4.5,8.5,5.5,10],"texture":"#2"},"up":{"uv":[7,9.5,5.5,8.5],"texture":"#2"},"down":{"uv":[8.5,8.5,7,9.5],"texture":"#2"}}},{"from":[9.8,8.2,9],"to":[12.8,11.6,10],"rotation":{"angle":-22.5,"axis":"z","origin":[12.3,10.725,5.3125]},"faces":{"north":{"uv":[6,4,7.5,5.5],"texture":"#2"},"east":{"uv":[6.5,9.5,7,11],"texture":"#2"},"south":{"uv":[6,5.5,7.5,7],"texture":"#2"},"west":{"uv":[7,9.5,7.5,11],"texture":"#2"},"up":{"uv":[11,7.5,9.5,7],"texture":"#2"},"down":{"uv":[11,7.5,9.5,8],"texture":"#2"}}},{"from":[10.8,11.5,7.25],"to":[12.8,12.3,9],"rotation":{"angle":-22.5,"axis":"z","origin":[12.3,10.725,5.3125]},"faces":{"north":{"uv":[10,4,11,4.5],"texture":"#2"},"east":{"uv":[4.5,10,5.5,10.5],"texture":"#2"},"south":{"uv":[10,4.5,11,5],"texture":"#2"},"west":{"uv":[10,5,11,5.5],"texture":"#2"},"up":{"uv":[4.5,10,3.5,9],"texture":"#2"},"down":{"uv":[10,4,9,5],"texture":"#2"}}},{"from":[12.8,8.2,7.25],"to":[13.8,10.7,9],"rotation":{"angle":-22.5,"axis":"z","origin":[12.3,10.725,5.3125]},"faces":{"north":{"uv":[5.5,9.5,6,11],"texture":"#2"},"east":{"uv":[8.5,7,9.5,8.5],"texture":"#2"},"south":{"uv":[6,9.5,6.5,11],"texture":"#2"},"west":{"uv":[8.5,8.5,9.5,10],"texture":"#2"},"up":{"uv":[10.5,2.5,10,1.5],"texture":"#2"},"down":{"uv":[2.5,10,2,11],"texture":"#2"}}},{"from":[12.8,10.7,7.25],"to":[13.3,11.5,9],"rotation":{"angle":-22.5,"axis":"z","origin":[12.3,10.725,5.3125]},"faces":{"north":{"uv":[1,10.5,1.5,11],"texture":"#2"},"east":{"uv":[2.5,10,3.5,10.5],"texture":"#2"},"south":{"uv":[10.5,1,11,1.5],"texture":"#2"},"west":{"uv":[10,2.5,11,3],"texture":"#2"},"up":{"uv":[4,11,3.5,10],"texture":"#2"},"down":{"uv":[4.5,10,4,11],"texture":"#2"}}},{"from":[3.2,8.2,7.25],"to":[6.2,11.5,9],"rotation":{"angle":22.5,"axis":"z","origin":[3.7,10.725,5.3125]},"faces":{"north":{"uv":[7.5,4,9,5.5],"texture":"#2"},"east":{"uv":[1,9,2,10.5],"texture":"#2"},"south":{"uv":[7.5,5.5,9,7],"texture":"#2"},"west":{"uv":[9,1.5,10,3],"texture":"#2"},"up":{"uv":[3.5,10,2,9],"texture":"#2"},"down":{"uv":[10.5,3,9,4],"texture":"#2"}}},{"from":[2.2,8.2,7.25],"to":[3.2,10.7,9],"rotation":{"angle":22.5,"axis":"z","origin":[3.7,10.725,5.3125]},"faces":{"north":{"uv":[9.5,9,10,10.5],"texture":"#2"},"east":{"uv":[0,9,1,10.5],"texture":"#2"},"south":{"uv":[10,0,10.5,1.5],"texture":"#2"},"west":{"uv":[9,0,10,1.5],"texture":"#2"},"up":{"uv":[11,1,10.5,0],"texture":"#2"},"down":{"uv":[1,10.5,0.5,11.5],"texture":"#2"}}},{"from":[2.7,10.7,7.25],"to":[3.2,11.5,9],"rotation":{"angle":22.5,"axis":"z","origin":[3.7,10.725,5.3125]},"faces":{"north":{"uv":[1.5,10.5,2,11],"texture":"#2"},"east":{"uv":[10,9,11,9.5],"texture":"#2"},"south":{"uv":[10.5,1.5,11,2],"texture":"#2"},"west":{"uv":[10,9.5,11,10],"texture":"#2"},"up":{"uv":[10.5,11,10,10],"texture":"#2"},"down":{"uv":[0.5,10.5,0,11.5],"texture":"#2"}}},{"from":[3.2,11.5,7.25],"to":[5.2,12.3,9],"rotation":{"angle":22.5,"axis":"z","origin":[3.7,10.725,5.3125]},"faces":{"north":{"uv":[10,5.5,11,6],"texture":"#2"},"east":{"uv":[10,6,11,6.5],"texture":"#2"},"south":{"uv":[10,6.5,11,7],"texture":"#2"},"west":{"uv":[8.5,10,9.5,10.5],"texture":"#2"},"up":{"uv":[10,6,9,5],"texture":"#2"},"down":{"uv":[10,6,9,7],"texture":"#2"}}},{"from":[3.2,8.2,9],"to":[6.2,11.6,10],"rotation":{"angle":22.5,"axis":"z","origin":[3.7,10.725,5.3125]},"faces":{"north":{"uv":[4.5,7,6,8.5],"texture":"#2"},"east":{"uv":[7.5,9.5,8,11],"texture":"#2"},"south":{"uv":[6,7,7.5,8.5],"texture":"#2"},"west":{"uv":[8,9.5,8.5,11],"texture":"#2"},"up":{"uv":[11,8.5,9.5,8],"texture":"#2"},"down":{"uv":[11,8.5,9.5,9],"texture":"#2"}}}],"gui_light":"front","display":{"thirdperson_righthand":{"rotation":[71.46,20.19,-112.56],"translation":[1,-3.25,-3.25],"scale":[0.85,0.85,0.85]},"thirdperson_lefthand":{"rotation":[71.46,20.19,-112.56],"translation":[1,-3.25,-3.25],"scale":[0.85,0.85,0.85]},"firstperson_righthand":{"rotation":[-1,0,0],"translation":[0.75,-0.5,0],"scale":[0.8,0.8,0.8]},"firstperson_lefthand":{"rotation":[-1,0,0],"translation":[0.75,-0.5,0],"scale":[0.8,0.8,0.8]},"ground":{"scale":[0.8,0.8,0.8]},"gui":{"rotation":[19,-149,0],"translation":[0.5,0,0],"scale":[1.3,1.3,1.3]},"head":{"translation":[0,4.75,-1.75],"scale":[1.6,1.6,1.6]},"fixed":{"translation":[0,0.5,-1.25],"scale":[1.2,1.2,1.2]}}}