{"parent":"minecraft:item/carved_pumpkin","texture_size":[64,64],"textures":{"2":"custom:item/hermitcraft/season_9/jellie_balloon_duo_texture","particle":"custom:item/hermitcraft/season_9/jellie_balloon_duo_texture"},"elements":[{"from":[4,20,4],"to":[12,28,12],"rotation":{"angle":0,"axis":"y","origin":[8,26.28045,6.73097]},"faces":{"north":{"uv":[0,0,2,2],"texture":"#2"},"east":{"uv":[0,2,2,4],"texture":"#2"},"south":{"uv":[2,0,4,2],"texture":"#2"},"west":{"uv":[2,2,4,4],"texture":"#2"},"up":{"uv":[2,6,0,4],"texture":"#2"},"down":{"uv":[6,0,4,2],"texture":"#2"}}},{"from":[6,19.75,2.75],"to":[10,23.5,5.75],"rotation":{"angle":-22.5,"axis":"x","origin":[8,22,3]},"faces":{"north":{"uv":[2,5.75,3,6.75],"texture":"#2"},"east":{"uv":[1,6,1.75,7],"texture":"#2"},"south":{"uv":[3,5.75,4,6.75],"texture":"#2"},"west":{"uv":[6.5,3.5,7.25,4.5],"texture":"#2"},"up":{"uv":[5,7.25,4,6.5],"texture":"#2"},"down":{"uv":[7.5,4.5,6.5,5.25],"texture":"#2"}}},{"from":[8.5,11,7.5],"to":[9.5,16,7.5],"rotation":{"angle":45,"axis":"y","origin":[8,9.75,7.5]},"faces":{"north":{"uv":[5,7,5.25,8.25],"texture":"#2"},"east":{"uv":[0,0,0,1.25],"texture":"#2"},"south":{"uv":[5.25,7,5.5,8.25],"texture":"#2"},"west":{"uv":[0,0,0,1.25],"texture":"#2"},"up":{"uv":[0.25,0,0,0],"texture":"#2"},"down":{"uv":[0.25,0,0,0],"texture":"#2"}}},{"from":[7.5,7,7.5],"to":[8.5,11,7.5],"rotation":{"angle":45,"axis":"y","origin":[8,9.75,7.5]},"faces":{"north":{"uv":[5.5,7,5.75,8],"texture":"#2"},"east":{"uv":[0,0,0,1],"texture":"#2"},"south":{"uv":[5.75,7,6,8],"texture":"#2"},"west":{"uv":[0,0,0,1],"texture":"#2"},"up":{"uv":[0.25,0,0,0],"texture":"#2"},"down":{"uv":[0.25,0,0,0],"texture":"#2"}}},{"from":[7.5,16,7.5],"to":[8.5,20,7.5],"rotation":{"angle":45,"axis":"y","origin":[8,9.75,7.5]},"faces":{"north":{"uv":[6,7,6.25,8],"texture":"#2"},"east":{"uv":[0,0,0,1],"texture":"#2"},"south":{"uv":[6.25,7,6.5,8],"texture":"#2"},"west":{"uv":[0,0,0,1],"texture":"#2"},"up":{"uv":[0.25,0,0,0],"texture":"#2"},"down":{"uv":[0.25,0,0,0],"texture":"#2"}}},{"from":[12,18,4],"to":[18,25,10],"rotation":{"angle":-22.5,"axis":"z","origin":[-2,16,8]},"faces":{"north":{"uv":[2,4,3.5,5.75],"texture":"#2"},"east":{"uv":[4,2,5.5,3.75],"texture":"#2"},"south":{"uv":[3.5,4,5,5.75],"texture":"#2"},"west":{"uv":[5,3.75,6.5,5.5],"texture":"#2"},"up":{"uv":[7,3.5,5.5,2],"texture":"#2"},"down":{"uv":[6.5,5.5,5,7],"texture":"#2"}}},{"from":[14.86396,8,6.86396],"to":[15.86396,12,6.86396],"rotation":{"angle":-22.5,"axis":"z","origin":[14.36396,13,13.86396]},"faces":{"north":{"uv":[2.5,7.25,2.75,8.25],"texture":"#2"},"east":{"uv":[0,0,0,1],"texture":"#2"},"south":{"uv":[2.75,7.25,3,8.25],"texture":"#2"},"west":{"uv":[0,0,0,1],"texture":"#2"},"up":{"uv":[0.25,0,0,0],"texture":"#2"},"down":{"uv":[0.25,0,0,0],"texture":"#2"}}},{"from":[15.86396,5,6.86396],"to":[16.86396,8,6.86396],"rotation":{"angle":-22.5,"axis":"z","origin":[14.36396,13,13.86396]},"faces":{"north":{"uv":[1.75,7.5,2,8.25],"texture":"#2"},"east":{"uv":[0,0,0,0.75],"texture":"#2"},"south":{"uv":[2,7.5,2.25,8.25],"texture":"#2"},"west":{"uv":[0,0,0,0.75],"texture":"#2"},"up":{"uv":[0.25,0,0,0],"texture":"#2"},"down":{"uv":[0.25,0,0,0],"texture":"#2"}}},{"from":[14.86396,2,6.86396],"to":[15.86396,5,6.86396],"rotation":{"angle":-22.5,"axis":"z","origin":[14.36396,13,13.86396]},"faces":{"north":{"uv":[2.25,7.5,2.5,8.25],"texture":"#2"},"east":{"uv":[0,0,0,0.75],"texture":"#2"},"south":{"uv":[7.5,3.25,7.75,4],"texture":"#2"},"west":{"uv":[0,0,0,0.75],"texture":"#2"},"up":{"uv":[0.25,0,0,0],"texture":"#2"},"down":{"uv":[0.25,0,0,0],"texture":"#2"}}},{"from":[13.86396,-2,6.86396],"to":[14.86396,2,6.86396],"rotation":{"angle":-22.5,"axis":"z","origin":[14.36396,13,13.86396]},"faces":{"north":{"uv":[3,7.25,3.25,8.25],"texture":"#2"},"east":{"uv":[0,0,0,1],"texture":"#2"},"south":{"uv":[3.25,7.25,3.5,8.25],"texture":"#2"},"west":{"uv":[0,0,0,1],"texture":"#2"},"up":{"uv":[0.25,0,0,0],"texture":"#2"},"down":{"uv":[0.25,0,0,0],"texture":"#2"}}},{"from":[6.5,4,7.5],"to":[7.5,7,7.5],"rotation":{"angle":45,"axis":"y","origin":[8,9.75,7.5]},"faces":{"north":{"uv":[4.5,7.25,4.75,8],"texture":"#2"},"east":{"uv":[0,0,0,0.75],"texture":"#2"},"south":{"uv":[4.75,7.25,5,8],"texture":"#2"},"west":{"uv":[0,0,0,0.75],"texture":"#2"},"up":{"uv":[0.25,0,0,0],"texture":"#2"},"down":{"uv":[0.25,0,0,0],"texture":"#2"}}},{"from":[7.5,2,7.5],"to":[8.5,4,7.5],"rotation":{"angle":45,"axis":"y","origin":[8,9.75,7.5]},"faces":{"north":{"uv":[7.5,0.75,7.75,1.25],"texture":"#2"},"east":{"uv":[0,0,0,0.5],"texture":"#2"},"south":{"uv":[3.5,7.5,3.75,8],"texture":"#2"},"west":{"uv":[0,0,0,0.5],"texture":"#2"},"up":{"uv":[0.25,0,0,0],"texture":"#2"},"down":{"uv":[0.25,0,0,0],"texture":"#2"}}},{"from":[8.5,-1,7.5],"to":[9.5,2,7.5],"rotation":{"angle":45,"axis":"y","origin":[8,9.75,7.5]},"faces":{"north":{"uv":[7.25,5.25,7.5,6],"texture":"#2"},"east":{"uv":[0,0,0,0.75],"texture":"#2"},"south":{"uv":[7.25,6,7.5,6.75],"texture":"#2"},"west":{"uv":[0,0,0,0.75],"texture":"#2"},"up":{"uv":[0.25,0,0,0],"texture":"#2"},"down":{"uv":[0.25,0,0,0],"texture":"#2"}}},{"from":[4.59542,27.22477,9],"to":[7.59542,30.22477,10],"rotation":{"angle":22.5,"axis":"z","origin":[8,25.78045,6.73097]},"faces":{"north":{"uv":[0,6.75,0.75,7.5],"texture":"#2"},"east":{"uv":[4,7.25,4.25,8],"texture":"#2"},"south":{"uv":[1.75,6.75,2.5,7.5],"texture":"#2"},"west":{"uv":[4.25,7.25,4.5,8],"texture":"#2"},"up":{"uv":[8,4.25,7.25,4],"texture":"#2"},"down":{"uv":[8,4.25,7.25,4.5],"texture":"#2"}}},{"from":[8.40458,27.22477,9],"to":[11.40458,30.22477,10],"rotation":{"angle":-22.5,"axis":"z","origin":[8,25.78045,6.73097]},"faces":{"north":{"uv":[6.5,5.25,7.25,6],"texture":"#2"},"east":{"uv":[1.75,6,2,6.75],"texture":"#2"},"south":{"uv":[6.5,6,7.25,6.75],"texture":"#2"},"west":{"uv":[7.25,3.25,7.5,4],"texture":"#2"},"up":{"uv":[4.75,4,4,3.75],"texture":"#2"},"down":{"uv":[6.25,3.5,5.5,3.75],"texture":"#2"}}},{"from":[3.59542,27.22477,7],"to":[7.59542,30.22477,9],"rotation":{"angle":22.5,"axis":"z","origin":[8,25.78045,6.73097]},"faces":{"north":{"uv":[6,0,7,0.75],"texture":"#2"},"east":{"uv":[0.75,7,1.25,7.75],"texture":"#2"},"south":{"uv":[6,0.75,7,1.5],"texture":"#2"},"west":{"uv":[1.25,7,1.75,7.75],"texture":"#2"},"up":{"uv":[7.5,7.25,6.5,6.75],"texture":"#2"},"down":{"uv":[8,0,7,0.5],"texture":"#2"}}},{"from":[8.40458,27.22477,7],"to":[12.40458,30.22477,9],"rotation":{"angle":-22.5,"axis":"z","origin":[8,25.78045,6.73097]},"faces":{"north":{"uv":[4,5.75,5,6.5],"texture":"#2"},"east":{"uv":[3.5,6.75,4,7.5],"texture":"#2"},"south":{"uv":[0,6,1,6.75],"texture":"#2"},"west":{"uv":[7,0.5,7.5,1.25],"texture":"#2"},"up":{"uv":[7,2,6,1.5],"texture":"#2"},"down":{"uv":[3.5,6.75,2.5,7.25],"texture":"#2"}}},{"from":[8.40458,30.22477,7],"to":[11.40458,31.22477,9],"rotation":{"angle":-22.5,"axis":"z","origin":[8,25.78045,6.73097]},"faces":{"north":{"uv":[6.5,7.25,7.25,7.5],"texture":"#2"},"east":{"uv":[7.5,4.5,8,4.75],"texture":"#2"},"south":{"uv":[7.25,7.25,8,7.5],"texture":"#2"},"west":{"uv":[7.5,4.75,8,5],"texture":"#2"},"up":{"uv":[7.75,1.75,7,1.25],"texture":"#2"},"down":{"uv":[7.75,1.75,7,2.25],"texture":"#2"}}},{"from":[4.59542,30.22477,7],"to":[7.59542,31.22477,9],"rotation":{"angle":22.5,"axis":"z","origin":[8,25.78045,6.73097]},"faces":{"north":{"uv":[0,7.5,0.75,7.75],"texture":"#2"},"east":{"uv":[7.5,5,8,5.25],"texture":"#2"},"south":{"uv":[7.5,0.5,8.25,0.75],"texture":"#2"},"west":{"uv":[7.5,5.25,8,5.5],"texture":"#2"},"up":{"uv":[7.75,2.75,7,2.25],"texture":"#2"},"down":{"uv":[7.75,2.75,7,3.25],"texture":"#2"}}}],"gui_light":"front","display":{"thirdperson_righthand":{"rotation":[71.62,-5.71,-4.59],"translation":[1,1.75,9],"scale":[0.85,0.85,0.85]},"thirdperson_lefthand":{"rotation":[-105.01,-18.53,-174.47],"translation":[0.75,3,9],"scale":[0.85,0.85,0.85]},"firstperson_righthand":{"rotation":[0.17,13.88,-2.08],"translation":[3.13,5.7,1.13],"scale":[0.68,0.68,0.68]},"firstperson_lefthand":{"rotation":[-98.32,-85.41,-107.35],"translation":[2.88,5.7,1.13],"scale":[0.68,0.68,0.68]},"ground":{"translation":[0,4,0]},"gui":{"rotation":[0,148,0],"translation":[1.75,-3.75,0],"scale":[0.6,0.6,0.6]},"head":{"translation":[-1.25,20.25,2.75],"scale":[1.6,1.6,1.6]},"fixed":{"rotation":[-90,0,0],"translation":[-1.5,0,-15.75],"scale":[2,2,2]}}}