{
	"credit": "Made with Blockbench",
	"texture_size": [64, 64],
	"parent": "minecraft:item/carved_pumpkin",
	"textures": {
		"0": "custom:item/hermitcraft/season_9/mumbo_crown_red",
		"particle": "custom:item/hermitcraft/season_9/mumbo_crown_red"
	},
	"elements": [
		{
			"from": [4, 0, 0.1],
			"to": [12, 3, 2.1],
			"rotation": {"angle": 0, "axis": "y", "origin": [4, 0, 0.1]},
			"faces": {
				"north": {"uv": [1.5, 2.5, 3.5, 3.25], "texture": "#0"},
				"east": {"uv": [4, 7.25, 4.5, 8], "texture": "#0"},
				"south": {"uv": [2.75, 0, 4.75, 0.75], "texture": "#0"},
				"west": {"uv": [7.5, 8.5, 8, 9.25], "texture": "#0"},
				"up": {"uv": [7.75, 3.5, 5.75, 3], "texture": "#0"},
				"down": {"uv": [8, 5.5, 6, 6], "texture": "#0"}
			}
		},
		{
			"from": [10.11132, -0.01, 2.62553],
			"to": [15.63132, 3.01, 4.64553],
			"rotation": {"angle": -45, "axis": "y", "origin": [14.12132, 1, 3.63553]},
			"faces": {
				"north": {"uv": [3.5, 4.75, 5, 5.5], "texture": "#0"},
				"east": {"uv": [8.5, 7.5, 9, 8.25], "texture": "#0"},
				"south": {"uv": [5, 4.75, 6.5, 5.5], "texture": "#0"},
				"west": {"uv": [8.5, 8.25, 9, 9], "texture": "#0"},
				"up": {"uv": [4.25, 7.25, 2.75, 6.75], "texture": "#0"},
				"down": {"uv": [8.5, 0, 7, 0.5], "texture": "#0"}
			}
		},
		{
			"from": [0.36868, -0.01, 2.62553],
			"to": [5.88868, 3.01, 4.64553],
			"rotation": {"angle": 45, "axis": "y", "origin": [1.87868, 1, 3.63553]},
			"faces": {
				"north": {"uv": [0, 5.5, 1.5, 6.25], "texture": "#0"},
				"east": {"uv": [1, 8.75, 1.5, 9.5], "texture": "#0"},
				"south": {"uv": [1.5, 5.5, 3, 6.25], "texture": "#0"},
				"west": {"uv": [1.5, 8.75, 2, 9.5], "texture": "#0"},
				"up": {"uv": [8.5, 1, 7, 0.5], "texture": "#0"},
				"down": {"uv": [8.5, 1, 7, 1.5], "texture": "#0"}
			}
		},
		{
			"from": [0.11091, 0, 3.98909],
			"to": [2.11091, 3, 11.98909],
			"rotation": {"angle": 0, "axis": "y", "origin": [8.11091, 0, 3.98909]},
			"faces": {
				"north": {"uv": [2, 8.75, 2.5, 9.5], "texture": "#0"},
				"east": {"uv": [2.75, 0.75, 4.75, 1.5], "texture": "#0"},
				"south": {"uv": [2.5, 8.75, 3, 9.5], "texture": "#0"},
				"west": {"uv": [2.75, 1.5, 4.75, 2.25], "texture": "#0"},
				"up": {"uv": [6.5, 8, 6, 6], "texture": "#0"},
				"down": {"uv": [0.5, 6.25, 0, 8.25], "texture": "#0"}
			}
		},
		{
			"from": [0.36868, -0.01, 11.33264],
			"to": [5.88868, 3.01, 13.35264],
			"rotation": {"angle": -45, "axis": "y", "origin": [1.87868, 1, 12.34264]},
			"faces": {
				"north": {"uv": [5.5, 2.25, 7, 3], "texture": "#0"},
				"east": {"uv": [8.75, 2.5, 9.25, 3.25], "texture": "#0"},
				"south": {"uv": [3, 5.5, 4.5, 6.25], "texture": "#0"},
				"west": {"uv": [4, 8.75, 4.5, 9.5], "texture": "#0"},
				"up": {"uv": [8.5, 2.75, 7, 2.25], "texture": "#0"},
				"down": {"uv": [8.5, 3.5, 7, 4], "texture": "#0"}
			}
		},
		{
			"from": [4, 0, 13.87817],
			"to": [12, 3, 15.87817],
			"rotation": {"angle": 0, "axis": "y", "origin": [4, 0, 15.87817]},
			"faces": {
				"north": {"uv": [0, 3.25, 2, 4], "texture": "#0"},
				"east": {"uv": [4.5, 8.75, 5, 9.5], "texture": "#0"},
				"south": {"uv": [2, 3.25, 4, 4], "texture": "#0"},
				"west": {"uv": [5, 8.75, 5.5, 9.5], "texture": "#0"},
				"up": {"uv": [2.5, 6.75, 0.5, 6.25], "texture": "#0"},
				"down": {"uv": [4.5, 6.25, 2.5, 6.75], "texture": "#0"}
			}
		},
		{
			"from": [10.11132, -0.01, 11.33264],
			"to": [15.63132, 3.01, 13.35264],
			"rotation": {"angle": 45, "axis": "y", "origin": [14.12132, 1, 12.34264]},
			"faces": {
				"north": {"uv": [5.5, 3.75, 7, 4.5], "texture": "#0"},
				"east": {"uv": [8, 8.75, 8.5, 9.5], "texture": "#0"},
				"south": {"uv": [4.5, 5.5, 6, 6.25], "texture": "#0"},
				"west": {"uv": [9, 3.25, 9.5, 4], "texture": "#0"},
				"up": {"uv": [8.5, 4.5, 7, 4], "texture": "#0"},
				"down": {"uv": [8.5, 6, 7, 6.5], "texture": "#0"}
			}
		},
		{
			"from": [13.88909, 0, 3.98909],
			"to": [15.88909, 3, 11.98909],
			"rotation": {"angle": 0, "axis": "y", "origin": [7.88909, 0, 3.98909]},
			"faces": {
				"north": {"uv": [9, 7.5, 9.5, 8.25], "texture": "#0"},
				"east": {"uv": [3.5, 2.25, 5.5, 3], "texture": "#0"},
				"south": {"uv": [9, 8.25, 9.5, 9], "texture": "#0"},
				"west": {"uv": [0, 4, 2, 4.75], "texture": "#0"},
				"up": {"uv": [5, 8.25, 4.5, 6.25], "texture": "#0"},
				"down": {"uv": [5.5, 6.25, 5, 8.25], "texture": "#0"}
			}
		},
		{
			"name": "crown_top2",
			"from": [6.9, 10.57019, -3.62478],
			"to": [9.1, 11.57019, -2.62478],
			"rotation": {"angle": 45, "axis": "x", "origin": [8, 5.07019, -3.12478]},
			"faces": {
				"north": {"uv": [3.5, 3, 4, 3.25], "texture": "#0"},
				"east": {"uv": [6.25, 4.5, 6.5, 4.75], "texture": "#0"},
				"south": {"uv": [6.5, 7.75, 7, 8], "texture": "#0"},
				"west": {"uv": [4.25, 8, 4.5, 8.25], "texture": "#0"},
				"up": {"uv": [5.25, 11, 4.75, 10.75], "texture": "#0"},
				"down": {"uv": [5.75, 10.75, 5.25, 11], "texture": "#0"}
			}
		},
		{
			"name": "crown_top2",
			"from": [6.89, 8.53016, -1.74207],
			"to": [9.11, 9.55016, -0.72207],
			"rotation": {"angle": 22.5, "axis": "x", "origin": [8, 4.04016, -1.23207]},
			"faces": {
				"north": {"uv": [10.75, 5.25, 11.25, 5.5], "texture": "#0"},
				"east": {"uv": [8.25, 2, 8.5, 2.25], "texture": "#0"},
				"south": {"uv": [10.75, 5.5, 11.25, 5.75], "texture": "#0"},
				"west": {"uv": [8.5, 2.5, 8.75, 2.75], "texture": "#0"},
				"up": {"uv": [6.25, 11, 5.75, 10.75], "texture": "#0"},
				"down": {"uv": [11.25, 5.75, 10.75, 6], "texture": "#0"}
			}
		},
		{
			"name": "crown_top2",
			"from": [6.9, 5.38896, 0.02807],
			"to": [9.1, 8.38896, 1.02807],
			"rotation": {"angle": 0, "axis": "y", "origin": [8, 3.88896, 0.52807]},
			"faces": {
				"north": {"uv": [9.25, 6.25, 9.75, 7], "texture": "#0"},
				"east": {"uv": [0.25, 10.75, 0.5, 11.5], "texture": "#0"},
				"south": {"uv": [7.5, 9.25, 8, 10], "texture": "#0"},
				"west": {"uv": [1, 10.75, 1.25, 11.5], "texture": "#0"},
				"up": {"uv": [11.25, 6.25, 10.75, 6], "texture": "#0"},
				"down": {"uv": [6.75, 10.75, 6.25, 11], "texture": "#0"}
			}
		},
		{
			"name": "crown_top1",
			"from": [14.97408, 5.39437, 6.97909],
			"to": [15.97408, 8.39437, 8.97909],
			"rotation": {"angle": 0, "axis": "y", "origin": [15.47408, 3.89437, 8.07909]},
			"faces": {
				"north": {"uv": [1.25, 10.75, 1.5, 11.5], "texture": "#0"},
				"east": {"uv": [0, 9.5, 0.5, 10.25], "texture": "#0"},
				"south": {"uv": [1.5, 10.75, 1.75, 11.5], "texture": "#0"},
				"west": {"uv": [1, 9.5, 1.5, 10.25], "texture": "#0"},
				"up": {"uv": [11, 6.75, 10.75, 6.25], "texture": "#0"},
				"down": {"uv": [7, 10.75, 6.75, 11.25], "texture": "#0"}
			}
		},
		{
			"name": "crown_top3",
			"from": [0.02592, 5.39437, 6.99909],
			"to": [1.02592, 8.39437, 8.99909],
			"rotation": {"angle": 0, "axis": "y", "origin": [0.52592, 3.89437, 8.09909]},
			"faces": {
				"north": {"uv": [1.75, 10.75, 2, 11.5], "texture": "#0"},
				"east": {"uv": [9.5, 1, 10, 1.75], "texture": "#0"},
				"south": {"uv": [2, 10.75, 2.25, 11.5], "texture": "#0"},
				"west": {"uv": [1.5, 9.5, 2, 10.25], "texture": "#0"},
				"up": {"uv": [7.25, 11.25, 7, 10.75], "texture": "#0"},
				"down": {"uv": [7.5, 10.75, 7.25, 11.25], "texture": "#0"}
			}
		},
		{
			"name": "crown_top3",
			"from": [-1.74422, 8.53557, 6.98909],
			"to": [-0.72422, 9.55557, 9.00909],
			"rotation": {"angle": -22.5, "axis": "z", "origin": [-1.23422, 4.04557, 8.09909]},
			"faces": {
				"north": {"uv": [4, 8.5, 4.25, 8.75], "texture": "#0"},
				"east": {"uv": [7.5, 10.75, 8, 11], "texture": "#0"},
				"south": {"uv": [8.75, 3.25, 9, 3.5], "texture": "#0"},
				"west": {"uv": [10.75, 7.5, 11.25, 7.75], "texture": "#0"},
				"up": {"uv": [11, 8.25, 10.75, 7.75], "texture": "#0"},
				"down": {"uv": [8.25, 10.75, 8, 11.25], "texture": "#0"}
			}
		},
		{
			"name": "crown_top3",
			"from": [-2.91983, 10.28271, 6.99909],
			"to": [-1.91983, 11.28271, 8.99909],
			"rotation": {"angle": -45, "axis": "z", "origin": [-2.41983, 5.78271, 8.09909]},
			"faces": {
				"north": {"uv": [9.5, 2.25, 9.75, 2.5], "texture": "#0"},
				"east": {"uv": [10.75, 8.25, 11.25, 8.5], "texture": "#0"},
				"south": {"uv": [9.5, 5.25, 9.75, 5.5], "texture": "#0"},
				"west": {"uv": [10.75, 8.5, 11.25, 8.75], "texture": "#0"},
				"up": {"uv": [8.5, 11.25, 8.25, 10.75], "texture": "#0"},
				"down": {"uv": [11, 8.75, 10.75, 9.25], "texture": "#0"}
			}
		},
		{
			"name": "crown_top3",
			"from": [1.63959, 7.33134, 6.98909],
			"to": [2.65959, 8.35134, 9.00909],
			"rotation": {"angle": 22.5, "axis": "z", "origin": [-2.85041, 7.84134, 8.09909]},
			"faces": {
				"north": {"uv": [9.75, 0.75, 10, 1], "texture": "#0"},
				"east": {"uv": [10.75, 9.25, 11.25, 9.5], "texture": "#0"},
				"south": {"uv": [9.75, 3, 10, 3.25], "texture": "#0"},
				"west": {"uv": [10.75, 9.5, 11.25, 9.75], "texture": "#0"},
				"up": {"uv": [11, 10.25, 10.75, 9.75], "texture": "#0"},
				"down": {"uv": [10.25, 10.75, 10, 11.25], "texture": "#0"}
			}
		},
		{
			"name": "crown_top3",
			"from": [5.18079, 11.15817, 6.98909],
			"to": [6.20079, 12.17817, 9.00909],
			"rotation": {"angle": -22.5, "axis": "z", "origin": [0.69079, 11.66817, 8.09909]},
			"faces": {
				"north": {"uv": [9.75, 6.75, 10, 7], "texture": "#0"},
				"east": {"uv": [10.25, 10.75, 10.75, 11], "texture": "#0"},
				"south": {"uv": [10, 1.5, 10.25, 1.75], "texture": "#0"},
				"west": {"uv": [10.75, 10.25, 11.25, 10.5], "texture": "#0"},
				"up": {"uv": [11, 11, 10.75, 10.5], "texture": "#0"},
				"down": {"uv": [11.25, 0, 11, 0.5], "texture": "#0"}
			}
		},
		{
			"name": "crown_top3",
			"from": [2.03959, 9.40804, 6.99909],
			"to": [5.03959, 10.40804, 8.99909],
			"rotation": {"angle": 0, "axis": "y", "origin": [-2.46041, 9.90804, 8.09909]},
			"faces": {
				"north": {"uv": [2.75, 2.25, 3.5, 2.5], "texture": "#0"},
				"east": {"uv": [0.5, 11, 1, 11.25], "texture": "#0"},
				"south": {"uv": [5.5, 4.5, 6.25, 4.75], "texture": "#0"},
				"west": {"uv": [11, 0.75, 11.5, 1], "texture": "#0"},
				"up": {"uv": [9.25, 6.5, 8.5, 6], "texture": "#0"},
				"down": {"uv": [9.75, 4, 9, 4.5], "texture": "#0"}
			}
		},
		{
			"name": "crown_top1",
			"from": [9.79921, 11.15817, 6.96909],
			"to": [10.81921, 12.17817, 8.98909],
			"rotation": {"angle": 22.5, "axis": "z", "origin": [15.30921, 11.66817, 8.07909]},
			"faces": {
				"north": {"uv": [5, 11.25, 5.25, 11.5], "texture": "#0"},
				"east": {"uv": [11, 1, 11.5, 1.25], "texture": "#0"},
				"south": {"uv": [11.25, 7, 11.5, 7.25], "texture": "#0"},
				"west": {"uv": [11, 1.5, 11.5, 1.75], "texture": "#0"},
				"up": {"uv": [11.25, 3.25, 11, 2.75], "texture": "#0"},
				"down": {"uv": [3.25, 11, 3, 11.5], "texture": "#0"}
			}
		},
		{
			"name": "crown_top1",
			"from": [10.96041, 9.40804, 6.97909],
			"to": [13.96041, 10.40804, 8.97909],
			"rotation": {"angle": 0, "axis": "y", "origin": [18.46041, 9.90804, 8.07909]},
			"faces": {
				"north": {"uv": [7, 2.75, 7.75, 3], "texture": "#0"},
				"east": {"uv": [11, 1.75, 11.5, 2], "texture": "#0"},
				"south": {"uv": [10.25, 2.75, 11, 3], "texture": "#0"},
				"west": {"uv": [11, 3.25, 11.5, 3.5], "texture": "#0"},
				"up": {"uv": [10, 7.5, 9.25, 7], "texture": "#0"},
				"down": {"uv": [10.25, 1.75, 9.5, 2.25], "texture": "#0"}
			}
		},
		{
			"name": "crown_top1",
			"from": [13.34041, 7.33134, 6.96909],
			"to": [14.36041, 8.35134, 8.98909],
			"rotation": {"angle": -22.5, "axis": "z", "origin": [18.85041, 7.84134, 8.07909]},
			"faces": {
				"north": {"uv": [7.25, 11.25, 7.5, 11.5], "texture": "#0"},
				"east": {"uv": [11, 3.5, 11.5, 3.75], "texture": "#0"},
				"south": {"uv": [11.25, 7.25, 11.5, 7.5], "texture": "#0"},
				"west": {"uv": [11, 4, 11.5, 4.25], "texture": "#0"},
				"up": {"uv": [3.5, 11.5, 3.25, 11], "texture": "#0"},
				"down": {"uv": [11.25, 4.25, 11, 4.75], "texture": "#0"}
			}
		},
		{
			"name": "crown_top1",
			"from": [17.91983, 10.28271, 6.97909],
			"to": [18.91983, 11.28271, 8.97909],
			"rotation": {"angle": 45, "axis": "z", "origin": [18.41983, 5.78271, 8.07909]},
			"faces": {
				"north": {"uv": [7.5, 11.25, 7.75, 11.5], "texture": "#0"},
				"east": {"uv": [4.75, 11, 5.25, 11.25], "texture": "#0"},
				"south": {"uv": [11.25, 7.5, 11.5, 7.75], "texture": "#0"},
				"west": {"uv": [11, 4.75, 11.5, 5], "texture": "#0"},
				"up": {"uv": [5.5, 11.5, 5.25, 11], "texture": "#0"},
				"down": {"uv": [5.75, 11, 5.5, 11.5], "texture": "#0"}
			}
		},
		{
			"name": "crown_top1",
			"from": [16.72422, 8.53557, 6.96909],
			"to": [17.74422, 9.55557, 8.98909],
			"rotation": {"angle": 22.5, "axis": "z", "origin": [17.23422, 4.04557, 8.07909]},
			"faces": {
				"north": {"uv": [7.75, 11.25, 8, 11.5], "texture": "#0"},
				"east": {"uv": [5.75, 11, 6.25, 11.25], "texture": "#0"},
				"south": {"uv": [8, 11.25, 8.25, 11.5], "texture": "#0"},
				"west": {"uv": [6.25, 11, 6.75, 11.25], "texture": "#0"},
				"up": {"uv": [11.25, 6.75, 11, 6.25], "texture": "#0"},
				"down": {"uv": [11.25, 6.75, 11, 7.25], "texture": "#0"}
			}
		},
		{
			"name": "crown_top2",
			"from": [6.89, 12.30081, 5.4113],
			"to": [9.11, 13.32081, 6.4313],
			"rotation": {"angle": 22.5, "axis": "x", "origin": [8, 12.81081, -2.0787]},
			"faces": {
				"north": {"uv": [7.5, 11, 8, 11.25], "texture": "#0"},
				"east": {"uv": [8.25, 11.25, 8.5, 11.5], "texture": "#0"},
				"south": {"uv": [11, 7.75, 11.5, 8], "texture": "#0"},
				"west": {"uv": [11.25, 8.25, 11.5, 8.5], "texture": "#0"},
				"up": {"uv": [11.5, 8.25, 11, 8], "texture": "#0"},
				"down": {"uv": [9, 11, 8.5, 11.25], "texture": "#0"}
			}
		},
		{
			"name": "crown_top2",
			"from": [6.9, 9.40262, 2.04174],
			"to": [9.1, 10.40262, 5.04174],
			"rotation": {"angle": 0, "axis": "y", "origin": [8, 9.90262, -3.45826]},
			"faces": {
				"north": {"uv": [11, 8.75, 11.5, 9], "texture": "#0"},
				"east": {"uv": [10.5, 1.25, 11.25, 1.5], "texture": "#0"},
				"south": {"uv": [9, 11, 9.5, 11.25], "texture": "#0"},
				"west": {"uv": [10.5, 5, 11.25, 5.25], "texture": "#0"},
				"up": {"uv": [2.5, 10.25, 2, 9.5], "texture": "#0"},
				"down": {"uv": [3, 9.5, 2.5, 10.25], "texture": "#0"}
			}
		},
		{
			"name": "crown_top2",
			"from": [6.89, 6.56056, 1.79399],
			"to": [9.11, 7.58056, 2.81399],
			"rotation": {"angle": -22.5, "axis": "x", "origin": [8, 7.07056, -4.69601]},
			"faces": {
				"north": {"uv": [11, 9, 11.5, 9.25], "texture": "#0"},
				"east": {"uv": [8.5, 11.25, 8.75, 11.5], "texture": "#0"},
				"south": {"uv": [11, 9.75, 11.5, 10], "texture": "#0"},
				"west": {"uv": [11.25, 8.5, 11.5, 8.75], "texture": "#0"},
				"up": {"uv": [11.5, 10.25, 11, 10], "texture": "#0"},
				"down": {"uv": [10.75, 11, 10.25, 11.25], "texture": "#0"}
			}
		},
		{
			"name": "crown_top_base",
			"from": [5.575, 9.09606, 5.58294],
			"to": [10.375, 10.09606, 10.60794],
			"rotation": {"angle": 0, "axis": "y", "origin": [8, 9.59606, 14.08294]},
			"faces": {
				"north": {"uv": [5.75, 3.5, 7, 3.75], "texture": "#0"},
				"east": {"uv": [7, 1.5, 8.25, 1.75], "texture": "#0"},
				"south": {"uv": [10.25, 2.25, 11.5, 2.5], "texture": "#0"},
				"west": {"uv": [10.25, 2.5, 11.5, 2.75], "texture": "#0"},
				"up": {"uv": [2.75, 1.25, 1.5, 0], "texture": "#0"},
				"down": {"uv": [2.75, 1.25, 1.5, 2.5], "texture": "#0"}
			}
		},
		{
			"name": "crown_top4",
			"from": [7, 12.30622, 9.55994],
			"to": [9.02, 13.32622, 10.57994],
			"rotation": {"angle": -22.5, "axis": "x", "origin": [8.11, 12.81622, 18.06994]},
			"faces": {
				"north": {"uv": [11, 10.5, 11.5, 10.75], "texture": "#0"},
				"east": {"uv": [8.75, 11.25, 9, 11.5], "texture": "#0"},
				"south": {"uv": [10.75, 11, 11.25, 11.25], "texture": "#0"},
				"west": {"uv": [9, 11.25, 9.25, 11.5], "texture": "#0"},
				"up": {"uv": [11.5, 11, 11, 10.75], "texture": "#0"},
				"down": {"uv": [11.75, 0, 11.25, 0.25], "texture": "#0"}
			}
		},
		{
			"name": "crown_top4",
			"from": [7, 6.56597, 13.17726],
			"to": [9.02, 7.58597, 14.19726],
			"rotation": {"angle": 22.5, "axis": "x", "origin": [8.11, 7.07597, 20.68726]},
			"faces": {
				"north": {"uv": [11.25, 0.25, 11.75, 0.5], "texture": "#0"},
				"east": {"uv": [9.25, 11.25, 9.5, 11.5], "texture": "#0"},
				"south": {"uv": [0.5, 11.25, 1, 11.5], "texture": "#0"},
				"west": {"uv": [11.25, 9.25, 11.5, 9.5], "texture": "#0"},
				"up": {"uv": [11.75, 1.5, 11.25, 1.25], "texture": "#0"},
				"down": {"uv": [11.75, 2.75, 11.25, 3], "texture": "#0"}
			}
		},
		{
			"name": "crown_top2",
			"from": [6.89, 2.68448, 0.55404],
			"to": [9.11, 5.70448, 1.57404],
			"rotation": {"angle": -22.5, "axis": "x", "origin": [8, 4.19448, 1.06404]},
			"faces": {
				"north": {"uv": [9.5, 3.25, 10, 4], "texture": "#0"},
				"east": {"uv": [2.25, 10.75, 2.5, 11.5], "texture": "#0"},
				"south": {"uv": [3.5, 9.5, 4, 10.25], "texture": "#0"},
				"west": {"uv": [2.5, 10.75, 2.75, 11.5], "texture": "#0"},
				"up": {"uv": [11.75, 3.25, 11.25, 3], "texture": "#0"},
				"down": {"uv": [4.5, 11.25, 4, 11.5], "texture": "#0"}
			}
		},
		{
			"name": "crown_top4",
			"from": [7, 2.68989, 14.41721],
			"to": [9.02, 5.70989, 15.43721],
			"rotation": {"angle": 22.5, "axis": "x", "origin": [8.11, 4.19989, 14.92721]},
			"faces": {
				"north": {"uv": [4, 9.5, 4.5, 10.25], "texture": "#0"},
				"east": {"uv": [2.75, 10.75, 3, 11.5], "texture": "#0"},
				"south": {"uv": [4.5, 9.5, 5, 10.25], "texture": "#0"},
				"west": {"uv": [10.75, 3, 11, 3.75], "texture": "#0"},
				"up": {"uv": [11.75, 4.5, 11.25, 4.25], "texture": "#0"},
				"down": {"uv": [5, 11.25, 4.5, 11.5], "texture": "#0"}
			}
		},
		{
			"name": "crown_top4",
			"from": [7.01, 5.39437, 14.96317],
			"to": [9.01, 8.39437, 15.96317],
			"rotation": {"angle": 0, "axis": "y", "origin": [8.11, 3.89437, 15.46317]},
			"faces": {
				"north": {"uv": [9.5, 4.5, 10, 5.25], "texture": "#0"},
				"east": {"uv": [3.5, 10.75, 3.75, 11.5], "texture": "#0"},
				"south": {"uv": [5, 9.5, 5.5, 10.25], "texture": "#0"},
				"west": {"uv": [3.75, 10.75, 4, 11.5], "texture": "#0"},
				"up": {"uv": [11.75, 4.75, 11.25, 4.5], "texture": "#0"},
				"down": {"uv": [11.75, 5, 11.25, 5.25], "texture": "#0"}
			}
		},
		{
			"name": "crown_top4",
			"from": [7, 8.53557, 16.71331],
			"to": [9.02, 9.55557, 17.73331],
			"rotation": {"angle": -22.5, "axis": "x", "origin": [5.11, 4.04557, 17.22331]},
			"faces": {
				"north": {"uv": [11.25, 5.25, 11.75, 5.5], "texture": "#0"},
				"east": {"uv": [9.5, 11.25, 9.75, 11.5], "texture": "#0"},
				"south": {"uv": [11.25, 5.5, 11.75, 5.75], "texture": "#0"},
				"west": {"uv": [11.25, 9.5, 11.5, 9.75], "texture": "#0"},
				"up": {"uv": [6.25, 11.5, 5.75, 11.25], "texture": "#0"},
				"down": {"uv": [11.75, 5.75, 11.25, 6], "texture": "#0"}
			}
		},
		{
			"name": "crown_top4",
			"from": [7.01, 10.57561, 18.61602],
			"to": [9.01, 11.57561, 19.61602],
			"rotation": {"angle": -45, "axis": "x", "origin": [8.11, 5.07561, 19.11602]},
			"faces": {
				"north": {"uv": [11.25, 6, 11.75, 6.25], "texture": "#0"},
				"east": {"uv": [9.75, 11.25, 10, 11.5], "texture": "#0"},
				"south": {"uv": [6.25, 11.25, 6.75, 11.5], "texture": "#0"},
				"west": {"uv": [10, 11.25, 10.25, 11.5], "texture": "#0"},
				"up": {"uv": [11.75, 6.5, 11.25, 6.25], "texture": "#0"},
				"down": {"uv": [11.75, 6.5, 11.25, 6.75], "texture": "#0"}
			}
		},
		{
			"name": "crown_top4",
			"from": [7.01, 9.40804, 10.9495],
			"to": [9.01, 10.40804, 13.9495],
			"rotation": {"angle": 0, "axis": "y", "origin": [8.11, 9.90804, 19.4495]},
			"faces": {
				"north": {"uv": [6.75, 11.25, 7.25, 11.5], "texture": "#0"},
				"east": {"uv": [10.5, 7.25, 11.25, 7.5], "texture": "#0"},
				"south": {"uv": [11.25, 6.75, 11.75, 7], "texture": "#0"},
				"west": {"uv": [10.75, 3.75, 11.5, 4], "texture": "#0"},
				"up": {"uv": [6, 10.25, 5.5, 9.5], "texture": "#0"},
				"down": {"uv": [6.5, 9.5, 6, 10.25], "texture": "#0"}
			}
		},
		{
			"name": "crown_topper",
			"from": [7, 10, 7.1],
			"to": [9, 12, 9.1],
			"rotation": {"angle": 0, "axis": "y", "origin": [7, 0, 7.1]},
			"faces": {
				"north": {"uv": [0, 10.25, 0.5, 10.75], "texture": "#0"},
				"east": {"uv": [2.5, 10.25, 3, 10.75], "texture": "#0"},
				"south": {"uv": [3.5, 10.25, 4, 10.75], "texture": "#0"},
				"west": {"uv": [4, 10.25, 4.5, 10.75], "texture": "#0"},
				"up": {"uv": [5, 10.75, 4.5, 10.25], "texture": "#0"},
				"down": {"uv": [5.5, 10.25, 5, 10.75], "texture": "#0"}
			}
		},
		{
			"name": "crown_top3",
			"from": [0.55188, 2.68989, 6.98909],
			"to": [1.57188, 5.70989, 9.00909],
			"rotation": {"angle": 22.5, "axis": "z", "origin": [1.06188, 4.19989, 8.09909]},
			"faces": {
				"north": {"uv": [10.5, 10, 10.75, 10.75], "texture": "#0"},
				"east": {"uv": [9.25, 2.5, 9.75, 3.25], "texture": "#0"},
				"south": {"uv": [0, 10.75, 0.25, 11.5], "texture": "#0"},
				"west": {"uv": [9.25, 5.5, 9.75, 6.25], "texture": "#0"},
				"up": {"uv": [4.5, 11.25, 4.25, 10.75], "texture": "#0"},
				"down": {"uv": [4.75, 10.75, 4.5, 11.25], "texture": "#0"}
			}
		},
		{
			"name": "crown_top1",
			"from": [14.42812, 2.68989, 6.96909],
			"to": [15.44812, 5.70989, 8.98909],
			"rotation": {"angle": -22.5, "axis": "z", "origin": [14.93812, 4.19989, 8.07909]},
			"faces": {
				"north": {"uv": [9.5, 10.5, 9.75, 11.25], "texture": "#0"},
				"east": {"uv": [8.5, 9, 9, 9.75], "texture": "#0"},
				"south": {"uv": [9.75, 10.5, 10, 11.25], "texture": "#0"},
				"west": {"uv": [9, 9, 9.5, 9.75], "texture": "#0"},
				"up": {"uv": [4.5, 7.25, 4.25, 6.75], "texture": "#0"},
				"down": {"uv": [4.25, 10.75, 4, 11.25], "texture": "#0"}
			}
		},
		{
			"from": [-3.14947, 2.99, 10.0716],
			"to": [-1.12947, 6.01, 14.0916],
			"rotation": {"angle": -45, "axis": "y", "origin": [10.86053, 0, 15.0816]},
			"faces": {
				"north": {"uv": [6.5, 9.5, 7, 10.25], "texture": "#0"},
				"east": {"uv": [7, 6.5, 8, 7.25], "texture": "#0"},
				"south": {"uv": [7, 9.5, 7.5, 10.25], "texture": "#0"},
				"west": {"uv": [1, 7.25, 2, 8], "texture": "#0"},
				"up": {"uv": [4, 9.5, 3.5, 8.5], "texture": "#0"},
				"down": {"uv": [9, 3.5, 8.5, 4.5], "texture": "#0"}
			}
		},
		{
			"from": [10.09317, 2.99, 17.10104],
			"to": [14.11317, 6.01, 19.12104],
			"rotation": {"angle": -45, "axis": "y", "origin": [15.10317, 0, 5.11104]},
			"faces": {
				"north": {"uv": [2, 7.25, 3, 8], "texture": "#0"},
				"east": {"uv": [9.5, 7.5, 10, 8.25], "texture": "#0"},
				"south": {"uv": [3, 7.25, 4, 8], "texture": "#0"},
				"west": {"uv": [8, 9.5, 8.5, 10.25], "texture": "#0"},
				"up": {"uv": [9.5, 1.5, 8.5, 1], "texture": "#0"},
				"down": {"uv": [9.5, 2, 8.5, 2.5], "texture": "#0"}
			}
		},
		{
			"from": [17.12261, 2.99, 1.8584],
			"to": [19.14261, 6.01, 5.8784],
			"rotation": {"angle": -45, "axis": "y", "origin": [5.13261, 0, 0.8684]},
			"faces": {
				"north": {"uv": [9.5, 8.25, 10, 9], "texture": "#0"},
				"east": {"uv": [7, 7.25, 8, 8], "texture": "#0"},
				"south": {"uv": [9.5, 9, 10, 9.75], "texture": "#0"},
				"west": {"uv": [7.75, 2.75, 8.75, 3.5], "texture": "#0"},
				"up": {"uv": [6, 9.5, 5.5, 8.5], "texture": "#0"},
				"down": {"uv": [6.5, 8.5, 6, 9.5], "texture": "#0"}
			}
		},
		{
			"from": [12.87997, 2.99, 11.82896],
			"to": [14.89997, 6.01, 15.84896],
			"rotation": {"angle": 45, "axis": "y", "origin": [0.88997, 0, 10.83896]},
			"faces": {
				"north": {"uv": [9.75, 0, 10.25, 0.75], "texture": "#0"},
				"east": {"uv": [1, 8, 2, 8.75], "texture": "#0"},
				"south": {"uv": [0.5, 9.75, 1, 10.5], "texture": "#0"},
				"west": {"uv": [2, 8, 3, 8.75], "texture": "#0"},
				"up": {"uv": [7, 9.5, 6.5, 8.5], "texture": "#0"},
				"down": {"uv": [7.5, 8.5, 7, 9.5], "texture": "#0"}
			}
		},
		{
			"from": [12.325, 3, 4.475],
			"to": [14.325, 6, 11.475],
			"rotation": {"angle": 0, "axis": "y", "origin": [0.325, 0, 0.475]},
			"faces": {
				"north": {"uv": [9.75, 2.25, 10.25, 3], "texture": "#0"},
				"east": {"uv": [2, 4, 3.75, 4.75], "texture": "#0"},
				"south": {"uv": [3, 9.75, 3.5, 10.5], "texture": "#0"},
				"west": {"uv": [4, 3, 5.75, 3.75], "texture": "#0"},
				"up": {"uv": [6, 8, 5.5, 6.25], "texture": "#0"},
				"down": {"uv": [7, 0, 6.5, 1.75], "texture": "#0"}
			}
		},
		{
			"from": [1.66815, 3, 4.475],
			"to": [3.66815, 6, 11.475],
			"rotation": {"angle": 0, "axis": "y", "origin": [-0.33185, 0, 0.475]},
			"faces": {
				"north": {"uv": [9.75, 5.25, 10.25, 6], "texture": "#0"},
				"east": {"uv": [3.75, 4, 5.5, 4.75], "texture": "#0"},
				"south": {"uv": [9.75, 6, 10.25, 6.75], "texture": "#0"},
				"west": {"uv": [0, 4.75, 1.75, 5.5], "texture": "#0"},
				"up": {"uv": [7, 7.75, 6.5, 6], "texture": "#0"},
				"down": {"uv": [1, 6.75, 0.5, 8.5], "texture": "#0"}
			}
		},
		{
			"from": [4.49657, 3, 12.30343],
			"to": [11.49657, 6, 14.30343],
			"rotation": {"angle": 0, "axis": "y", "origin": [0.49657, 0, 0.30343]},
			"faces": {
				"north": {"uv": [4.75, 0, 6.5, 0.75], "texture": "#0"},
				"east": {"uv": [8.5, 9.75, 9, 10.5], "texture": "#0"},
				"south": {"uv": [4.75, 0.75, 6.5, 1.5], "texture": "#0"},
				"west": {"uv": [9, 9.75, 9.5, 10.5], "texture": "#0"},
				"up": {"uv": [8.25, 2.25, 6.5, 1.75], "texture": "#0"},
				"down": {"uv": [8.25, 4.5, 6.5, 5], "texture": "#0"}
			}
		},
		{
			"from": [4.49657, 3, 1.64657],
			"to": [11.49657, 6, 3.64657],
			"rotation": {"angle": 0, "axis": "y", "origin": [0.49657, 0, -0.35343]},
			"faces": {
				"north": {"uv": [4.75, 1.5, 6.5, 2.25], "texture": "#0"},
				"east": {"uv": [9.5, 9.75, 10, 10.5], "texture": "#0"},
				"south": {"uv": [1.75, 4.75, 3.5, 5.5], "texture": "#0"},
				"west": {"uv": [10, 0.75, 10.5, 1.5], "texture": "#0"},
				"up": {"uv": [8.25, 5.5, 6.5, 5], "texture": "#0"},
				"down": {"uv": [2.75, 6.75, 1, 7.25], "texture": "#0"}
			}
		},
		{
			"from": [5.48601, 6, 3.37479],
			"to": [10.48601, 8, 5.37479],
			"rotation": {"angle": 0, "axis": "y", "origin": [5.48601, 0, 17.37479]},
			"faces": {
				"north": {"uv": [3, 8, 4.25, 8.5], "texture": "#0"},
				"east": {"uv": [10.25, 5.25, 10.75, 5.75], "texture": "#0"},
				"south": {"uv": [5.5, 8, 6.75, 8.5], "texture": "#0"},
				"west": {"uv": [5.5, 10.25, 6, 10.75], "texture": "#0"},
				"up": {"uv": [9.25, 6, 8, 5.5], "texture": "#0"},
				"down": {"uv": [9.25, 6.5, 8, 7], "texture": "#0"}
			}
		},
		{
			"from": [11.1723, 5.99, 13.85421],
			"to": [13.1923, 8.01, 16.87421],
			"rotation": {"angle": 45, "axis": "y", "origin": [-0.8177, 0, 11.86421]},
			"faces": {
				"north": {"uv": [10.25, 5.75, 10.75, 6.25], "texture": "#0"},
				"east": {"uv": [9.75, 4, 10.5, 4.5], "texture": "#0"},
				"south": {"uv": [6, 10.25, 6.5, 10.75], "texture": "#0"},
				"west": {"uv": [10, 3, 10.75, 3.5], "texture": "#0"},
				"up": {"uv": [10.5, 5.25, 10, 4.5], "texture": "#0"},
				"down": {"uv": [10.5, 6.75, 10, 7.5], "texture": "#0"}
			}
		},
		{
			"from": [10.62147, 6, 5.51025],
			"to": [12.62147, 8, 10.51025],
			"rotation": {"angle": 0, "axis": "y", "origin": [-1.37853, 0, 5.51025]},
			"faces": {
				"north": {"uv": [10.25, 6.25, 10.75, 6.75], "texture": "#0"},
				"east": {"uv": [6.75, 8, 8, 8.5], "texture": "#0"},
				"south": {"uv": [6.5, 10.25, 7, 10.75], "texture": "#0"},
				"west": {"uv": [8, 7, 9.25, 7.5], "texture": "#0"},
				"up": {"uv": [8.5, 8.75, 8, 7.5], "texture": "#0"},
				"down": {"uv": [0.5, 8.25, 0, 9.5], "texture": "#0"}
			}
		},
		{
			"from": [-0.87795, 5.99, 11.19654],
			"to": [2.14205, 8.01, 13.21654],
			"rotation": {"angle": 45, "axis": "y", "origin": [4.13205, 0, -0.79346]},
			"faces": {
				"north": {"uv": [10, 3.5, 10.75, 4], "texture": "#0"},
				"east": {"uv": [7, 10.25, 7.5, 10.75], "texture": "#0"},
				"south": {"uv": [10, 7.5, 10.75, 8], "texture": "#0"},
				"west": {"uv": [8, 10.25, 8.5, 10.75], "texture": "#0"},
				"up": {"uv": [10.75, 8.5, 10, 8], "texture": "#0"},
				"down": {"uv": [10.75, 8.5, 10, 9], "texture": "#0"}
			}
		},
		{
			"from": [5.48601, 6, 10.64571],
			"to": [10.48601, 8, 12.64571],
			"rotation": {"angle": 0, "axis": "y", "origin": [10.48601, 0, -1.35429]},
			"faces": {
				"north": {"uv": [8.25, 1.5, 9.5, 2], "texture": "#0"},
				"east": {"uv": [0.5, 10.5, 1, 11], "texture": "#0"},
				"south": {"uv": [4.25, 8.25, 5.5, 8.75], "texture": "#0"},
				"west": {"uv": [10.5, 0.75, 11, 1.25], "texture": "#0"},
				"up": {"uv": [9.5, 5, 8.25, 4.5], "texture": "#0"},
				"down": {"uv": [9.5, 5, 8.25, 5.5], "texture": "#0"}
			}
		},
		{
			"from": [2.77972, 5.99, -0.85371],
			"to": [4.79972, 8.01, 2.16629],
			"rotation": {"angle": 45, "axis": "y", "origin": [16.78972, 0, 4.15629]},
			"faces": {
				"north": {"uv": [3, 10.5, 3.5, 11], "texture": "#0"},
				"east": {"uv": [10, 9, 10.75, 9.5], "texture": "#0"},
				"south": {"uv": [10.5, 4, 11, 4.5], "texture": "#0"},
				"west": {"uv": [10, 9.5, 10.75, 10], "texture": "#0"},
				"up": {"uv": [8, 10.75, 7.5, 10], "texture": "#0"},
				"down": {"uv": [10.5, 10, 10, 10.75], "texture": "#0"}
			}
		},
		{
			"from": [3.35055, 6, 5.51025],
			"to": [5.35055, 8, 10.51025],
			"rotation": {"angle": 0, "axis": "y", "origin": [17.35055, 0, 10.51025]},
			"faces": {
				"north": {"uv": [10.5, 4.5, 11, 5], "texture": "#0"},
				"east": {"uv": [8.5, 0, 9.75, 0.5], "texture": "#0"},
				"south": {"uv": [10.5, 6.75, 11, 7.25], "texture": "#0"},
				"west": {"uv": [8.5, 0.5, 9.75, 1], "texture": "#0"},
				"up": {"uv": [1, 9.75, 0.5, 8.5], "texture": "#0"},
				"down": {"uv": [3.5, 8.5, 3, 9.75], "texture": "#0"}
			}
		},
		{
			"from": [13.82997, 5.99, 2.80396],
			"to": [16.84997, 8.01, 4.82396],
			"rotation": {"angle": 45, "axis": "y", "origin": [11.83997, 0, 16.81396]},
			"faces": {
				"north": {"uv": [10.25, 0, 11, 0.5], "texture": "#0"},
				"east": {"uv": [8.5, 10.5, 9, 11], "texture": "#0"},
				"south": {"uv": [1, 10.25, 1.75, 10.75], "texture": "#0"},
				"west": {"uv": [9, 10.5, 9.5, 11], "texture": "#0"},
				"up": {"uv": [11, 2, 10.25, 1.5], "texture": "#0"},
				"down": {"uv": [2.5, 10.25, 1.75, 10.75], "texture": "#0"}
			}
		},
		{
			"from": [5, 8, 5],
			"to": [11, 9, 11],
			"faces": {
				"north": {"uv": [0, 3, 1.5, 3.25], "texture": "#0"},
				"east": {"uv": [4, 3.75, 5.5, 4], "texture": "#0"},
				"south": {"uv": [10.25, 0.5, 11.75, 0.75], "texture": "#0"},
				"west": {"uv": [10.25, 2, 11.75, 2.25], "texture": "#0"},
				"up": {"uv": [1.5, 1.5, 0, 0], "texture": "#0"},
				"down": {"uv": [1.5, 1.5, 0, 3], "texture": "#0"}
			}
		}
	],
	"display": {
		"thirdperson_righthand": {
			"rotation": [28.4, -15.15, 17.83],
			"translation": [1, 0, -2],
			"scale": [0.6, 0.6, 0.6]
		},
		"thirdperson_lefthand": {
			"rotation": [28.32, -20.24, 8.81],
			"translation": [0.75, 0, -2],
			"scale": [0.6, 0.6, 0.6]
		},
		"firstperson_righthand": {
			"rotation": [0, 0, 13],
			"translation": [0.75, 0, 0],
			"scale": [0.7, 0.7, 0.7]
		},
		"firstperson_lefthand": {
			"rotation": [0, 0, 29],
			"translation": [1.75, 0.5, 0],
			"scale": [0.7, 0.7, 0.7]
		},
		"ground": {
			"rotation": [0, 0, 10],
			"translation": [0, 4.75, 0],
			"scale": [0.8, 0.8, 0.8]
		},
		"head": {
			"rotation": [8.5, 0, 0],
			"translation": [0, 13.75, 1.25],
			"scale": [1.2, 1.2, 1.2]
		},
		"fixed": {
			"rotation": [-90, 0, 0],
			"translation": [0, 0, -12],
			"scale": [1.46, 1.46, 1.46]
		}
	},
	"groups": [
		{
			"name": "base",
			"origin": [7.88909, 0, 3.88909],
			"color": 0,
			"children": [
				{
					"name": "crown_base",
					"origin": [7.88909, 0, 3.98909],
					"color": 0,
					"children": [0, 1, 2, 3, 4, 5, 6, 7]
				},
				{
					"name": "crown_top",
					"origin": [7, 0, 7],
					"color": 0,
					"children": [8, 9, 10, 11, 12, 13, 14, 15, 16, 17, 18, 19, 20, 21, 22, 23, 24, 25, 26, 27, 28, 29, 30, 31, 32, 33, 34, 35, 36, 37]
				},
				{
					"name": "crown_pillow",
					"origin": [8, 8, 8],
					"color": 0,
					"children": [
						{
							"name": "layer1",
							"origin": [0.49657, 0, -0.35343],
							"color": 0,
							"children": [38, 39, 40, 41, 42, 43, 44, 45]
						},
						{
							"name": "layer2",
							"origin": [0.88997, 0, 10.83896],
							"color": 0,
							"children": [46, 47, 48, 49, 50, 51, 52, 53]
						},
						54
					]
				}
			]
		}
	]
}