{"parent":"minecraft:block/carved_pumpkin","texture_size":[32,32],"textures":{"1":"custom:item/hermitcraft/season_9/parkour_crown","particle":"custom:item/hermitcraft/season_9/parkour_crown"},"elements":[{"from":[0,12,0],"to":[16,27,0],"faces":{"north":{"uv":[0,0,8,7.5],"texture":"#1"},"east":{"uv":[0,0,8,7.5],"texture":"#1"},"south":{"uv":[8,0,0,7.5],"texture":"#1"},"west":{"uv":[0,0,8,7.5],"texture":"#1"},"up":{"uv":[0,0,8,7.5],"texture":"#1"},"down":{"uv":[0,0,16,0],"texture":"#1"}}},{"from":[16,12,0],"to":[16,16,16],"faces":{"north":{"uv":[0,15,8,20.5],"texture":"#1"},"east":{"uv":[0,10.5,8,12.5],"texture":"#1"},"south":{"uv":[0,15,8,20.5],"texture":"#1"},"west":{"uv":[8,10.5,0,12.5],"texture":"#1"},"up":{"uv":[0,15,8,20.5],"texture":"#1"},"down":{"uv":[0,15,0,31],"texture":"#1"}}},{"from":[0,10,16],"to":[16,16,16],"faces":{"north":{"uv":[8,7.5,0,10.5],"texture":"#1"},"east":{"uv":[8,7.5,16,10.5],"texture":"#1"},"south":{"uv":[0,7.5,8,10.5],"texture":"#1"},"west":{"uv":[8,7.5,16,10.5],"texture":"#1"},"down":{"uv":[0,0,16,0],"texture":"#1"}}},{"from":[0,11,0],"to":[0,16,16],"faces":{"north":{"uv":[16,5.5,24,8],"texture":"#1"},"east":{"uv":[8,12.5,0,15],"texture":"#1"},"south":{"uv":[16,5.5,24,11],"texture":"#1"},"west":{"uv":[0,12.5,8,15],"texture":"#1"},"up":{"uv":[16,5.5,24,11],"texture":"#1"},"down":{"uv":[16,5.5,16,21.5],"texture":"#1"}}}],"display":{"thirdperson_righthand":{"rotation":[33,0,0],"translation":[0,-1,-2.5],"scale":[0.4,0.4,0.4]},"thirdperson_lefthand":{"rotation":[33,0,0],"translation":[0,-1,-2.5],"scale":[0.4,0.4,0.4]},"firstperson_righthand":{"rotation":[35,-21,0],"scale":[0.4,0.4,0.4]},"firstperson_lefthand":{"rotation":[35,-28,0],"scale":[0.4,0.4,0.4]},"ground":{"scale":[0.4,0.4,0.4]},"gui":{"translation":[0,-9.5,0],"scale":[0.93,0.93,0.93]},"head":{"rotation":[0,0,3],"translation":[0.25,-1.5,0]},"fixed":{"rotation":[-90,0,0],"translation":[0,0,3.75]}}}