{
	"credit": "Made with Blockbench",
	"texture_size": [128, 128],
	"textures": {
		"0": "custom:item/hermitcraft/season_9/pearl_hardhat",
		"particle": "custom:item/hermitcraft/season_9/pearl_hardhat"
	},
	"elements": [
		{
			"from": [2, 23, 1],
			"to": [14, 24, 15],
			"rotation": {"angle": 0, "axis": "y", "origin": [0, 4, 0]},
			"faces": {
				"north": {"uv": [6.25, 3.5, 7.75, 3.625], "texture": "#0"},
				"east": {"uv": [6, 1.75, 7.75, 1.875], "texture": "#0"},
				"south": {"uv": [6.25, 3.625, 7.75, 3.75], "texture": "#0"},
				"west": {"uv": [6, 1.875, 7.75, 2], "texture": "#0"},
				"up": {"uv": [1.5, 1.75, 0, 0], "texture": "#0"},
				"down": {"uv": [3, 0, 1.5, 1.75], "texture": "#0"}
			}
		},
		{
			"from": [2, 14.04878, -3.41002],
			"to": [14, 19.04878, -2.41002],
			"rotation": {"angle": 0, "axis": "y", "origin": [5, 19.2498, -3.02734]},
			"faces": {
				"north": {"uv": [0, 3, 1.5, 3.625], "texture": "#0"},
				"east": {"uv": [1.625, 7.75, 1.75, 8.375], "texture": "#0"},
				"south": {"uv": [3, 0, 4.5, 0.625], "texture": "#0"},
				"west": {"uv": [4.625, 7.75, 4.75, 8.375], "texture": "#0"},
				"up": {"uv": [8, 1, 6.5, 0.875], "texture": "#0"},
				"down": {"uv": [8, 2, 6.5, 2.125], "texture": "#0"}
			}
		},
		{
			"from": [2, 18.73271, -2.13805],
			"to": [14, 21.73271, -1.13805],
			"rotation": {"angle": 22.5, "axis": "x", "origin": [5, 22.08805, -1.97954]},
			"faces": {
				"north": {"uv": [3.5, 2, 5, 2.375], "texture": "#0"},
				"east": {"uv": [3.5, 8.125, 3.625, 8.5], "texture": "#0"},
				"south": {"uv": [3.5, 2.375, 5, 2.75], "texture": "#0"},
				"west": {"uv": [3.625, 8.125, 3.75, 8.5], "texture": "#0"},
				"up": {"uv": [8, 2.25, 6.5, 2.125], "texture": "#0"},
				"down": {"uv": [8, 2.25, 6.5, 2.375], "texture": "#0"}
			}
		},
		{
			"from": [-2.5081, 14.04878, -0.76933],
			"to": [-1.5081, 19.04878, 0.98567],
			"rotation": {"angle": -22.5, "axis": "y", "origin": [-2.5081, 16.04878, 1.23067]},
			"faces": {
				"north": {"uv": [5, 7.875, 5.125, 8.5], "texture": "#0"},
				"east": {"uv": [3.5, 6.625, 3.75, 7.25], "texture": "#0"},
				"south": {"uv": [5.125, 7.875, 5.25, 8.5], "texture": "#0"},
				"west": {"uv": [1.5, 6.75, 1.75, 7.375], "texture": "#0"},
				"up": {"uv": [1.5, 7.375, 1.375, 7.125], "texture": "#0"},
				"down": {"uv": [1.375, 7.5, 1.25, 7.75], "texture": "#0"}
			}
		},
		{
			"from": [0.45692, 14.04878, -1.98839],
			"to": [1.45692, 19.04878, 1.01161],
			"rotation": {"angle": -45, "axis": "y", "origin": [1.32311, 18.2498, -2.45795]},
			"faces": {
				"north": {"uv": [5.25, 7.875, 5.375, 8.5], "texture": "#0"},
				"east": {"uv": [4, 5.25, 4.375, 5.875], "texture": "#0"},
				"south": {"uv": [5.375, 7.875, 5.5, 8.5], "texture": "#0"},
				"west": {"uv": [4, 5.875, 4.375, 6.5], "texture": "#0"},
				"up": {"uv": [3.875, 8.5, 3.75, 8.125], "texture": "#0"},
				"down": {"uv": [8.25, 3.75, 8.125, 4.125], "texture": "#0"}
			}
		},
		{
			"from": [0.3728, 14.04878, -3.53291],
			"to": [2.1278, 19.04878, -2.53291],
			"rotation": {"angle": 22.5, "axis": "y", "origin": [2.3728, 18.2498, -3.15023]},
			"faces": {
				"north": {"uv": [6.75, 6.25, 7, 6.875], "texture": "#0"},
				"east": {"uv": [5.5, 7.875, 5.625, 8.5], "texture": "#0"},
				"south": {"uv": [0, 6.875, 0.25, 7.5], "texture": "#0"},
				"west": {"uv": [5.625, 7.875, 5.75, 8.5], "texture": "#0"},
				"up": {"uv": [8.75, 6.375, 8.5, 6.25], "texture": "#0"},
				"down": {"uv": [6.875, 8.5, 6.625, 8.625], "texture": "#0"}
			}
		},
		{
			"from": [0.6728, 19.04878, -3.23291],
			"to": [2.1028, 20.04878, -2.23291],
			"rotation": {"angle": 22.5, "axis": "y", "origin": [2.6728, 24.2498, -2.85023]},
			"faces": {
				"north": {"uv": [4.375, 7, 4.5, 7.125], "texture": "#0"},
				"east": {"uv": [3.375, 7.625, 3.5, 7.75], "texture": "#0"},
				"south": {"uv": [3.625, 7.75, 3.75, 7.875], "texture": "#0"},
				"west": {"uv": [4.625, 8.375, 4.75, 8.5], "texture": "#0"},
				"up": {"uv": [3.875, 8.75, 3.75, 8.625], "texture": "#0"},
				"down": {"uv": [0.375, 8.875, 0.25, 9], "texture": "#0"}
			}
		},
		{
			"from": [0.75692, 19.04878, -1.68839],
			"to": [1.75692, 20.04878, 1.31161],
			"rotation": {"angle": -45, "axis": "y", "origin": [1.62311, 24.2498, -2.15795]},
			"faces": {
				"north": {"uv": [8.875, 0.25, 9, 0.375], "texture": "#0"},
				"east": {"uv": [8, 5.125, 8.375, 5.25], "texture": "#0"},
				"south": {"uv": [0.375, 8.875, 0.5, 9], "texture": "#0"},
				"west": {"uv": [8.125, 1.25, 8.5, 1.375], "texture": "#0"},
				"up": {"uv": [4, 8.5, 3.875, 8.125], "texture": "#0"},
				"down": {"uv": [4.5, 8.125, 4.375, 8.5], "texture": "#0"}
			}
		},
		{
			"from": [-2.2081, 19.04878, -0.46933],
			"to": [-1.2081, 20.04878, 0.96067],
			"rotation": {"angle": -22.5, "axis": "y", "origin": [-2.2081, 22.04878, 1.53067]},
			"faces": {
				"north": {"uv": [8.875, 0.375, 9, 0.5], "texture": "#0"},
				"east": {"uv": [0.5, 8.875, 0.625, 9], "texture": "#0"},
				"south": {"uv": [0.625, 8.875, 0.75, 9], "texture": "#0"},
				"west": {"uv": [0.75, 8.875, 0.875, 9], "texture": "#0"},
				"up": {"uv": [9, 0.875, 8.875, 0.75], "texture": "#0"},
				"down": {"uv": [1, 8.875, 0.875, 9], "texture": "#0"}
			}
		},
		{
			"from": [-1.9081, 20.04878, -0.19433],
			"to": [-0.9081, 21.04878, 0.91067],
			"rotation": {"angle": -22.5, "axis": "y", "origin": [-1.9081, 23.04878, 1.80567]},
			"faces": {
				"north": {"uv": [8.875, 0.875, 9, 1], "texture": "#0"},
				"east": {"uv": [1, 8.875, 1.125, 9], "texture": "#0"},
				"south": {"uv": [1.125, 8.875, 1.25, 9], "texture": "#0"},
				"west": {"uv": [1.25, 8.875, 1.375, 9], "texture": "#0"},
				"up": {"uv": [9, 1.375, 8.875, 1.25], "texture": "#0"},
				"down": {"uv": [1.5, 8.875, 1.375, 9], "texture": "#0"}
			}
		},
		{
			"from": [1.05692, 20.04878, -1.41339],
			"to": [2.05692, 21.04878, 1.58661],
			"rotation": {"angle": -45, "axis": "y", "origin": [1.92311, 25.2498, -1.88295]},
			"faces": {
				"north": {"uv": [8.875, 1.375, 9, 1.5], "texture": "#0"},
				"east": {"uv": [8.125, 4.125, 8.5, 4.25], "texture": "#0"},
				"south": {"uv": [1.5, 8.875, 1.625, 9], "texture": "#0"},
				"west": {"uv": [8.125, 5.75, 8.5, 5.875], "texture": "#0"},
				"up": {"uv": [4.625, 8.5, 4.5, 8.125], "texture": "#0"},
				"down": {"uv": [4.875, 8.125, 4.75, 8.5], "texture": "#0"}
			}
		},
		{
			"from": [0.9728, 20.04878, -2.95791],
			"to": [2.0778, 21.04878, -1.95791],
			"rotation": {"angle": 22.5, "axis": "y", "origin": [2.9728, 25.2498, -2.57523]},
			"faces": {
				"north": {"uv": [8.875, 1.5, 9, 1.625], "texture": "#0"},
				"east": {"uv": [8.875, 1.625, 9, 1.75], "texture": "#0"},
				"south": {"uv": [1.75, 8.875, 1.875, 9], "texture": "#0"},
				"west": {"uv": [8.875, 1.75, 9, 1.875], "texture": "#0"},
				"up": {"uv": [2, 9, 1.875, 8.875], "texture": "#0"},
				"down": {"uv": [9, 1.875, 8.875, 2], "texture": "#0"}
			}
		},
		{
			"from": [1.3728, 21.04878, -2.55791],
			"to": [2.0528, 22.04878, -1.55791],
			"rotation": {"angle": 22.5, "axis": "y", "origin": [3.3728, 26.2498, -2.17523]},
			"faces": {
				"north": {"uv": [2, 8.875, 2.125, 9], "texture": "#0"},
				"east": {"uv": [8.875, 2, 9, 2.125], "texture": "#0"},
				"south": {"uv": [8.875, 2.125, 9, 2.25], "texture": "#0"},
				"west": {"uv": [2.25, 8.875, 2.375, 9], "texture": "#0"},
				"up": {"uv": [9, 2.375, 8.875, 2.25], "texture": "#0"},
				"down": {"uv": [2.5, 8.875, 2.375, 9], "texture": "#0"}
			}
		},
		{
			"from": [1.45692, 21.04878, -1.01339],
			"to": [2.45692, 22.04878, 1.98661],
			"rotation": {"angle": -45, "axis": "y", "origin": [2.32311, 26.2498, -1.48295]},
			"faces": {
				"north": {"uv": [8.875, 2.375, 9, 2.5], "texture": "#0"},
				"east": {"uv": [8.125, 5.875, 8.5, 6], "texture": "#0"},
				"south": {"uv": [2.5, 8.875, 2.625, 9], "texture": "#0"},
				"west": {"uv": [8.125, 6.25, 8.5, 6.375], "texture": "#0"},
				"up": {"uv": [5, 8.5, 4.875, 8.125], "texture": "#0"},
				"down": {"uv": [8.25, 6.375, 8.125, 6.75], "texture": "#0"}
			}
		},
		{
			"from": [-1.5081, 21.04878, 0.20567],
			"to": [-0.5081, 22.04878, 0.88567],
			"rotation": {"angle": -22.5, "axis": "y", "origin": [-1.5081, 24.04878, 2.20567]},
			"faces": {
				"north": {"uv": [2.625, 8.875, 2.75, 9], "texture": "#0"},
				"east": {"uv": [2.75, 8.875, 2.875, 9], "texture": "#0"},
				"south": {"uv": [2.875, 8.875, 3, 9], "texture": "#0"},
				"west": {"uv": [3, 8.875, 3.125, 9], "texture": "#0"},
				"up": {"uv": [9, 3.125, 8.875, 3], "texture": "#0"},
				"down": {"uv": [3.25, 8.875, 3.125, 9], "texture": "#0"}
			}
		},
		{
			"from": [2.15692, 22.04878, -0.26339],
			"to": [3.15692, 23.04878, 2.61161],
			"rotation": {"angle": -45, "axis": "y", "origin": [2.99811, 27.2498, -0.83295]},
			"faces": {
				"north": {"uv": [8.875, 3.125, 9, 3.25], "texture": "#0"},
				"east": {"uv": [8.125, 6.75, 8.5, 6.875], "texture": "#0"},
				"south": {"uv": [3.25, 8.875, 3.375, 9], "texture": "#0"},
				"west": {"uv": [8.125, 6.875, 8.5, 7], "texture": "#0"},
				"up": {"uv": [8.25, 8, 8.125, 7.625], "texture": "#0"},
				"down": {"uv": [8.125, 8.125, 8, 8.5], "texture": "#0"}
			}
		},
		{
			"from": [3.08192, 22.69878, 0.66161],
			"to": [4.08192, 23.69878, 1.66161],
			"rotation": {"angle": -45, "axis": "y", "origin": [2.99811, 27.2498, -0.83295]},
			"faces": {
				"north": {"uv": [8.875, 3.25, 9, 3.375], "texture": "#0"},
				"east": {"uv": [3.375, 8.875, 3.5, 9], "texture": "#0"},
				"south": {"uv": [8.875, 3.375, 9, 3.5], "texture": "#0"},
				"west": {"uv": [3.5, 8.875, 3.625, 9], "texture": "#0"},
				"up": {"uv": [9, 3.625, 8.875, 3.5], "texture": "#0"},
				"down": {"uv": [3.75, 8.875, 3.625, 9], "texture": "#0"}
			}
		},
		{
			"from": [17.5081, 14.04878, -0.76933],
			"to": [18.5081, 19.04878, 0.98567],
			"rotation": {"angle": 22.5, "axis": "y", "origin": [18.5081, 16.04878, 1.23067]},
			"faces": {
				"north": {"uv": [5.75, 7.875, 5.875, 8.5], "texture": "#0"},
				"east": {"uv": [0.25, 6.875, 0.5, 7.5], "texture": "#0"},
				"south": {"uv": [5.875, 7.875, 6, 8.5], "texture": "#0"},
				"west": {"uv": [0.5, 6.875, 0.75, 7.5], "texture": "#0"},
				"up": {"uv": [4, 8.75, 3.875, 8.5], "texture": "#0"},
				"down": {"uv": [8.625, 6.75, 8.5, 7], "texture": "#0"}
			}
		},
		{
			"from": [14.54308, 14.04878, -1.98839],
			"to": [15.54308, 19.04878, 1.01161],
			"rotation": {"angle": 45, "axis": "y", "origin": [14.67689, 18.2498, -2.45795]},
			"faces": {
				"north": {"uv": [6, 7.875, 6.125, 8.5], "texture": "#0"},
				"east": {"uv": [5, 6, 5.375, 6.625], "texture": "#0"},
				"south": {"uv": [6.125, 7.875, 6.25, 8.5], "texture": "#0"},
				"west": {"uv": [5.375, 6, 5.75, 6.625], "texture": "#0"},
				"up": {"uv": [8.25, 8.375, 8.125, 8], "texture": "#0"},
				"down": {"uv": [8.375, 0, 8.25, 0.375], "texture": "#0"}
			}
		},
		{
			"from": [13.8722, 14.04878, -3.53291],
			"to": [15.6272, 19.04878, -2.53291],
			"rotation": {"angle": -22.5, "axis": "y", "origin": [13.6272, 18.2498, -3.15023]},
			"faces": {
				"north": {"uv": [5, 6.875, 5.25, 7.5], "texture": "#0"},
				"east": {"uv": [6.25, 7.875, 6.375, 8.5], "texture": "#0"},
				"south": {"uv": [5.25, 6.875, 5.5, 7.5], "texture": "#0"},
				"west": {"uv": [6.375, 7.875, 6.5, 8.5], "texture": "#0"},
				"up": {"uv": [7.125, 8.625, 6.875, 8.5], "texture": "#0"},
				"down": {"uv": [8.75, 7, 8.5, 7.125], "texture": "#0"}
			}
		},
		{
			"from": [13.8972, 19.04878, -3.23291],
			"to": [15.3272, 20.04878, -2.23291],
			"rotation": {"angle": -22.5, "axis": "y", "origin": [13.3272, 24.2498, -2.85023]},
			"faces": {
				"north": {"uv": [8.875, 3.625, 9, 3.75], "texture": "#0"},
				"east": {"uv": [3.75, 8.875, 3.875, 9], "texture": "#0"},
				"south": {"uv": [8.875, 4, 9, 4.125], "texture": "#0"},
				"west": {"uv": [8.875, 4.125, 9, 4.25], "texture": "#0"},
				"up": {"uv": [4.375, 9, 4.25, 8.875], "texture": "#0"},
				"down": {"uv": [9, 4.25, 8.875, 4.375], "texture": "#0"}
			}
		},
		{
			"from": [14.24308, 19.04878, -1.68839],
			"to": [15.24308, 20.04878, 1.31161],
			"rotation": {"angle": 45, "axis": "y", "origin": [14.37689, 24.2498, -2.15795]},
			"faces": {
				"north": {"uv": [4.375, 8.875, 4.5, 9], "texture": "#0"},
				"east": {"uv": [8.125, 7, 8.5, 7.125], "texture": "#0"},
				"south": {"uv": [8.875, 4.375, 9, 4.5], "texture": "#0"},
				"west": {"uv": [8.125, 7.125, 8.5, 7.25], "texture": "#0"},
				"up": {"uv": [8.375, 0.75, 8.25, 0.375], "texture": "#0"},
				"down": {"uv": [1.375, 8.25, 1.25, 8.625], "texture": "#0"}
			}
		},
		{
			"from": [17.2081, 19.04878, -0.46933],
			"to": [18.2081, 20.04878, 0.96067],
			"rotation": {"angle": 22.5, "axis": "y", "origin": [18.2081, 22.04878, 1.53067]},
			"faces": {
				"north": {"uv": [8.875, 4.5, 9, 4.625], "texture": "#0"},
				"east": {"uv": [8.875, 4.625, 9, 4.75], "texture": "#0"},
				"south": {"uv": [8.875, 4.75, 9, 4.875], "texture": "#0"},
				"west": {"uv": [5, 8.875, 5.125, 9], "texture": "#0"},
				"up": {"uv": [9, 5.125, 8.875, 5], "texture": "#0"},
				"down": {"uv": [5.25, 8.875, 5.125, 9], "texture": "#0"}
			}
		},
		{
			"from": [16.9081, 20.04878, -0.19433],
			"to": [17.9081, 21.04878, 0.91067],
			"rotation": {"angle": 22.5, "axis": "y", "origin": [17.9081, 23.04878, 1.80567]},
			"faces": {
				"north": {"uv": [8.875, 5.125, 9, 5.25], "texture": "#0"},
				"east": {"uv": [8.875, 5.25, 9, 5.375], "texture": "#0"},
				"south": {"uv": [5.375, 8.875, 5.5, 9], "texture": "#0"},
				"west": {"uv": [5.5, 8.875, 5.625, 9], "texture": "#0"},
				"up": {"uv": [9, 5.75, 8.875, 5.625], "texture": "#0"},
				"down": {"uv": [9, 5.75, 8.875, 5.875], "texture": "#0"}
			}
		},
		{
			"from": [13.94308, 20.04878, -1.41339],
			"to": [14.94308, 21.04878, 1.58661],
			"rotation": {"angle": 45, "axis": "y", "origin": [14.07689, 25.2498, -1.88295]},
			"faces": {
				"north": {"uv": [8.875, 5.875, 9, 6], "texture": "#0"},
				"east": {"uv": [8.25, 0.75, 8.625, 0.875], "texture": "#0"},
				"south": {"uv": [8.875, 6, 9, 6.125], "texture": "#0"},
				"west": {"uv": [8.25, 1.375, 8.625, 1.5], "texture": "#0"},
				"up": {"uv": [1.5, 8.625, 1.375, 8.25], "texture": "#0"},
				"down": {"uv": [1.875, 8.25, 1.75, 8.625], "texture": "#0"}
			}
		},
		{
			"from": [13.9222, 20.04878, -2.95791],
			"to": [15.0272, 21.04878, -1.95791],
			"rotation": {"angle": -22.5, "axis": "y", "origin": [13.0272, 25.2498, -2.57523]},
			"faces": {
				"north": {"uv": [6.125, 8.875, 6.25, 9], "texture": "#0"},
				"east": {"uv": [8.875, 6.125, 9, 6.25], "texture": "#0"},
				"south": {"uv": [6.25, 8.875, 6.375, 9], "texture": "#0"},
				"west": {"uv": [6.375, 8.875, 6.5, 9], "texture": "#0"},
				"up": {"uv": [6.625, 9, 6.5, 8.875], "texture": "#0"},
				"down": {"uv": [6.75, 8.875, 6.625, 9], "texture": "#0"}
			}
		},
		{
			"from": [13.9472, 21.04878, -2.55791],
			"to": [14.6272, 22.04878, -1.55791],
			"rotation": {"angle": -22.5, "axis": "y", "origin": [12.6272, 26.2498, -2.17523]},
			"faces": {
				"north": {"uv": [6.75, 8.875, 6.875, 9], "texture": "#0"},
				"east": {"uv": [8.875, 6.75, 9, 6.875], "texture": "#0"},
				"south": {"uv": [8.875, 6.875, 9, 7], "texture": "#0"},
				"west": {"uv": [8.875, 7, 9, 7.125], "texture": "#0"},
				"up": {"uv": [9, 7.25, 8.875, 7.125], "texture": "#0"},
				"down": {"uv": [7.375, 8.875, 7.25, 9], "texture": "#0"}
			}
		},
		{
			"from": [13.54308, 21.04878, -1.01339],
			"to": [14.54308, 22.04878, 1.98661],
			"rotation": {"angle": 45, "axis": "y", "origin": [13.67689, 26.2498, -1.48295]},
			"faces": {
				"north": {"uv": [7.375, 8.875, 7.5, 9], "texture": "#0"},
				"east": {"uv": [8.25, 1.5, 8.625, 1.625], "texture": "#0"},
				"south": {"uv": [8.875, 7.375, 9, 7.5], "texture": "#0"},
				"west": {"uv": [1.875, 8.25, 2.25, 8.375], "texture": "#0"},
				"up": {"uv": [8.375, 2.375, 8.25, 2], "texture": "#0"},
				"down": {"uv": [2.375, 8.25, 2.25, 8.625], "texture": "#0"}
			}
		},
		{
			"from": [16.5081, 21.04878, 0.20567],
			"to": [17.5081, 22.04878, 0.88567],
			"rotation": {"angle": 22.5, "axis": "y", "origin": [17.5081, 24.04878, 2.20567]},
			"faces": {
				"north": {"uv": [7.5, 8.875, 7.625, 9], "texture": "#0"},
				"east": {"uv": [8.875, 7.5, 9, 7.625], "texture": "#0"},
				"south": {"uv": [7.75, 8.875, 7.875, 9], "texture": "#0"},
				"west": {"uv": [8.875, 7.75, 9, 7.875], "texture": "#0"},
				"up": {"uv": [8, 9, 7.875, 8.875], "texture": "#0"},
				"down": {"uv": [9, 7.875, 8.875, 8], "texture": "#0"}
			}
		},
		{
			"from": [12.84308, 22.04878, -0.26339],
			"to": [13.84308, 23.04878, 2.61161],
			"rotation": {"angle": 45, "axis": "y", "origin": [13.00189, 27.2498, -0.83295]},
			"faces": {
				"north": {"uv": [8.875, 8, 9, 8.125], "texture": "#0"},
				"east": {"uv": [2.375, 8.25, 2.75, 8.375], "texture": "#0"},
				"south": {"uv": [8.875, 8.125, 9, 8.25], "texture": "#0"},
				"west": {"uv": [8.25, 2.375, 8.625, 2.5], "texture": "#0"},
				"up": {"uv": [8.375, 2.875, 8.25, 2.5], "texture": "#0"},
				"down": {"uv": [2.875, 8.25, 2.75, 8.625], "texture": "#0"}
			}
		},
		{
			"from": [11.91808, 22.69878, 0.66161],
			"to": [12.91808, 23.69878, 1.66161],
			"rotation": {"angle": 45, "axis": "y", "origin": [13.00189, 27.2498, -0.83295]},
			"faces": {
				"north": {"uv": [8.25, 8.875, 8.375, 9], "texture": "#0"},
				"east": {"uv": [8.375, 8.875, 8.5, 9], "texture": "#0"},
				"south": {"uv": [8.5, 8.875, 8.625, 9], "texture": "#0"},
				"west": {"uv": [8.875, 8.5, 9, 8.625], "texture": "#0"},
				"up": {"uv": [8.75, 9, 8.625, 8.875], "texture": "#0"},
				"down": {"uv": [8.875, 8.875, 8.75, 9], "texture": "#0"}
			}
		},
		{
			"from": [2, 22.11811, -2.66818],
			"to": [14, 23.11811, -0.66818],
			"rotation": {"angle": -45, "axis": "x", "origin": [5, 22.9596, -0.89862]},
			"faces": {
				"north": {"uv": [6.5, 2.375, 8, 2.5], "texture": "#0"},
				"east": {"uv": [7.125, 8.5, 7.375, 8.625], "texture": "#0"},
				"south": {"uv": [6.5, 2.5, 8, 2.625], "texture": "#0"},
				"west": {"uv": [8.5, 7.125, 8.75, 7.25], "texture": "#0"},
				"up": {"uv": [6, 4.25, 4.5, 4], "texture": "#0"},
				"down": {"uv": [6.25, 1.375, 4.75, 1.625], "texture": "#0"}
			}
		},
		{
			"from": [2, 23, -1],
			"to": [14, 24, 1],
			"rotation": {"angle": -22.5, "axis": "x", "origin": [5, 24, 1]},
			"faces": {
				"north": {"uv": [6.5, 2.625, 8, 2.75], "texture": "#0"},
				"east": {"uv": [7.375, 8.5, 7.625, 8.625], "texture": "#0"},
				"south": {"uv": [6.5, 5.125, 8, 5.25], "texture": "#0"},
				"west": {"uv": [8.375, 8.5, 8.625, 8.625], "texture": "#0"},
				"up": {"uv": [6.25, 3.25, 4.75, 3], "texture": "#0"},
				"down": {"uv": [6.25, 3.25, 4.75, 3.5], "texture": "#0"}
			}
		},
		{
			"from": [7.80591, 23.75704, 1],
			"to": [9.80591, 24.75704, 15],
			"rotation": {"angle": 22.5, "axis": "z", "origin": [7.80591, 4.75704, 0]},
			"faces": {
				"north": {"uv": [0, 8.625, 0.25, 8.75], "texture": "#0"},
				"east": {"uv": [6, 4, 7.75, 4.125], "texture": "#0"},
				"south": {"uv": [0.25, 8.625, 0.5, 8.75], "texture": "#0"},
				"west": {"uv": [6, 4.125, 7.75, 4.25], "texture": "#0"},
				"up": {"uv": [2, 6.625, 1.75, 4.875], "texture": "#0"},
				"down": {"uv": [2.25, 4.875, 2, 6.625], "texture": "#0"}
			}
		},
		{
			"from": [11.70859, 29.50671, 1],
			"to": [13.70859, 30.50671, 15],
			"rotation": {"angle": 45, "axis": "z", "origin": [15.70859, 10.50671, 0]},
			"faces": {
				"north": {"uv": [0.5, 8.625, 0.75, 8.75], "texture": "#0"},
				"east": {"uv": [6.25, 1.375, 8, 1.5], "texture": "#0"},
				"south": {"uv": [0.75, 8.625, 1, 8.75], "texture": "#0"},
				"west": {"uv": [6.25, 1.5, 8, 1.625], "texture": "#0"},
				"up": {"uv": [2.5, 6.625, 2.25, 4.875], "texture": "#0"},
				"down": {"uv": [2.75, 4.875, 2.5, 6.625], "texture": "#0"}
			}
		},
		{
			"from": [0.27709, 10.55779, 1],
			"to": [1.27709, 13.55779, 15],
			"rotation": {"angle": -22.5, "axis": "z", "origin": [20.27709, 21.55779, 0]},
			"faces": {
				"north": {"uv": [2.875, 8.25, 3, 8.625], "texture": "#0"},
				"east": {"uv": [3, 1.25, 4.75, 1.625], "texture": "#0"},
				"south": {"uv": [8.25, 2.875, 8.375, 3.25], "texture": "#0"},
				"west": {"uv": [3, 3, 4.75, 3.375], "texture": "#0"},
				"up": {"uv": [4.5, 7, 4.375, 5.25], "texture": "#0"},
				"down": {"uv": [0.875, 6.25, 0.75, 8], "texture": "#0"}
			}
		},
		{
			"from": [-2.41002, 14.04878, 1],
			"to": [-1.41002, 19.04878, 15],
			"rotation": {"angle": 0, "axis": "y", "origin": [27.58998, 29.04878, 0]},
			"faces": {
				"north": {"uv": [6.75, 7.875, 6.875, 8.5], "texture": "#0"},
				"east": {"uv": [0, 1.75, 1.75, 2.375], "texture": "#0"},
				"south": {"uv": [6.875, 7.875, 7, 8.5], "texture": "#0"},
				"west": {"uv": [1.75, 1.75, 3.5, 2.375], "texture": "#0"},
				"up": {"uv": [1, 8, 0.875, 6.25], "texture": "#0"},
				"down": {"uv": [4.875, 6.375, 4.75, 8.125], "texture": "#0"}
			}
		},
		{
			"from": [6.19409, 23.75704, 1],
			"to": [8.19409, 24.75704, 15],
			"rotation": {"angle": -22.5, "axis": "z", "origin": [8.19409, 4.75704, 0]},
			"faces": {
				"north": {"uv": [8.625, 0.75, 8.875, 0.875], "texture": "#0"},
				"east": {"uv": [6.25, 3, 8, 3.125], "texture": "#0"},
				"south": {"uv": [1, 8.625, 1.25, 8.75], "texture": "#0"},
				"west": {"uv": [6.25, 3.125, 8, 3.25], "texture": "#0"},
				"up": {"uv": [3, 6.625, 2.75, 4.875], "texture": "#0"},
				"down": {"uv": [3.25, 4.875, 3, 6.625], "texture": "#0"}
			}
		},
		{
			"from": [2.29141, 29.50671, 1],
			"to": [4.29141, 30.50671, 15],
			"rotation": {"angle": -45, "axis": "z", "origin": [0.29141, 10.50671, 0]},
			"faces": {
				"north": {"uv": [1.25, 8.625, 1.5, 8.75], "texture": "#0"},
				"east": {"uv": [6.25, 3.25, 8, 3.375], "texture": "#0"},
				"south": {"uv": [8.625, 1.375, 8.875, 1.5], "texture": "#0"},
				"west": {"uv": [6.25, 3.375, 8, 3.5], "texture": "#0"},
				"up": {"uv": [3.5, 6.625, 3.25, 4.875], "texture": "#0"},
				"down": {"uv": [3.75, 4.875, 3.5, 6.625], "texture": "#0"}
			}
		},
		{
			"from": [14.72291, 10.55779, 1],
			"to": [15.72291, 13.55779, 15],
			"rotation": {"angle": 22.5, "axis": "z", "origin": [-4.27709, 21.55779, 0]},
			"faces": {
				"north": {"uv": [8.25, 3.25, 8.375, 3.625], "texture": "#0"},
				"east": {"uv": [3, 3.375, 4.75, 3.75], "texture": "#0"},
				"south": {"uv": [8.25, 3.625, 8.375, 4], "texture": "#0"},
				"west": {"uv": [3.5, 1.625, 5.25, 2], "texture": "#0"},
				"up": {"uv": [5, 8.125, 4.875, 6.375], "texture": "#0"},
				"down": {"uv": [4.125, 6.5, 4, 8.25], "texture": "#0"}
			}
		},
		{
			"from": [17.41002, 14.04878, 1],
			"to": [18.41002, 19.04878, 15],
			"rotation": {"angle": 0, "axis": "y", "origin": [-11.58998, 29.04878, 0]},
			"faces": {
				"north": {"uv": [7, 7.875, 7.125, 8.5], "texture": "#0"},
				"east": {"uv": [0, 2.375, 1.75, 3], "texture": "#0"},
				"south": {"uv": [7.125, 7.875, 7.25, 8.5], "texture": "#0"},
				"west": {"uv": [1.75, 2.375, 3.5, 3], "texture": "#0"},
				"up": {"uv": [4.25, 8.25, 4.125, 6.5], "texture": "#0"},
				"down": {"uv": [4.375, 6.5, 4.25, 8.25], "texture": "#0"}
			}
		},
		{
			"from": [2, 14.04878, 18.41002],
			"to": [14, 19.04878, 19.41002],
			"rotation": {"angle": 0, "axis": "y", "origin": [5, 19.2498, 19.02734]},
			"faces": {
				"north": {"uv": [3, 0.625, 4.5, 1.25], "texture": "#0"},
				"east": {"uv": [7.25, 7.875, 7.375, 8.5], "texture": "#0"},
				"south": {"uv": [1.5, 3, 3, 3.625], "texture": "#0"},
				"west": {"uv": [7.375, 7.875, 7.5, 8.5], "texture": "#0"},
				"up": {"uv": [6.5, 6.75, 5, 6.625], "texture": "#0"},
				"down": {"uv": [8.25, 0, 6.75, 0.125], "texture": "#0"}
			}
		},
		{
			"from": [2, 18.73271, 17.13805],
			"to": [14, 21.73271, 18.13805],
			"rotation": {"angle": -22.5, "axis": "x", "origin": [5, 22.08805, 17.97954]},
			"faces": {
				"north": {"uv": [0, 3.625, 1.5, 4], "texture": "#0"},
				"east": {"uv": [4, 8.25, 4.125, 8.625], "texture": "#0"},
				"south": {"uv": [1.5, 3.625, 3, 4], "texture": "#0"},
				"west": {"uv": [4.125, 8.25, 4.25, 8.625], "texture": "#0"},
				"up": {"uv": [8.25, 0.25, 6.75, 0.125], "texture": "#0"},
				"down": {"uv": [8.25, 0.25, 6.75, 0.375], "texture": "#0"}
			}
		},
		{
			"from": [-2.5081, 14.04878, 15.01433],
			"to": [-1.5081, 19.04878, 16.76933],
			"rotation": {"angle": 22.5, "axis": "y", "origin": [-2.5081, 16.04878, 14.76933]},
			"faces": {
				"north": {"uv": [7.5, 7.875, 7.625, 8.5], "texture": "#0"},
				"east": {"uv": [5.5, 6.875, 5.75, 7.5], "texture": "#0"},
				"south": {"uv": [7.625, 7.875, 7.75, 8.5], "texture": "#0"},
				"west": {"uv": [5.75, 6.875, 6, 7.5], "texture": "#0"},
				"up": {"uv": [7.75, 8.75, 7.625, 8.5], "texture": "#0"},
				"down": {"uv": [8.125, 8.5, 8, 8.75], "texture": "#0"}
			}
		},
		{
			"from": [0.45692, 14.04878, 14.98839],
			"to": [1.45692, 19.04878, 17.98839],
			"rotation": {"angle": 45, "axis": "y", "origin": [1.32311, 18.2498, 18.45795]},
			"faces": {
				"north": {"uv": [0, 8, 0.125, 8.625], "texture": "#0"},
				"east": {"uv": [5.75, 6, 6.125, 6.625], "texture": "#0"},
				"south": {"uv": [0.125, 8, 0.25, 8.625], "texture": "#0"},
				"west": {"uv": [6.125, 6, 6.5, 6.625], "texture": "#0"},
				"up": {"uv": [4.375, 8.625, 4.25, 8.25], "texture": "#0"},
				"down": {"uv": [8.375, 5.25, 8.25, 5.625], "texture": "#0"}
			}
		},
		{
			"from": [0.3728, 14.04878, 18.53291],
			"to": [2.1278, 19.04878, 19.53291],
			"rotation": {"angle": -22.5, "axis": "y", "origin": [2.3728, 18.2498, 19.15023]},
			"faces": {
				"north": {"uv": [6, 6.875, 6.25, 7.5], "texture": "#0"},
				"east": {"uv": [0.25, 8, 0.375, 8.625], "texture": "#0"},
				"south": {"uv": [6.25, 6.875, 6.5, 7.5], "texture": "#0"},
				"west": {"uv": [0.375, 8, 0.5, 8.625], "texture": "#0"},
				"up": {"uv": [8.875, 1.625, 8.625, 1.5], "texture": "#0"},
				"down": {"uv": [8.875, 2.375, 8.625, 2.5], "texture": "#0"}
			}
		},
		{
			"from": [0.6728, 19.04878, 18.23291],
			"to": [2.1028, 20.04878, 19.23291],
			"rotation": {"angle": -22.5, "axis": "y", "origin": [2.6728, 24.2498, 18.85023]},
			"faces": {
				"north": {"uv": [8.875, 8.875, 9, 9], "texture": "#0"},
				"east": {"uv": [0, 9, 0.125, 9.125], "texture": "#0"},
				"south": {"uv": [9, 0, 9.125, 0.125], "texture": "#0"},
				"west": {"uv": [0.125, 9, 0.25, 9.125], "texture": "#0"},
				"up": {"uv": [0.375, 9.125, 0.25, 9], "texture": "#0"},
				"down": {"uv": [9.125, 0.25, 9, 0.375], "texture": "#0"}
			}
		},
		{
			"from": [0.75692, 19.04878, 14.68839],
			"to": [1.75692, 20.04878, 17.68839],
			"rotation": {"angle": 45, "axis": "y", "origin": [1.62311, 24.2498, 18.15795]},
			"faces": {
				"north": {"uv": [0.375, 9, 0.5, 9.125], "texture": "#0"},
				"east": {"uv": [8.25, 4, 8.625, 4.125], "texture": "#0"},
				"south": {"uv": [9, 0.375, 9.125, 0.5], "texture": "#0"},
				"west": {"uv": [8.25, 4.625, 8.625, 4.75], "texture": "#0"},
				"up": {"uv": [8.375, 6.75, 8.25, 6.375], "texture": "#0"},
				"down": {"uv": [8.375, 7.5, 8.25, 7.875], "texture": "#0"}
			}
		},
		{
			"from": [-2.2081, 19.04878, 15.03933],
			"to": [-1.2081, 20.04878, 16.46933],
			"rotation": {"angle": 22.5, "axis": "y", "origin": [-2.2081, 22.04878, 14.46933]},
			"faces": {
				"north": {"uv": [0.5, 9, 0.625, 9.125], "texture": "#0"},
				"east": {"uv": [9, 0.5, 9.125, 0.625], "texture": "#0"},
				"south": {"uv": [0.625, 9, 0.75, 9.125], "texture": "#0"},
				"west": {"uv": [9, 0.625, 9.125, 0.75], "texture": "#0"},
				"up": {"uv": [0.875, 9.125, 0.75, 9], "texture": "#0"},
				"down": {"uv": [9.125, 0.75, 9, 0.875], "texture": "#0"}
			}
		},
		{
			"from": [-1.9081, 20.04878, 15.08933],
			"to": [-0.9081, 21.04878, 16.19433],
			"rotation": {"angle": 22.5, "axis": "y", "origin": [-1.9081, 23.04878, 14.19433]},
			"faces": {
				"north": {"uv": [0.875, 9, 1, 9.125], "texture": "#0"},
				"east": {"uv": [9, 0.875, 9.125, 1], "texture": "#0"},
				"south": {"uv": [1, 9, 1.125, 9.125], "texture": "#0"},
				"west": {"uv": [9, 1, 9.125, 1.125], "texture": "#0"},
				"up": {"uv": [1.25, 9.125, 1.125, 9], "texture": "#0"},
				"down": {"uv": [9.125, 1.125, 9, 1.25], "texture": "#0"}
			}
		},
		{
			"from": [1.05692, 20.04878, 14.41339],
			"to": [2.05692, 21.04878, 17.41339],
			"rotation": {"angle": 45, "axis": "y", "origin": [1.92311, 25.2498, 17.88295]},
			"faces": {
				"north": {"uv": [1.25, 9, 1.375, 9.125], "texture": "#0"},
				"east": {"uv": [8.25, 4.75, 8.625, 4.875], "texture": "#0"},
				"south": {"uv": [9, 1.25, 9.125, 1.375], "texture": "#0"},
				"west": {"uv": [8.25, 5, 8.625, 5.125], "texture": "#0"},
				"up": {"uv": [7.875, 8.625, 7.75, 8.25], "texture": "#0"},
				"down": {"uv": [8, 8.25, 7.875, 8.625], "texture": "#0"}
			}
		},
		{
			"from": [0.9728, 20.04878, 17.95791],
			"to": [2.0778, 21.04878, 18.95791],
			"rotation": {"angle": -22.5, "axis": "y", "origin": [2.9728, 25.2498, 18.57523]},
			"faces": {
				"north": {"uv": [1.375, 9, 1.5, 9.125], "texture": "#0"},
				"east": {"uv": [9, 1.375, 9.125, 1.5], "texture": "#0"},
				"south": {"uv": [1.5, 9, 1.625, 9.125], "texture": "#0"},
				"west": {"uv": [9, 1.5, 9.125, 1.625], "texture": "#0"},
				"up": {"uv": [1.75, 9.125, 1.625, 9], "texture": "#0"},
				"down": {"uv": [9.125, 1.625, 9, 1.75], "texture": "#0"}
			}
		},
		{
			"from": [1.3728, 21.04878, 17.55791],
			"to": [2.0528, 22.04878, 18.55791],
			"rotation": {"angle": -22.5, "axis": "y", "origin": [3.3728, 26.2498, 18.17523]},
			"faces": {
				"north": {"uv": [1.75, 9, 1.875, 9.125], "texture": "#0"},
				"east": {"uv": [9, 1.75, 9.125, 1.875], "texture": "#0"},
				"south": {"uv": [1.875, 9, 2, 9.125], "texture": "#0"},
				"west": {"uv": [9, 1.875, 9.125, 2], "texture": "#0"},
				"up": {"uv": [2.125, 9.125, 2, 9], "texture": "#0"},
				"down": {"uv": [9.125, 2, 9, 2.125], "texture": "#0"}
			}
		},
		{
			"from": [1.45692, 21.04878, 14.01339],
			"to": [2.45692, 22.04878, 17.01339],
			"rotation": {"angle": 45, "axis": "y", "origin": [2.32311, 26.2498, 17.48295]},
			"faces": {
				"north": {"uv": [2.125, 9, 2.25, 9.125], "texture": "#0"},
				"east": {"uv": [8.25, 5.625, 8.625, 5.75], "texture": "#0"},
				"south": {"uv": [9, 2.125, 9.125, 2.25], "texture": "#0"},
				"west": {"uv": [8.25, 6, 8.625, 6.125], "texture": "#0"},
				"up": {"uv": [8.375, 8.25, 8.25, 7.875], "texture": "#0"},
				"down": {"uv": [8.375, 8.25, 8.25, 8.625], "texture": "#0"}
			}
		},
		{
			"from": [-1.5081, 21.04878, 15.11433],
			"to": [-0.5081, 22.04878, 15.79433],
			"rotation": {"angle": 22.5, "axis": "y", "origin": [-1.5081, 24.04878, 13.79433]},
			"faces": {
				"north": {"uv": [2.25, 9, 2.375, 9.125], "texture": "#0"},
				"east": {"uv": [9, 2.25, 9.125, 2.375], "texture": "#0"},
				"south": {"uv": [2.375, 9, 2.5, 9.125], "texture": "#0"},
				"west": {"uv": [9, 2.375, 9.125, 2.5], "texture": "#0"},
				"up": {"uv": [2.625, 9.125, 2.5, 9], "texture": "#0"},
				"down": {"uv": [9.125, 2.5, 9, 2.625], "texture": "#0"}
			}
		},
		{
			"from": [2.15692, 22.04878, 13.38839],
			"to": [3.15692, 23.04878, 16.26339],
			"rotation": {"angle": 45, "axis": "y", "origin": [2.99811, 27.2498, 16.83295]},
			"faces": {
				"north": {"uv": [2.625, 9, 2.75, 9.125], "texture": "#0"},
				"east": {"uv": [8.25, 6.125, 8.625, 6.25], "texture": "#0"},
				"south": {"uv": [9, 2.625, 9.125, 2.75], "texture": "#0"},
				"west": {"uv": [8.375, 0, 8.75, 0.125], "texture": "#0"},
				"up": {"uv": [8.5, 0.5, 8.375, 0.125], "texture": "#0"},
				"down": {"uv": [1.75, 8.375, 1.625, 8.75], "texture": "#0"}
			}
		},
		{
			"from": [3.08192, 22.69878, 14.33839],
			"to": [4.08192, 23.69878, 15.33839],
			"rotation": {"angle": 45, "axis": "y", "origin": [2.99811, 27.2498, 16.83295]},
			"faces": {
				"north": {"uv": [2.75, 9, 2.875, 9.125], "texture": "#0"},
				"east": {"uv": [9, 2.75, 9.125, 2.875], "texture": "#0"},
				"south": {"uv": [2.875, 9, 3, 9.125], "texture": "#0"},
				"west": {"uv": [9, 2.875, 9.125, 3], "texture": "#0"},
				"up": {"uv": [3.125, 9.125, 3, 9], "texture": "#0"},
				"down": {"uv": [9.125, 3, 9, 3.125], "texture": "#0"}
			}
		},
		{
			"from": [17.5081, 14.04878, 15.01433],
			"to": [18.5081, 19.04878, 16.76933],
			"rotation": {"angle": -22.5, "axis": "y", "origin": [18.5081, 16.04878, 14.76933]},
			"faces": {
				"north": {"uv": [0.5, 8, 0.625, 8.625], "texture": "#0"},
				"east": {"uv": [6.5, 6.875, 6.75, 7.5], "texture": "#0"},
				"south": {"uv": [0.625, 8, 0.75, 8.625], "texture": "#0"},
				"west": {"uv": [6.75, 6.875, 7, 7.5], "texture": "#0"},
				"up": {"uv": [1.875, 8.875, 1.75, 8.625], "texture": "#0"},
				"down": {"uv": [2.375, 8.625, 2.25, 8.875], "texture": "#0"}
			}
		},
		{
			"from": [14.54308, 14.04878, 14.98839],
			"to": [15.54308, 19.04878, 17.98839],
			"rotation": {"angle": -45, "axis": "y", "origin": [14.67689, 18.2498, 18.45795]},
			"faces": {
				"north": {"uv": [0.75, 8, 0.875, 8.625], "texture": "#0"},
				"east": {"uv": [0, 6.25, 0.375, 6.875], "texture": "#0"},
				"south": {"uv": [0.875, 8, 1, 8.625], "texture": "#0"},
				"west": {"uv": [0.375, 6.25, 0.75, 6.875], "texture": "#0"},
				"up": {"uv": [8.5, 2, 8.375, 1.625], "texture": "#0"},
				"down": {"uv": [2, 8.375, 1.875, 8.75], "texture": "#0"}
			}
		},
		{
			"from": [13.8722, 14.04878, 18.53291],
			"to": [15.6272, 19.04878, 19.53291],
			"rotation": {"angle": 22.5, "axis": "y", "origin": [13.6272, 18.2498, 19.15023]},
			"faces": {
				"north": {"uv": [3, 7, 3.25, 7.625], "texture": "#0"},
				"east": {"uv": [1, 8, 1.125, 8.625], "texture": "#0"},
				"south": {"uv": [3.25, 7, 3.5, 7.625], "texture": "#0"},
				"west": {"uv": [1.125, 8, 1.25, 8.625], "texture": "#0"},
				"up": {"uv": [3, 8.75, 2.75, 8.625], "texture": "#0"},
				"down": {"uv": [3.25, 8.625, 3, 8.75], "texture": "#0"}
			}
		},
		{
			"from": [13.8972, 19.04878, 18.23291],
			"to": [15.3272, 20.04878, 19.23291],
			"rotation": {"angle": 22.5, "axis": "y", "origin": [13.3272, 24.2498, 18.85023]},
			"faces": {
				"north": {"uv": [3.125, 9, 3.25, 9.125], "texture": "#0"},
				"east": {"uv": [9, 3.125, 9.125, 3.25], "texture": "#0"},
				"south": {"uv": [3.25, 9, 3.375, 9.125], "texture": "#0"},
				"west": {"uv": [9, 3.25, 9.125, 3.375], "texture": "#0"},
				"up": {"uv": [3.5, 9.125, 3.375, 9], "texture": "#0"},
				"down": {"uv": [9.125, 3.375, 9, 3.5], "texture": "#0"}
			}
		},
		{
			"from": [14.24308, 19.04878, 14.68839],
			"to": [15.24308, 20.04878, 17.68839],
			"rotation": {"angle": -45, "axis": "y", "origin": [14.37689, 24.2498, 18.15795]},
			"faces": {
				"north": {"uv": [3.5, 9, 3.625, 9.125], "texture": "#0"},
				"east": {"uv": [8.375, 0.5, 8.75, 0.625], "texture": "#0"},
				"south": {"uv": [9, 3.5, 9.125, 3.625], "texture": "#0"},
				"west": {"uv": [8.375, 0.625, 8.75, 0.75], "texture": "#0"},
				"up": {"uv": [2.125, 8.75, 2, 8.375], "texture": "#0"},
				"down": {"uv": [8.5, 2, 8.375, 2.375], "texture": "#0"}
			}
		},
		{
			"from": [17.2081, 19.04878, 15.03933],
			"to": [18.2081, 20.04878, 16.46933],
			"rotation": {"angle": -22.5, "axis": "y", "origin": [18.2081, 22.04878, 14.46933]},
			"faces": {
				"north": {"uv": [3.625, 9, 3.75, 9.125], "texture": "#0"},
				"east": {"uv": [9, 3.625, 9.125, 3.75], "texture": "#0"},
				"south": {"uv": [3.75, 9, 3.875, 9.125], "texture": "#0"},
				"west": {"uv": [9, 3.75, 9.125, 3.875], "texture": "#0"},
				"up": {"uv": [4, 9.125, 3.875, 9], "texture": "#0"},
				"down": {"uv": [9.125, 3.875, 9, 4], "texture": "#0"}
			}
		},
		{
			"from": [16.9081, 20.04878, 15.08933],
			"to": [17.9081, 21.04878, 16.19433],
			"rotation": {"angle": -22.5, "axis": "y", "origin": [17.9081, 23.04878, 14.19433]},
			"faces": {
				"north": {"uv": [4, 9, 4.125, 9.125], "texture": "#0"},
				"east": {"uv": [9, 4, 9.125, 4.125], "texture": "#0"},
				"south": {"uv": [4.125, 9, 4.25, 9.125], "texture": "#0"},
				"west": {"uv": [9, 4.125, 9.125, 4.25], "texture": "#0"},
				"up": {"uv": [4.375, 9.125, 4.25, 9], "texture": "#0"},
				"down": {"uv": [9.125, 4.25, 9, 4.375], "texture": "#0"}
			}
		},
		{
			"from": [13.94308, 20.04878, 14.41339],
			"to": [14.94308, 21.04878, 17.41339],
			"rotation": {"angle": -45, "axis": "y", "origin": [14.07689, 25.2498, 17.88295]},
			"faces": {
				"north": {"uv": [4.375, 9, 4.5, 9.125], "texture": "#0"},
				"east": {"uv": [8.375, 1, 8.75, 1.125], "texture": "#0"},
				"south": {"uv": [9, 4.375, 9.125, 4.5], "texture": "#0"},
				"west": {"uv": [8.375, 1.125, 8.75, 1.25], "texture": "#0"},
				"up": {"uv": [2.25, 8.75, 2.125, 8.375], "texture": "#0"},
				"down": {"uv": [2.5, 8.375, 2.375, 8.75], "texture": "#0"}
			}
		},
		{
			"from": [13.9222, 20.04878, 17.95791],
			"to": [15.0272, 21.04878, 18.95791],
			"rotation": {"angle": 22.5, "axis": "y", "origin": [13.0272, 25.2498, 18.57523]},
			"faces": {
				"north": {"uv": [4.5, 9, 4.625, 9.125], "texture": "#0"},
				"east": {"uv": [9, 4.5, 9.125, 4.625], "texture": "#0"},
				"south": {"uv": [4.625, 9, 4.75, 9.125], "texture": "#0"},
				"west": {"uv": [9, 4.625, 9.125, 4.75], "texture": "#0"},
				"up": {"uv": [4.875, 9.125, 4.75, 9], "texture": "#0"},
				"down": {"uv": [9.125, 4.75, 9, 4.875], "texture": "#0"}
			}
		},
		{
			"from": [13.9472, 21.04878, 17.55791],
			"to": [14.6272, 22.04878, 18.55791],
			"rotation": {"angle": 22.5, "axis": "y", "origin": [12.6272, 26.2498, 18.17523]},
			"faces": {
				"north": {"uv": [4.875, 9, 5, 9.125], "texture": "#0"},
				"east": {"uv": [9, 4.875, 9.125, 5], "texture": "#0"},
				"south": {"uv": [5, 9, 5.125, 9.125], "texture": "#0"},
				"west": {"uv": [9, 5, 9.125, 5.125], "texture": "#0"},
				"up": {"uv": [5.25, 9.125, 5.125, 9], "texture": "#0"},
				"down": {"uv": [9.125, 5.125, 9, 5.25], "texture": "#0"}
			}
		},
		{
			"from": [13.54308, 21.04878, 14.01339],
			"to": [14.54308, 22.04878, 17.01339],
			"rotation": {"angle": -45, "axis": "y", "origin": [13.67689, 26.2498, 17.48295]},
			"faces": {
				"north": {"uv": [5.25, 9, 5.375, 9.125], "texture": "#0"},
				"east": {"uv": [8.375, 2.5, 8.75, 2.625], "texture": "#0"},
				"south": {"uv": [9, 5.25, 9.125, 5.375], "texture": "#0"},
				"west": {"uv": [8.375, 2.625, 8.75, 2.75], "texture": "#0"},
				"up": {"uv": [2.625, 8.75, 2.5, 8.375], "texture": "#0"},
				"down": {"uv": [2.75, 8.375, 2.625, 8.75], "texture": "#0"}
			}
		},
		{
			"from": [16.5081, 21.04878, 15.11433],
			"to": [17.5081, 22.04878, 15.79433],
			"rotation": {"angle": -22.5, "axis": "y", "origin": [17.5081, 24.04878, 13.79433]},
			"faces": {
				"north": {"uv": [5.375, 9, 5.5, 9.125], "texture": "#0"},
				"east": {"uv": [9, 5.375, 9.125, 5.5], "texture": "#0"},
				"south": {"uv": [5.5, 9, 5.625, 9.125], "texture": "#0"},
				"west": {"uv": [9, 5.5, 9.125, 5.625], "texture": "#0"},
				"up": {"uv": [5.75, 9.125, 5.625, 9], "texture": "#0"},
				"down": {"uv": [9.125, 5.625, 9, 5.75], "texture": "#0"}
			}
		},
		{
			"from": [12.84308, 22.04878, 13.38839],
			"to": [13.84308, 23.04878, 16.26339],
			"rotation": {"angle": -45, "axis": "y", "origin": [13.00189, 27.2498, 16.83295]},
			"faces": {
				"north": {"uv": [5.75, 9, 5.875, 9.125], "texture": "#0"},
				"east": {"uv": [8.375, 2.75, 8.75, 2.875], "texture": "#0"},
				"south": {"uv": [9, 5.75, 9.125, 5.875], "texture": "#0"},
				"west": {"uv": [8.375, 2.875, 8.75, 3], "texture": "#0"},
				"up": {"uv": [8.5, 3.375, 8.375, 3], "texture": "#0"},
				"down": {"uv": [8.5, 3.375, 8.375, 3.75], "texture": "#0"}
			}
		},
		{
			"from": [11.91808, 22.69878, 14.33839],
			"to": [12.91808, 23.69878, 15.33839],
			"rotation": {"angle": -45, "axis": "y", "origin": [13.00189, 27.2498, 16.83295]},
			"faces": {
				"north": {"uv": [5.875, 9, 6, 9.125], "texture": "#0"},
				"east": {"uv": [9, 5.875, 9.125, 6], "texture": "#0"},
				"south": {"uv": [6, 9, 6.125, 9.125], "texture": "#0"},
				"west": {"uv": [9, 6, 9.125, 6.125], "texture": "#0"},
				"up": {"uv": [6.25, 9.125, 6.125, 9], "texture": "#0"},
				"down": {"uv": [9.125, 6.125, 9, 6.25], "texture": "#0"}
			}
		},
		{
			"from": [2, 22.11811, 16.66818],
			"to": [14, 23.11811, 18.66818],
			"rotation": {"angle": 45, "axis": "x", "origin": [5, 22.9596, 16.89862]},
			"faces": {
				"north": {"uv": [6.75, 0.375, 8.25, 0.5], "texture": "#0"},
				"east": {"uv": [3.25, 8.625, 3.5, 8.75], "texture": "#0"},
				"south": {"uv": [6.75, 0.5, 8.25, 0.625], "texture": "#0"},
				"west": {"uv": [3.5, 8.625, 3.75, 8.75], "texture": "#0"},
				"up": {"uv": [6.25, 3.75, 4.75, 3.5], "texture": "#0"},
				"down": {"uv": [6.5, 2, 5, 2.25], "texture": "#0"}
			}
		},
		{
			"from": [2, 23, 15],
			"to": [14, 24, 17],
			"rotation": {"angle": 22.5, "axis": "x", "origin": [5, 24, 15]},
			"faces": {
				"north": {"uv": [6.75, 0.625, 8.25, 0.75], "texture": "#0"},
				"east": {"uv": [4, 8.625, 4.25, 8.75], "texture": "#0"},
				"south": {"uv": [6.75, 0.75, 8.25, 0.875], "texture": "#0"},
				"west": {"uv": [8.625, 4, 8.875, 4.125], "texture": "#0"},
				"up": {"uv": [6.5, 2.5, 5, 2.25], "texture": "#0"},
				"down": {"uv": [6.5, 2.5, 5, 2.75], "texture": "#0"}
			}
		},
		{
			"from": [3, 13.04878, -6.41002],
			"to": [13, 14.04878, -3.41002],
			"rotation": {"angle": 0, "axis": "y", "origin": [0, 5.04878, -0.41002]},
			"faces": {
				"north": {"uv": [7, 5.25, 8.25, 5.375], "texture": "#0"},
				"east": {"uv": [8.375, 3.75, 8.75, 3.875], "texture": "#0"},
				"south": {"uv": [7, 5.375, 8.25, 5.5], "texture": "#0"},
				"west": {"uv": [8.375, 3.875, 8.75, 4], "texture": "#0"},
				"up": {"uv": [2.25, 4.875, 1, 4.5], "texture": "#0"},
				"down": {"uv": [3.5, 4.5, 2.25, 4.875], "texture": "#0"}
			}
		},
		{
			"from": [3, 13.04878, -5.21002],
			"to": [13, 14.04878, -2.21002],
			"rotation": {"angle": -22.5, "axis": "x", "origin": [11, 13.04878, -5.21002]},
			"faces": {
				"north": {"uv": [7, 5.5, 8.25, 5.625], "texture": "#0"},
				"east": {"uv": [8.375, 4.875, 8.75, 5], "texture": "#0"},
				"south": {"uv": [7, 5.625, 8.25, 5.75], "texture": "#0"},
				"west": {"uv": [8.375, 5.125, 8.75, 5.25], "texture": "#0"},
				"up": {"uv": [4.75, 4.875, 3.5, 4.5], "texture": "#0"},
				"down": {"uv": [6, 1, 4.75, 1.375], "texture": "#0"}
			}
		},
		{
			"from": [3.88578, 13.298, -3.95624],
			"to": [12.88578, 14.298, -2.95624],
			"rotation": {"angle": 0, "axis": "y", "origin": [9.91078, 6.54878, -3.33124]},
			"faces": {
				"north": {"uv": [7, 5.75, 8.125, 5.875], "texture": "#0"},
				"east": {"uv": [6.25, 9, 6.375, 9.125], "texture": "#0"},
				"south": {"uv": [7, 5.875, 8.125, 6], "texture": "#0"},
				"west": {"uv": [9, 6.25, 9.125, 6.375], "texture": "#0"},
				"up": {"uv": [8.125, 6.375, 7, 6.25], "texture": "#0"},
				"down": {"uv": [8.125, 6.375, 7, 6.5], "texture": "#0"}
			}
		},
		{
			"from": [1.45042, 13.047, -8.09092],
			"to": [5.45042, 14.047, -5.09092],
			"rotation": {"angle": 22.5, "axis": "y", "origin": [8.45042, 6.04878, -1.09092]},
			"faces": {
				"north": {"uv": [3, 1.625, 3.5, 1.75], "texture": "#0"},
				"east": {"uv": [8.375, 5.25, 8.75, 5.375], "texture": "#0"},
				"south": {"uv": [7.875, 1.625, 8.375, 1.75], "texture": "#0"},
				"west": {"uv": [8.375, 5.375, 8.75, 5.5], "texture": "#0"},
				"up": {"uv": [3.5, 7, 3, 6.625], "texture": "#0"},
				"down": {"uv": [1.5, 6.75, 1, 7.125], "texture": "#0"}
			}
		},
		{
			"from": [2.42542, 13.297, -6.46592],
			"to": [5.42542, 14.297, -4.46592],
			"rotation": {"angle": 22.5, "axis": "y", "origin": [8.45042, 6.54878, 0.15908]},
			"faces": {
				"north": {"uv": [8.375, 5.5, 8.75, 5.625], "texture": "#0"},
				"east": {"uv": [4.25, 8.625, 4.5, 8.75], "texture": "#0"},
				"south": {"uv": [8.375, 6.375, 8.75, 6.5], "texture": "#0"},
				"west": {"uv": [4.5, 8.625, 4.75, 8.75], "texture": "#0"},
				"up": {"uv": [4.75, 7.75, 4.375, 7.5], "texture": "#0"},
				"down": {"uv": [3.375, 7.625, 3, 7.875], "texture": "#0"}
			}
		},
		{
			"from": [2.56477, 13.298, -8.32595],
			"to": [5.56477, 14.298, -6.32595],
			"rotation": {"angle": 45, "axis": "y", "origin": [8.59396, 6.54878, 0.30532]},
			"faces": {
				"north": {"uv": [8.375, 6.5, 8.75, 6.625], "texture": "#0"},
				"east": {"uv": [8.625, 4.625, 8.875, 4.75], "texture": "#0"},
				"south": {"uv": [8.375, 6.625, 8.75, 6.75], "texture": "#0"},
				"west": {"uv": [4.75, 8.625, 5, 8.75], "texture": "#0"},
				"up": {"uv": [8, 4.875, 7.625, 4.625], "texture": "#0"},
				"down": {"uv": [5.375, 7.625, 5, 7.875], "texture": "#0"}
			}
		},
		{
			"from": [-4.1245, 13.297, 3.96301],
			"to": [-2.1245, 14.297, 5.96301],
			"rotation": {"angle": -22.5, "axis": "y", "origin": [10.87074, 6.54878, 7.12621]},
			"faces": {
				"north": {"uv": [8.625, 4.75, 8.875, 4.875], "texture": "#0"},
				"east": {"uv": [5, 8.625, 5.25, 8.75], "texture": "#0"},
				"south": {"uv": [8.625, 5, 8.875, 5.125], "texture": "#0"},
				"west": {"uv": [5.25, 8.625, 5.5, 8.75], "texture": "#0"},
				"up": {"uv": [4.75, 1.25, 4.5, 1], "texture": "#0"},
				"down": {"uv": [8.125, 7, 7.875, 7.25], "texture": "#0"}
			}
		},
		{
			"from": [-3.41002, 13.05, -1],
			"to": [-1.66002, 14.05, 15],
			"rotation": {"angle": 0, "axis": "y", "origin": [27.58998, 29.04878, 11]},
			"faces": {
				"north": {"uv": [5.5, 8.625, 5.75, 8.75], "texture": "#0"},
				"east": {"uv": [5.25, 3.75, 7.25, 3.875], "texture": "#0"},
				"south": {"uv": [8.625, 5.625, 8.875, 5.75], "texture": "#0"},
				"west": {"uv": [5.25, 3.875, 7.25, 4], "texture": "#0"},
				"up": {"uv": [0.25, 6.25, 0, 4.25], "texture": "#0"},
				"down": {"uv": [0.5, 4.25, 0.25, 6.25], "texture": "#0"}
			}
		},
		{
			"from": [-4.16028, 13.047, -0.9381],
			"to": [-2.41028, 14.047, 2.0619],
			"rotation": {"angle": -22.5, "axis": "y", "origin": [-4.26028, 13.04478, 4.0619]},
			"faces": {
				"north": {"uv": [5.75, 8.625, 6, 8.75], "texture": "#0"},
				"east": {"uv": [8.375, 7.25, 8.75, 7.375], "texture": "#0"},
				"south": {"uv": [6, 8.625, 6.25, 8.75], "texture": "#0"},
				"west": {"uv": [8.375, 7.375, 8.75, 7.5], "texture": "#0"},
				"up": {"uv": [4, 7.875, 3.75, 7.5], "texture": "#0"},
				"down": {"uv": [7, 7.5, 6.75, 7.875], "texture": "#0"}
			}
		},
		{
			"from": [-2.88502, 13.07378, 0],
			"to": [-1.01002, 14.07378, 15],
			"rotation": {"angle": 22.5, "axis": "z", "origin": [-2.88502, 13.07378, 0]},
			"faces": {
				"north": {"uv": [8.625, 6, 8.875, 6.125], "texture": "#0"},
				"east": {"uv": [6, 1, 7.875, 1.125], "texture": "#0"},
				"south": {"uv": [8.625, 6.125, 8.875, 6.25], "texture": "#0"},
				"west": {"uv": [6, 1.125, 7.875, 1.25], "texture": "#0"},
				"up": {"uv": [5, 6.375, 4.75, 4.5], "texture": "#0"},
				"down": {"uv": [1.25, 4.875, 1, 6.75], "texture": "#0"}
			}
		},
		{
			"from": [1.47378, 13.047, -1.38862],
			"to": [4.47378, 14.047, 0.76938],
			"rotation": {"angle": -22.5, "axis": "y", "origin": [3.47378, 13.04878, -12.38862]},
			"faces": {
				"north": {"uv": [8.375, 7.5, 8.75, 7.625], "texture": "#0"},
				"east": {"uv": [6.25, 8.625, 6.5, 8.75], "texture": "#0"},
				"south": {"uv": [8.375, 7.625, 8.75, 7.75], "texture": "#0"},
				"west": {"uv": [6.5, 8.625, 6.75, 8.75], "texture": "#0"},
				"up": {"uv": [5.75, 7.875, 5.375, 7.625], "texture": "#0"},
				"down": {"uv": [6.125, 7.625, 5.75, 7.875], "texture": "#0"}
			}
		},
		{
			"from": [-6.93816, 13.04878, -5.80822],
			"to": [-3.93816, 14.04878, -3.13822],
			"rotation": {"angle": -45, "axis": "y", "origin": [-4.93816, 13.04878, 2.19178]},
			"faces": {
				"north": {"uv": [8.375, 7.75, 8.75, 7.875], "texture": "#0"},
				"east": {"uv": [8.375, 7.875, 8.75, 8], "texture": "#0"},
				"south": {"uv": [8.375, 8, 8.75, 8.125], "texture": "#0"},
				"west": {"uv": [8.375, 8.125, 8.75, 8.25], "texture": "#0"},
				"up": {"uv": [7.375, 6.875, 7, 6.5], "texture": "#0"},
				"down": {"uv": [7.375, 6.875, 7, 7.25], "texture": "#0"}
			}
		},
		{
			"from": [10.54958, 13.047, -8.09092],
			"to": [14.54958, 14.047, -5.09092],
			"rotation": {"angle": -22.5, "axis": "y", "origin": [7.54958, 6.04878, -1.09092]},
			"faces": {
				"north": {"uv": [7.875, 7.25, 8.375, 7.375], "texture": "#0"},
				"east": {"uv": [8.375, 8.25, 8.75, 8.375], "texture": "#0"},
				"south": {"uv": [8, 0.875, 8.5, 1], "texture": "#0"},
				"west": {"uv": [8.375, 8.375, 8.75, 8.5], "texture": "#0"},
				"up": {"uv": [7.25, 4.625, 6.75, 4.25], "texture": "#0"},
				"down": {"uv": [7.25, 4.625, 6.75, 5], "texture": "#0"}
			}
		},
		{
			"from": [10.57458, 13.297, -6.46592],
			"to": [13.57458, 14.297, -4.46592],
			"rotation": {"angle": -22.5, "axis": "y", "origin": [7.54958, 6.54878, 0.15908]},
			"faces": {
				"north": {"uv": [8.5, 0.125, 8.875, 0.25], "texture": "#0"},
				"east": {"uv": [6.75, 8.625, 7, 8.75], "texture": "#0"},
				"south": {"uv": [8.5, 0.25, 8.875, 0.375], "texture": "#0"},
				"west": {"uv": [8.625, 6.75, 8.875, 6.875], "texture": "#0"},
				"up": {"uv": [6.5, 7.875, 6.125, 7.625], "texture": "#0"},
				"down": {"uv": [8, 6.5, 7.625, 6.75], "texture": "#0"}
			}
		},
		{
			"from": [10.43523, 13.298, -8.32595],
			"to": [13.43523, 14.298, -6.32595],
			"rotation": {"angle": -45, "axis": "y", "origin": [7.40604, 6.54878, 0.30532]},
			"faces": {
				"north": {"uv": [8.5, 0.375, 8.875, 0.5], "texture": "#0"},
				"east": {"uv": [8.625, 6.875, 8.875, 7], "texture": "#0"},
				"south": {"uv": [8.5, 0.875, 8.875, 1], "texture": "#0"},
				"west": {"uv": [7, 8.625, 7.25, 8.75], "texture": "#0"},
				"up": {"uv": [8, 7, 7.625, 6.75], "texture": "#0"},
				"down": {"uv": [7.375, 7.625, 7, 7.875], "texture": "#0"}
			}
		},
		{
			"from": [18.1245, 13.297, 3.96301],
			"to": [20.1245, 14.297, 5.96301],
			"rotation": {"angle": 22.5, "axis": "y", "origin": [5.12926, 6.54878, 7.12621]},
			"faces": {
				"north": {"uv": [7.25, 8.625, 7.5, 8.75], "texture": "#0"},
				"east": {"uv": [7.75, 8.625, 8, 8.75], "texture": "#0"},
				"south": {"uv": [8.25, 8.625, 8.5, 8.75], "texture": "#0"},
				"west": {"uv": [8.5, 8.625, 8.75, 8.75], "texture": "#0"},
				"up": {"uv": [1.5, 8.25, 1.25, 8], "texture": "#0"},
				"down": {"uv": [8.25, 1.375, 8, 1.625], "texture": "#0"}
			}
		},
		{
			"from": [17.66002, 13.05, -1],
			"to": [19.41002, 14.05, 15],
			"rotation": {"angle": 0, "axis": "y", "origin": [-11.58998, 29.04878, 11]},
			"faces": {
				"north": {"uv": [8.625, 8.5, 8.875, 8.625], "texture": "#0"},
				"east": {"uv": [5, 5.25, 7, 5.375], "texture": "#0"},
				"south": {"uv": [0, 8.75, 0.25, 8.875], "texture": "#0"},
				"west": {"uv": [5, 5.375, 7, 5.5], "texture": "#0"},
				"up": {"uv": [0.75, 6.25, 0.5, 4.25], "texture": "#0"},
				"down": {"uv": [1, 4.25, 0.75, 6.25], "texture": "#0"}
			}
		},
		{
			"from": [18.41028, 13.047, -0.9381],
			"to": [20.16028, 14.047, 2.0619],
			"rotation": {"angle": 22.5, "axis": "y", "origin": [20.26028, 13.04478, 4.0619]},
			"faces": {
				"north": {"uv": [8.75, 0, 9, 0.125], "texture": "#0"},
				"east": {"uv": [8.5, 1.25, 8.875, 1.375], "texture": "#0"},
				"south": {"uv": [0.25, 8.75, 0.5, 8.875], "texture": "#0"},
				"west": {"uv": [8.5, 1.625, 8.875, 1.75], "texture": "#0"},
				"up": {"uv": [6.75, 8, 6.5, 7.625], "texture": "#0"},
				"down": {"uv": [7.875, 7, 7.625, 7.375], "texture": "#0"}
			}
		},
		{
			"from": [17.01002, 13.07378, 0],
			"to": [18.88502, 14.07378, 15],
			"rotation": {"angle": -22.5, "axis": "z", "origin": [18.88502, 13.07378, 0]},
			"faces": {
				"north": {"uv": [0.5, 8.75, 0.75, 8.875], "texture": "#0"},
				"east": {"uv": [6, 1.25, 7.875, 1.375], "texture": "#0"},
				"south": {"uv": [8.75, 0.5, 9, 0.625], "texture": "#0"},
				"west": {"uv": [6, 1.625, 7.875, 1.75], "texture": "#0"},
				"up": {"uv": [1.5, 6.75, 1.25, 4.875], "texture": "#0"},
				"down": {"uv": [1.75, 4.875, 1.5, 6.75], "texture": "#0"}
			}
		},
		{
			"from": [11.52622, 13.047, -1.38862],
			"to": [14.52622, 14.047, 0.76938],
			"rotation": {"angle": 22.5, "axis": "y", "origin": [12.52622, 13.04878, -12.38862]},
			"faces": {
				"north": {"uv": [8.5, 1.75, 8.875, 1.875], "texture": "#0"},
				"east": {"uv": [8.75, 0.625, 9, 0.75], "texture": "#0"},
				"south": {"uv": [8.5, 1.875, 8.875, 2], "texture": "#0"},
				"west": {"uv": [0.75, 8.75, 1, 8.875], "texture": "#0"},
				"up": {"uv": [7.75, 7.875, 7.375, 7.625], "texture": "#0"},
				"down": {"uv": [1.625, 7.75, 1.25, 8], "texture": "#0"}
			}
		},
		{
			"from": [19.93816, 13.04878, -5.80822],
			"to": [22.93816, 14.04878, -3.13822],
			"rotation": {"angle": 45, "axis": "y", "origin": [20.93816, 13.04878, 2.19178]},
			"faces": {
				"north": {"uv": [8.5, 2, 8.875, 2.125], "texture": "#0"},
				"east": {"uv": [8.5, 2.125, 8.875, 2.25], "texture": "#0"},
				"south": {"uv": [8.5, 2.25, 8.875, 2.375], "texture": "#0"},
				"west": {"uv": [8.5, 3, 8.875, 3.125], "texture": "#0"},
				"up": {"uv": [1.375, 7.5, 1, 7.125], "texture": "#0"},
				"down": {"uv": [4.75, 7.125, 4.375, 7.5], "texture": "#0"}
			}
		},
		{
			"from": [2, 13.04878, 18.41002],
			"to": [14, 14.04878, 20.41002],
			"rotation": {"angle": 0, "axis": "y", "origin": [5, 18.2498, 19.02734]},
			"faces": {
				"north": {"uv": [5, 6.75, 6.5, 6.875], "texture": "#0"},
				"east": {"uv": [1, 8.75, 1.25, 8.875], "texture": "#0"},
				"south": {"uv": [6.75, 5, 8.25, 5.125], "texture": "#0"},
				"west": {"uv": [8.75, 1, 9, 1.125], "texture": "#0"},
				"up": {"uv": [6.5, 4.5, 5, 4.25], "texture": "#0"},
				"down": {"uv": [6.5, 4.5, 5, 4.75], "texture": "#0"}
			}
		},
		{
			"from": [2, 13.17993, 18.51608],
			"to": [14, 14.17993, 20.51608],
			"rotation": {"angle": 22.5, "axis": "x", "origin": [5, 14.38095, 20.1334]},
			"faces": {
				"north": {"uv": [6.75, 6, 8.25, 6.125], "texture": "#0"},
				"east": {"uv": [8.75, 1.125, 9, 1.25], "texture": "#0"},
				"south": {"uv": [6.75, 6.125, 8.25, 6.25], "texture": "#0"},
				"west": {"uv": [1.25, 8.75, 1.5, 8.875], "texture": "#0"},
				"up": {"uv": [6.5, 5, 5, 4.75], "texture": "#0"},
				"down": {"uv": [6.5, 5, 5, 5.25], "texture": "#0"}
			}
		},
		{
			"from": [-0.54699, 13.047, 18.89796],
			"to": [2.45301, 14.047, 20.89796],
			"rotation": {"angle": -22.5, "axis": "y", "origin": [3.45301, 12.2498, 19.51527]},
			"faces": {
				"north": {"uv": [8.5, 3.125, 8.875, 3.25], "texture": "#0"},
				"east": {"uv": [1.875, 8.75, 2.125, 8.875], "texture": "#0"},
				"south": {"uv": [8.5, 3.25, 8.875, 3.375], "texture": "#0"},
				"west": {"uv": [2.375, 8.75, 2.625, 8.875], "texture": "#0"},
				"up": {"uv": [8.125, 2, 7.75, 1.75], "texture": "#0"},
				"down": {"uv": [8.125, 2.75, 7.75, 3], "texture": "#0"}
			}
		},
		{
			"from": [-3.95126, 13.04878, 22.60963],
			"to": [-1.84126, 14.04878, 24.60963],
			"rotation": {"angle": -45, "axis": "y", "origin": [5.14874, 12.2498, 23.22694]},
			"faces": {
				"north": {"uv": [8.75, 2.5, 9, 2.625], "texture": "#0"},
				"east": {"uv": [2.625, 8.75, 2.875, 8.875], "texture": "#0"},
				"south": {"uv": [8.75, 2.625, 9, 2.75], "texture": "#0"},
				"west": {"uv": [8.75, 2.75, 9, 2.875], "texture": "#0"},
				"up": {"uv": [2, 8.25, 1.75, 8], "texture": "#0"},
				"down": {"uv": [2.25, 8, 2, 8.25], "texture": "#0"}
			}
		},
		{
			"from": [-2.43876, 13.047, 14.47753],
			"to": [-0.43876, 14.047, 17.47753],
			"rotation": {"angle": 22.5, "axis": "y", "origin": [-1.61609, 13.2498, 17.18354]},
			"faces": {
				"north": {"uv": [2.875, 8.75, 3.125, 8.875], "texture": "#0"},
				"east": {"uv": [8.5, 3.375, 8.875, 3.5], "texture": "#0"},
				"south": {"uv": [8.75, 2.875, 9, 3], "texture": "#0"},
				"west": {"uv": [3.5, 8.5, 3.875, 8.625], "texture": "#0"},
				"up": {"uv": [3.625, 8.125, 3.375, 7.75], "texture": "#0"},
				"down": {"uv": [4.625, 7.75, 4.375, 8.125], "texture": "#0"}
			}
		},
		{
			"from": [13.54699, 13.047, 17.89796],
			"to": [16.54699, 14.047, 20.89796],
			"rotation": {"angle": 22.5, "axis": "y", "origin": [12.54699, 12.2498, 19.51527]},
			"faces": {
				"north": {"uv": [8.5, 3.5, 8.875, 3.625], "texture": "#0"},
				"east": {"uv": [8.5, 3.625, 8.875, 3.75], "texture": "#0"},
				"south": {"uv": [8.5, 4.125, 8.875, 4.25], "texture": "#0"},
				"west": {"uv": [8.5, 4.25, 8.875, 4.375], "texture": "#0"},
				"up": {"uv": [7.625, 4.625, 7.25, 4.25], "texture": "#0"},
				"down": {"uv": [7.625, 4.625, 7.25, 5], "texture": "#0"}
			}
		},
		{
			"from": [17.84126, 13.04878, 21.60963],
			"to": [19.95126, 14.04878, 24.60963],
			"rotation": {"angle": 45, "axis": "y", "origin": [10.85126, 12.2498, 23.22694]},
			"faces": {
				"north": {"uv": [3.125, 8.75, 3.375, 8.875], "texture": "#0"},
				"east": {"uv": [4.375, 8.5, 4.75, 8.625], "texture": "#0"},
				"south": {"uv": [3.375, 8.75, 3.625, 8.875], "texture": "#0"},
				"west": {"uv": [8.5, 4.375, 8.875, 4.5], "texture": "#0"},
				"up": {"uv": [8, 8, 7.75, 7.625], "texture": "#0"},
				"down": {"uv": [8.125, 1, 7.875, 1.375], "texture": "#0"}
			}
		},
		{
			"from": [15.43876, 13.047, 14.47753],
			"to": [18.43876, 14.047, 17.47753],
			"rotation": {"angle": -22.5, "axis": "y", "origin": [17.61609, 13.2498, 17.18354]},
			"faces": {
				"north": {"uv": [8.5, 4.5, 8.875, 4.625], "texture": "#0"},
				"east": {"uv": [4.75, 8.5, 5.125, 8.625], "texture": "#0"},
				"south": {"uv": [5.125, 8.5, 5.5, 8.625], "texture": "#0"},
				"west": {"uv": [5.5, 8.5, 5.875, 8.625], "texture": "#0"},
				"up": {"uv": [7.375, 7.625, 7, 7.25], "texture": "#0"},
				"down": {"uv": [1.75, 7.375, 1.375, 7.75], "texture": "#0"}
			}
		},
		{
			"from": [0.04878, 18.9588, 6.78502],
			"to": [16.04878, 19.9588, 8.78502],
			"rotation": {"angle": 0, "axis": "y", "origin": [0.40832, 13.18925, 17.77734]},
			"faces": {
				"north": {"uv": [5, 5.5, 7, 5.625], "texture": "#0"},
				"east": {"uv": [3.625, 8.75, 3.875, 8.875], "texture": "#0"},
				"south": {"uv": [5, 5.625, 7, 5.75], "texture": "#0"},
				"west": {"uv": [8.75, 3.75, 9, 3.875], "texture": "#0"},
				"up": {"uv": [3, 4.5, 1, 4.25], "texture": "#0"},
				"down": {"uv": [5, 4.25, 3, 4.5], "texture": "#0"}
			}
		},
		{
			"from": [0.04878, 13.9588, -1.21498],
			"to": [16.04878, 15.9588, -0.21498],
			"rotation": {"angle": 0, "axis": "y", "origin": [0.40832, 13.18925, 17.77734]},
			"faces": {
				"north": {"uv": [4.5, 0, 6.5, 0.25], "texture": "#0"},
				"east": {"uv": [7.5, 8.625, 7.625, 8.875], "texture": "#0"},
				"south": {"uv": [4.5, 0.25, 6.5, 0.5], "texture": "#0"},
				"west": {"uv": [1.625, 8.75, 1.75, 9], "texture": "#0"},
				"up": {"uv": [7.75, 2.875, 5.75, 2.75], "texture": "#0"},
				"down": {"uv": [7.75, 2.875, 5.75, 3], "texture": "#0"}
			}
		},
		{
			"from": [0.04878, 13.9588, 15.78502],
			"to": [16.04878, 15.9588, 16.78502],
			"rotation": {"angle": 0, "axis": "y", "origin": [0.40832, 13.18925, 17.77734]},
			"faces": {
				"north": {"uv": [4.5, 0.5, 6.5, 0.75], "texture": "#0"},
				"east": {"uv": [2.125, 8.75, 2.25, 9], "texture": "#0"},
				"south": {"uv": [4.5, 0.75, 6.5, 1], "texture": "#0"},
				"west": {"uv": [3.875, 8.75, 4, 9], "texture": "#0"},
				"up": {"uv": [7, 5.875, 5, 5.75], "texture": "#0"},
				"down": {"uv": [7, 5.875, 5, 6], "texture": "#0"}
			}
		},
		{
			"from": [5, 9.04878, 16.78502],
			"to": [11, 12.04878, 17.78502],
			"rotation": {"angle": 0, "axis": "y", "origin": [5, 18.2498, 19.02734]},
			"faces": {
				"north": {"uv": [3.75, 4.875, 4.5, 5.25], "texture": "#0"},
				"east": {"uv": [8.125, 8.375, 8.25, 8.75], "texture": "#0"},
				"south": {"uv": [5.25, 1.625, 6, 2], "texture": "#0"},
				"west": {"uv": [1.5, 8.5, 1.625, 8.875], "texture": "#0"},
				"up": {"uv": [8.375, 5, 7.625, 4.875], "texture": "#0"},
				"down": {"uv": [8.375, 7.375, 7.625, 7.5], "texture": "#0"}
			}
		},
		{
			"from": [7, 9.54878, 17.78502],
			"to": [9, 11.54878, 18.78502],
			"rotation": {"angle": 0, "axis": "y", "origin": [5, 18.2498, 20.02734]},
			"faces": {
				"north": {"uv": [8, 2, 8.25, 2.25], "texture": "#0"},
				"east": {"uv": [4, 8.75, 4.125, 9], "texture": "#0"},
				"south": {"uv": [2.25, 8, 2.5, 8.25], "texture": "#0"},
				"west": {"uv": [4.125, 8.75, 4.25, 9], "texture": "#0"},
				"up": {"uv": [9, 4, 8.75, 3.875], "texture": "#0"},
				"down": {"uv": [4.5, 8.75, 4.25, 8.875], "texture": "#0"}
			}
		},
		{
			"from": [2.15305, 9.91616, 16.53502],
			"to": [5.15305, 11.91616, 17.53502],
			"rotation": {"angle": -22.5, "axis": "z", "origin": [4.15305, 10.11718, 17.77734]},
			"faces": {
				"north": {"uv": [7.75, 3.5, 8.125, 3.75], "texture": "#0"},
				"east": {"uv": [4.5, 8.75, 4.625, 9], "texture": "#0"},
				"south": {"uv": [7.75, 4, 8.125, 4.25], "texture": "#0"},
				"west": {"uv": [4.625, 8.75, 4.75, 9], "texture": "#0"},
				"up": {"uv": [8.875, 5.875, 8.5, 5.75], "texture": "#0"},
				"down": {"uv": [6.25, 8.5, 5.875, 8.625], "texture": "#0"}
			}
		},
		{
			"from": [6.59739, 16.58562, 16.28502],
			"to": [8.59739, 18.58562, 17.28502],
			"rotation": {"angle": -45, "axis": "z", "origin": [-1.69552, 21.32932, 28.56236]},
			"faces": {
				"north": {"uv": [8, 2.25, 8.25, 2.5], "texture": "#0"},
				"east": {"uv": [4.75, 8.75, 4.875, 9], "texture": "#0"},
				"south": {"uv": [2.5, 8, 2.75, 8.25], "texture": "#0"},
				"west": {"uv": [4.875, 8.75, 5, 9], "texture": "#0"},
				"up": {"uv": [9, 5, 8.75, 4.875], "texture": "#0"},
				"down": {"uv": [5.25, 8.75, 5, 8.875], "texture": "#0"}
			}
		},
		{
			"from": [0.69859, 12.23109, 16.03502],
			"to": [2.69859, 14.23109, 17.03502],
			"rotation": {"angle": 22.5, "axis": "z", "origin": [1.05813, 12.46153, 17.77734]},
			"faces": {
				"north": {"uv": [8, 2.5, 8.25, 2.75], "texture": "#0"},
				"east": {"uv": [8.75, 5.125, 8.875, 5.375], "texture": "#0"},
				"south": {"uv": [2.75, 8, 3, 8.25], "texture": "#0"},
				"west": {"uv": [5.25, 8.75, 5.375, 9], "texture": "#0"},
				"up": {"uv": [5.625, 8.875, 5.375, 8.75], "texture": "#0"},
				"down": {"uv": [9, 5.375, 8.75, 5.5], "texture": "#0"}
			}
		},
		{
			"from": [-0.95122, 13.9588, -1.21498],
			"to": [0.04878, 15.9588, 16.78502],
			"rotation": {"angle": 0, "axis": "y", "origin": [0.40832, 13.18925, 17.77734]},
			"faces": {
				"north": {"uv": [5.625, 8.75, 5.75, 9], "texture": "#0"},
				"east": {"uv": [3.5, 2.75, 5.75, 3], "texture": "#0"},
				"south": {"uv": [5.75, 8.75, 5.875, 9], "texture": "#0"},
				"west": {"uv": [3, 3.75, 5.25, 4], "texture": "#0"},
				"up": {"uv": [4.625, 7.125, 4.5, 4.875], "texture": "#0"},
				"down": {"uv": [4.75, 4.875, 4.625, 7.125], "texture": "#0"}
			}
		},
		{
			"from": [-0.95122, 15.9588, 6.78502],
			"to": [0.04878, 19.9588, 8.78502],
			"rotation": {"angle": 0, "axis": "y", "origin": [0.40832, 13.18925, 17.77734]},
			"faces": {
				"north": {"uv": [1.5, 8, 1.625, 8.5], "texture": "#0"},
				"east": {"uv": [3.5, 7.25, 3.75, 7.75], "texture": "#0"},
				"south": {"uv": [8, 3, 8.125, 3.5], "texture": "#0"},
				"west": {"uv": [7.375, 6.5, 7.625, 7], "texture": "#0"},
				"up": {"uv": [6, 9, 5.875, 8.75], "texture": "#0"},
				"down": {"uv": [6.125, 8.75, 6, 9], "texture": "#0"}
			}
		},
		{
			"from": [2.04878, 15.9588, 15.78502],
			"to": [4.04878, 19.9588, 16.78502],
			"rotation": {"angle": 0, "axis": "y", "origin": [0.40832, 13.18925, 17.77734]},
			"faces": {
				"north": {"uv": [7.375, 7, 7.625, 7.5], "texture": "#0"},
				"east": {"uv": [6.5, 8, 6.625, 8.5], "texture": "#0"},
				"south": {"uv": [0, 7.5, 0.25, 8], "texture": "#0"},
				"west": {"uv": [8, 6.5, 8.125, 7], "texture": "#0"},
				"up": {"uv": [9, 5.625, 8.75, 5.5], "texture": "#0"},
				"down": {"uv": [6.375, 8.75, 6.125, 8.875], "texture": "#0"}
			}
		},
		{
			"from": [2.04878, 15.9588, -1.21498],
			"to": [4.04878, 19.9588, -0.21498],
			"rotation": {"angle": 0, "axis": "y", "origin": [0.40832, 13.18925, 17.77734]},
			"faces": {
				"north": {"uv": [0.25, 7.5, 0.5, 8], "texture": "#0"},
				"east": {"uv": [6.625, 8, 6.75, 8.5], "texture": "#0"},
				"south": {"uv": [0.5, 7.5, 0.75, 8], "texture": "#0"},
				"west": {"uv": [8, 7.625, 8.125, 8.125], "texture": "#0"},
				"up": {"uv": [9, 6.375, 8.75, 6.25], "texture": "#0"},
				"down": {"uv": [6.625, 8.75, 6.375, 8.875], "texture": "#0"}
			}
		},
		{
			"from": [2.04878, 18.9588, -0.21498],
			"to": [4.04878, 19.9588, 6.78502],
			"rotation": {"angle": 0, "axis": "y", "origin": [0.40832, 13.18925, 17.77734]},
			"faces": {
				"north": {"uv": [8.75, 6.375, 9, 6.5], "texture": "#0"},
				"east": {"uv": [7.25, 3.75, 8.125, 3.875], "texture": "#0"},
				"south": {"uv": [8.75, 6.5, 9, 6.625], "texture": "#0"},
				"west": {"uv": [7.25, 3.875, 8.125, 4], "texture": "#0"},
				"up": {"uv": [6.75, 0.875, 6.5, 0], "texture": "#0"},
				"down": {"uv": [6.75, 4.25, 6.5, 5.125], "texture": "#0"}
			}
		},
		{
			"from": [2.04878, 18.9588, 8.78502],
			"to": [4.04878, 19.9588, 15.78502],
			"rotation": {"angle": 0, "axis": "y", "origin": [0.40832, 13.18925, 17.77734]},
			"faces": {
				"north": {"uv": [6.625, 8.75, 6.875, 8.875], "texture": "#0"},
				"east": {"uv": [5, 7.5, 5.875, 7.625], "texture": "#0"},
				"south": {"uv": [8.75, 6.625, 9, 6.75], "texture": "#0"},
				"west": {"uv": [5.875, 7.5, 6.75, 7.625], "texture": "#0"},
				"up": {"uv": [6.75, 6.875, 6.5, 6], "texture": "#0"},
				"down": {"uv": [2, 6.625, 1.75, 7.5], "texture": "#0"}
			}
		},
		{
			"from": [10.84695, 9.91616, 16.53502],
			"to": [13.84695, 11.91616, 17.53502],
			"rotation": {"angle": 22.5, "axis": "z", "origin": [11.84695, 10.11718, 17.77734]},
			"faces": {
				"north": {"uv": [3, 7.875, 3.375, 8.125], "texture": "#0"},
				"east": {"uv": [6.875, 8.75, 7, 9], "texture": "#0"},
				"south": {"uv": [3.625, 7.875, 4, 8.125], "texture": "#0"},
				"west": {"uv": [7, 8.75, 7.125, 9], "texture": "#0"},
				"up": {"uv": [8.875, 6, 8.5, 5.875], "texture": "#0"},
				"down": {"uv": [6.625, 8.5, 6.25, 8.625], "texture": "#0"}
			}
		},
		{
			"from": [7.40261, 16.58562, 16.28502],
			"to": [9.40261, 18.58562, 17.28502],
			"rotation": {"angle": 45, "axis": "z", "origin": [17.69552, 21.32932, 28.56236]},
			"faces": {
				"north": {"uv": [8, 4.625, 8.25, 4.875], "texture": "#0"},
				"east": {"uv": [8.75, 7, 8.875, 7.25], "texture": "#0"},
				"south": {"uv": [7.75, 8, 8, 8.25], "texture": "#0"},
				"west": {"uv": [7.125, 8.75, 7.25, 9], "texture": "#0"},
				"up": {"uv": [7.5, 8.875, 7.25, 8.75], "texture": "#0"},
				"down": {"uv": [9, 7.25, 8.75, 7.375], "texture": "#0"}
			}
		},
		{
			"from": [13.30141, 12.23109, 16.03502],
			"to": [15.30141, 14.23109, 17.03502],
			"rotation": {"angle": -22.5, "axis": "z", "origin": [14.94187, 12.46153, 17.77734]},
			"faces": {
				"north": {"uv": [8.125, 1, 8.375, 1.25], "texture": "#0"},
				"east": {"uv": [8.75, 7.375, 8.875, 7.625], "texture": "#0"},
				"south": {"uv": [8.125, 1.75, 8.375, 2], "texture": "#0"},
				"west": {"uv": [7.625, 8.75, 7.75, 9], "texture": "#0"},
				"up": {"uv": [9, 7.75, 8.75, 7.625], "texture": "#0"},
				"down": {"uv": [8, 8.75, 7.75, 8.875], "texture": "#0"}
			}
		},
		{
			"from": [15.95122, 13.9588, -1.21498],
			"to": [16.95122, 15.9588, 16.78502],
			"rotation": {"angle": 0, "axis": "y", "origin": [15.59168, 13.18925, 17.77734]},
			"faces": {
				"north": {"uv": [8.75, 7.75, 8.875, 8], "texture": "#0"},
				"east": {"uv": [0, 4, 2.25, 4.25], "texture": "#0"},
				"south": {"uv": [8, 8.75, 8.125, 9], "texture": "#0"},
				"west": {"uv": [2.25, 4, 4.5, 4.25], "texture": "#0"},
				"up": {"uv": [3.875, 7.5, 3.75, 5.25], "texture": "#0"},
				"down": {"uv": [4, 5.25, 3.875, 7.5], "texture": "#0"}
			}
		},
		{
			"from": [15.95122, 15.9588, 6.78502],
			"to": [16.95122, 19.9588, 8.78502],
			"rotation": {"angle": 0, "axis": "y", "origin": [15.59168, 13.18925, 17.77734]},
			"faces": {
				"north": {"uv": [8.125, 2.75, 8.25, 3.25], "texture": "#0"},
				"east": {"uv": [1, 7.5, 1.25, 8], "texture": "#0"},
				"south": {"uv": [3, 8.125, 3.125, 8.625], "texture": "#0"},
				"west": {"uv": [1.75, 7.5, 2, 8], "texture": "#0"},
				"up": {"uv": [8.875, 8.25, 8.75, 8], "texture": "#0"},
				"down": {"uv": [8.25, 8.75, 8.125, 9], "texture": "#0"}
			}
		},
		{
			"from": [11.95122, 15.9588, 15.78502],
			"to": [13.95122, 19.9588, 16.78502],
			"rotation": {"angle": 0, "axis": "y", "origin": [15.59168, 13.18925, 17.77734]},
			"faces": {
				"north": {"uv": [2, 7.5, 2.25, 8], "texture": "#0"},
				"east": {"uv": [3.125, 8.125, 3.25, 8.625], "texture": "#0"},
				"south": {"uv": [2.25, 7.5, 2.5, 8], "texture": "#0"},
				"west": {"uv": [3.25, 8.125, 3.375, 8.625], "texture": "#0"},
				"up": {"uv": [8.5, 8.875, 8.25, 8.75], "texture": "#0"},
				"down": {"uv": [9, 8.25, 8.75, 8.375], "texture": "#0"}
			}
		},
		{
			"from": [11.95122, 15.9588, -1.21498],
			"to": [13.95122, 19.9588, -0.21498],
			"rotation": {"angle": 0, "axis": "y", "origin": [15.59168, 13.18925, 17.77734]},
			"faces": {
				"north": {"uv": [2.5, 7.5, 2.75, 8], "texture": "#0"},
				"east": {"uv": [8.125, 3.25, 8.25, 3.75], "texture": "#0"},
				"south": {"uv": [2.75, 7.5, 3, 8], "texture": "#0"},
				"west": {"uv": [3.375, 8.125, 3.5, 8.625], "texture": "#0"},
				"up": {"uv": [9, 8.5, 8.75, 8.375], "texture": "#0"},
				"down": {"uv": [8.75, 8.75, 8.5, 8.875], "texture": "#0"}
			}
		},
		{
			"from": [11.95122, 18.9588, -0.21498],
			"to": [13.95122, 19.9588, 6.78502],
			"rotation": {"angle": 0, "axis": "y", "origin": [15.59168, 13.18925, 17.77734]},
			"faces": {
				"north": {"uv": [8.75, 8.625, 9, 8.75], "texture": "#0"},
				"east": {"uv": [7.375, 7.5, 8.25, 7.625], "texture": "#0"},
				"south": {"uv": [8.75, 8.75, 9, 8.875], "texture": "#0"},
				"west": {"uv": [7.625, 4.25, 8.5, 4.375], "texture": "#0"},
				"up": {"uv": [2.25, 7.5, 2, 6.625], "texture": "#0"},
				"down": {"uv": [2.5, 6.625, 2.25, 7.5], "texture": "#0"}
			}
		},
		{
			"from": [11.95122, 18.9588, 8.78502],
			"to": [13.95122, 19.9588, 15.78502],
			"rotation": {"angle": 0, "axis": "y", "origin": [15.59168, 13.18925, 17.77734]},
			"faces": {
				"north": {"uv": [0, 8.875, 0.25, 9], "texture": "#0"},
				"east": {"uv": [7.625, 4.375, 8.5, 4.5], "texture": "#0"},
				"south": {"uv": [8.875, 0.125, 9.125, 0.25], "texture": "#0"},
				"west": {"uv": [7.625, 4.5, 8.5, 4.625], "texture": "#0"},
				"up": {"uv": [2.75, 7.5, 2.5, 6.625], "texture": "#0"},
				"down": {"uv": [3, 6.625, 2.75, 7.5], "texture": "#0"}
			}
		}
	],
	"display": {
		"thirdperson_righthand": {
			"rotation": [-21.22, 28.55, -48.99],
			"translation": [-2.5, -3, -2.5],
			"scale": [0.5, 0.5, 0.5]
		},
		"thirdperson_lefthand": {
			"rotation": [12, 31, -67],
			"translation": [-2.25, -1, -2.75],
			"scale": [0.5, 0.5, 0.5]
		},
		"firstperson_righthand": {
			"rotation": [0, 16, 31],
			"translation": [3.25, -2.25, 3.5],
			"scale": [0.5, 0.5, 0.5]
		},
		"firstperson_lefthand": {
			"rotation": [0, 0, 29],
			"translation": [4.25, -1, 2.25],
			"scale": [0.5, 0.5, 0.5]
		},
		"ground": {
			"rotation": [19, 0, -180],
			"translation": [0, 5.75, 1.75],
			"scale": [0.6, 0.6, 0.6]
		},
		"gui": {
			"rotation": [-26, -150, 0],
			"translation": [0, -5, 0],
			"scale": [0.7, 0.7, 0.7]
		},
		"head": {
			"rotation": [3.5, 0, 0],
			"translation": [0, -1.5, 0],
			"scale": [0.77, 0.77, 0.77]
		},
		"fixed": {
			"rotation": [20.25, 0, 0],
			"translation": [0, -6.75, -2.25],
			"scale": [0.7, 0.7, 0.7]
		}
	},
	"groups": [
		{
			"name": "hat",
			"origin": [8, 8, 8],
			"color": 0,
			"children": [
				{
					"name": "cap",
					"origin": [8, 8, 8],
					"color": 0,
					"children": [
						{
							"name": "top",
							"origin": [0, 4, 0],
							"color": 0,
							"children": [0]
						},
						{
							"name": "front",
							"origin": [5, 24, 2],
							"color": 0,
							"children": [
								1,
								2,
								{
									"name": "front_left",
									"origin": [2.99811, 27.2498, -0.83295],
									"color": 0,
									"children": [3, 4, 5, 6, 7, 8, 9, 10, 11, 12, 13, 14, 15, 16]
								},
								{
									"name": "front_left",
									"origin": [2.99811, 27.2498, -0.83295],
									"color": 0,
									"children": [17, 18, 19, 20, 21, 22, 23, 24, 25, 26, 27, 28, 29, 30]
								},
								31,
								32
							]
						},
						{
							"name": "side_left",
							"origin": [27.58998, 29.04878, 0],
							"color": 0,
							"children": [33, 34, 35, 36]
						},
						{
							"name": "side_right",
							"origin": [27.58998, 29.04878, 0],
							"color": 0,
							"children": [37, 38, 39, 40]
						},
						{
							"name": "back",
							"origin": [5, 24, 2],
							"color": 0,
							"children": [
								41,
								42,
								{
									"name": "front_left",
									"origin": [2.99811, 27.2498, -0.83295],
									"color": 0,
									"children": [43, 44, 45, 46, 47, 48, 49, 50, 51, 52, 53, 54, 55, 56]
								},
								{
									"name": "front_left",
									"origin": [2.99811, 27.2498, -0.83295],
									"color": 0,
									"children": [57, 58, 59, 60, 61, 62, 63, 64, 65, 66, 67, 68, 69, 70]
								},
								71,
								72
							]
						}
					]
				},
				{
					"name": "lip",
					"origin": [11, 13.04878, -5.21002],
					"color": 0,
					"children": [
						{
							"name": "lip_front",
							"origin": [11, 13.04878, -5.21002],
							"color": 0,
							"children": [
								73,
								74,
								75,
								{
									"name": "lip_front_left",
									"origin": [8, 8, 8],
									"color": 0,
									"children": [76, 77, 78, 79, 80, 81, 82, 83, 84]
								},
								{
									"name": "lip_front_left",
									"origin": [8, 8, 8],
									"color": 0,
									"children": [85, 86, 87, 88, 89, 90, 91, 92, 93]
								}
							]
						},
						{
							"name": "lip_back",
							"origin": [11, 13.04878, -5.21002],
							"color": 0,
							"children": [
								94,
								95,
								{
									"name": "lip_back_left",
									"origin": [11, 13.04878, -5.21002],
									"color": 0,
									"children": [96, 97, 98]
								},
								{
									"name": "lip_back_right",
									"origin": [11, 13.04878, -5.21002],
									"color": 0,
									"children": [99, 100, 101]
								}
							]
						}
					]
				},
				{
					"name": "strap",
					"origin": [5, 18.2498, 19.02734],
					"color": 0,
					"children": [
						{
							"name": "strap_front_back",
							"origin": [5, 18.2498, 20.02734],
							"color": 0,
							"children": [102, 103, 104, 105, 106]
						},
						{
							"name": "strap_left",
							"origin": [1.05813, 12.46153, 17.77734],
							"color": 0,
							"children": [107, 108, 109, 110, 111, 112, 113, 114, 115]
						},
						{
							"name": "strap_right",
							"origin": [1.05813, 12.46153, 17.77734],
							"color": 0,
							"children": [116, 117, 118, 119, 120, 121, 122, 123, 124]
						}
					]
				}
			]
		}
	]
}