{"parent":"minecraft:item/carved_pumpkin","texture_size":[32,32],"textures":{"3":"custom:item/hermitcraft/season_9/pink_green_balloon_texture"},"elements":[{"from":[4,20,4],"to":[12,29,12],"rotation":{"angle":0,"axis":"y","origin":[8,26.28045,6.73097]},"faces":{"north":{"uv":[0,0,4,4.5],"texture":"#3"},"east":{"uv":[4,0,8,4.5],"texture":"#3"},"south":{"uv":[0,4.5,4,9],"texture":"#3"},"west":{"uv":[4,4.5,8,9],"texture":"#3"},"up":{"uv":[12,4,8,0],"texture":"#3"},"down":{"uv":[12,4,8,8],"texture":"#3"}}},{"from":[8.5,11,7.5],"to":[9.5,16,7.5],"rotation":{"angle":45,"axis":"y","origin":[8,9.75,7.5]},"faces":{"north":{"uv":[6,9,6.5,11.5],"texture":"#3"},"east":{"uv":[0,0,0,2.5],"texture":"#3"},"south":{"uv":[6.5,9,7,11.5],"texture":"#3"},"west":{"uv":[0,0,0,2.5],"texture":"#3"},"up":{"uv":[0.5,0,0,0],"texture":"#3"},"down":{"uv":[0.5,0,0,0],"texture":"#3"}}},{"from":[7.5,7,7.5],"to":[8.5,11,7.5],"rotation":{"angle":45,"axis":"y","origin":[8,9.75,7.5]},"faces":{"north":{"uv":[7,9,7.5,11],"texture":"#3"},"east":{"uv":[0,0,0,2],"texture":"#3"},"south":{"uv":[7.5,9,8,11],"texture":"#3"},"west":{"uv":[0,0,0,2],"texture":"#3"},"up":{"uv":[0.5,0,0,0],"texture":"#3"},"down":{"uv":[0.5,0,0,0],"texture":"#3"}}},{"from":[7.5,16,7.5],"to":[8.5,20,7.5],"rotation":{"angle":45,"axis":"y","origin":[8,9.75,7.5]},"faces":{"north":{"uv":[12,0,12.5,2],"texture":"#3"},"east":{"uv":[0,0,0,2],"texture":"#3"},"south":{"uv":[12,2,12.5,4],"texture":"#3"},"west":{"uv":[0,0,0,2],"texture":"#3"},"up":{"uv":[0.5,0,0,0],"texture":"#3"},"down":{"uv":[0.5,0,0,0],"texture":"#3"}}},{"from":[6.5,4,7.5],"to":[7.5,7,7.5],"rotation":{"angle":45,"axis":"y","origin":[8,9.75,7.5]},"faces":{"north":{"uv":[12.5,0,13,1.5],"texture":"#3"},"east":{"uv":[0,0,0,1.5],"texture":"#3"},"south":{"uv":[0.5,12.5,1,14],"texture":"#3"},"west":{"uv":[0,0,0,1.5],"texture":"#3"},"up":{"uv":[0.5,0,0,0],"texture":"#3"},"down":{"uv":[0.5,0,0,0],"texture":"#3"}}},{"from":[7.5,2,7.5],"to":[8.5,4,7.5],"rotation":{"angle":45,"axis":"y","origin":[8,9.75,7.5]},"faces":{"north":{"uv":[12.5,3,13,4],"texture":"#3"},"east":{"uv":[0,0,0,1],"texture":"#3"},"south":{"uv":[3.5,12.5,4,13.5],"texture":"#3"},"west":{"uv":[0,0,0,1],"texture":"#3"},"up":{"uv":[0.5,0,0,0],"texture":"#3"},"down":{"uv":[0.5,0,0,0],"texture":"#3"}}},{"from":[8.5,-1,7.5],"to":[9.5,2,7.5],"rotation":{"angle":45,"axis":"y","origin":[8,9.75,7.5]},"faces":{"north":{"uv":[1,12.5,1.5,14],"texture":"#3"},"east":{"uv":[0,0,0,1.5],"texture":"#3"},"south":{"uv":[1.5,12.5,2,14],"texture":"#3"},"west":{"uv":[0,0,0,1.5],"texture":"#3"},"up":{"uv":[0.5,0,0,0],"texture":"#3"},"down":{"uv":[0.5,0,0,0],"texture":"#3"}}},{"from":[12,18,4],"to":[18,25,10],"rotation":{"angle":-22.5,"axis":"z","origin":[-2,16,8]},"faces":{"north":{"uv":[8,8,11,11.5],"texture":"#3"},"east":{"uv":[0,9,3,12.5],"texture":"#3"},"south":{"uv":[3,9,6,12.5],"texture":"#3"},"west":{"uv":[11,8,14,11.5],"texture":"#3"},"up":{"uv":[9,14.5,6,11.5],"texture":"#3"},"down":{"uv":[12,11.5,9,14.5],"texture":"#3"}}},{"from":[14.86396,8,6.86396],"to":[15.86396,12,6.86396],"rotation":{"angle":-22.5,"axis":"z","origin":[14.36396,13,13.86396]},"faces":{"north":{"uv":[12,4,12.5,6],"texture":"#3"},"east":{"uv":[0,0,0,2],"texture":"#3"},"south":{"uv":[12,6,12.5,8],"texture":"#3"},"west":{"uv":[0,0,0,2],"texture":"#3"},"up":{"uv":[0.5,0,0,0],"texture":"#3"},"down":{"uv":[0.5,0,0,0],"texture":"#3"}}},{"from":[15.86396,5,6.86396],"to":[16.86396,8,6.86396],"rotation":{"angle":-22.5,"axis":"z","origin":[14.36396,13,13.86396]},"faces":{"north":{"uv":[12.5,1.5,13,3],"texture":"#3"},"east":{"uv":[0,0,0,1.5],"texture":"#3"},"south":{"uv":[2,12.5,2.5,14],"texture":"#3"},"west":{"uv":[0,0,0,1.5],"texture":"#3"},"up":{"uv":[0.5,0,0,0],"texture":"#3"},"down":{"uv":[0.5,0,0,0],"texture":"#3"}}},{"from":[14.86396,2,6.86396],"to":[15.86396,5,6.86396],"rotation":{"angle":-22.5,"axis":"z","origin":[14.36396,13,13.86396]},"faces":{"north":{"uv":[2.5,12.5,3,14],"texture":"#3"},"east":{"uv":[0,0,0,1.5],"texture":"#3"},"south":{"uv":[3,12.5,3.5,14],"texture":"#3"},"west":{"uv":[0,0,0,1.5],"texture":"#3"},"up":{"uv":[0.5,0,0,0],"texture":"#3"},"down":{"uv":[0.5,0,0,0],"texture":"#3"}}},{"from":[13.86396,-2,6.86396],"to":[14.86396,2,6.86396],"rotation":{"angle":-22.5,"axis":"z","origin":[14.36396,13,13.86396]},"faces":{"north":{"uv":[12,11.5,12.5,13.5],"texture":"#3"},"east":{"uv":[0,0,0,2],"texture":"#3"},"south":{"uv":[0,12.5,0.5,14.5],"texture":"#3"},"west":{"uv":[0,0,0,2],"texture":"#3"},"up":{"uv":[0.5,0,0,0],"texture":"#3"},"down":{"uv":[0.5,0,0,0],"texture":"#3"}}}],"gui_light":"front","display":{"thirdperson_righthand":{"rotation":[71.62,-5.71,-4.59],"translation":[1,1.75,9],"scale":[0.85,0.85,0.85]},"thirdperson_lefthand":{"rotation":[-105.01,-18.53,-174.47],"translation":[0.75,3,9],"scale":[0.85,0.85,0.85]},"firstperson_righthand":{"rotation":[0.17,13.88,-2.08],"translation":[3.13,5.7,1.13],"scale":[0.68,0.68,0.68]},"firstperson_lefthand":{"rotation":[-174.7,-31.94,173.83],"translation":[2.88,5.7,1.13],"scale":[0.68,0.68,0.68]},"ground":{"translation":[0,4,0]},"gui":{"rotation":[-180,29.5,-180],"translation":[1.75,-3.75,0],"scale":[0.6,0.6,0.6]},"head":{"translation":[-1.25,20.25,2.75],"scale":[1.6,1.6,1.6]},"fixed":{"rotation":[-90,0,0],"translation":[-1.5,0,-15.75],"scale":[2,2,2]}}}