{"parent":"minecraft:item/carved_pumpkin","texture_size":[64,64],"textures":{"1":"custom:item/hermitcraft/season_9/scarland_slushie_texture","particle":"custom:item/hermitcraft/season_9/scarland_slushie_texture"},"elements":[{"from":[4,1,5],"to":[11,10,12],"rotation":{"angle":0,"axis":"y","origin":[6,1,6]},"faces":{"north":{"uv":[2,0,3.75,2.25],"texture":"#1"},"east":{"uv":[2,2.25,3.75,4.5],"texture":"#1"},"south":{"uv":[3.75,0,5.5,2.25],"texture":"#1"},"west":{"uv":[3.75,2.25,5.5,4.5],"texture":"#1"},"up":{"uv":[1.75,5.75,0,4],"texture":"#1"},"down":{"uv":[3.5,4.5,1.75,6.25],"texture":"#1"}}},{"from":[4.5,0,5.5],"to":[10.5,1,11.5],"rotation":{"angle":0,"axis":"y","origin":[6,-8,6]},"faces":{"north":{"uv":[5,6.75,6.5,7],"texture":"#1"},"east":{"uv":[6.5,6.75,8,7],"texture":"#1"},"south":{"uv":[7,0,8.5,0.25],"texture":"#1"},"west":{"uv":[7,0.25,8.5,0.5],"texture":"#1"},"up":{"uv":[7,1.5,5.5,0],"texture":"#1"},"down":{"uv":[7,1.5,5.5,3],"texture":"#1"}}},{"from":[4,10,5],"to":[11,12,12],"rotation":{"angle":0,"axis":"y","origin":[6,10,6]},"faces":{"north":{"uv":[0,5.75,1.75,6.25],"texture":"#1"},"east":{"uv":[2,6.25,3.75,6.75],"texture":"#1"},"south":{"uv":[3.75,6.25,5.5,6.75],"texture":"#1"},"west":{"uv":[5.5,6.25,7.25,6.75],"texture":"#1"},"up":{"uv":[5.25,6.25,3.5,4.5],"texture":"#1"},"down":{"uv":[7,4.5,5.25,6.25],"texture":"#1"}}},{"from":[9,9,8],"to":[11,16,10],"rotation":{"angle":-22.5,"axis":"z","origin":[10,14,9]},"faces":{"north":{"uv":[0,6.75,0.5,8.5],"texture":"#1"},"east":{"uv":[0.5,6.75,1,8.5],"texture":"#1"},"south":{"uv":[1,6.75,1.5,8.5],"texture":"#1"},"west":{"uv":[1.5,6.75,2,8.5],"texture":"#1"},"up":{"uv":[7.5,1,7,0.5],"texture":"#1"},"down":{"uv":[7.5,1,7,1.5],"texture":"#1"}}},{"from":[3.5,8,4.5],"to":[11.5,10,12.5],"rotation":{"angle":0,"axis":"y","origin":[6,8,6]},"faces":{"north":{"uv":[5.5,3,7.5,3.5],"texture":"#1"},"east":{"uv":[5.5,3.5,7.5,4],"texture":"#1"},"south":{"uv":[5.5,4,7.5,4.5],"texture":"#1"},"west":{"uv":[0,6.25,2,6.75],"texture":"#1"},"up":{"uv":[2,2,0,0],"texture":"#1"},"down":{"uv":[2,2,0,4],"texture":"#1"}}},{"from":[5.901,3.901,4.867],"to":[9.099,7.099,5.933],"rotation":{"angle":0,"axis":"y","origin":[-0.495,-0.363,-0.3564]},"faces":{"north":{"uv":[2,6.75,2.75,7.5],"texture":"#1"},"east":{"uv":[7,1.5,7.25,2.25],"texture":"#1"},"south":{"uv":[2.75,6.75,3.5,7.5],"texture":"#1"},"west":{"uv":[7,2.25,7.25,3],"texture":"#1"},"up":{"uv":[7.75,4.75,7,4.5],"texture":"#1"},"down":{"uv":[7.75,4.75,7,5],"texture":"#1"}}},{"from":[5.901,3.901,11.067],"to":[9.099,7.099,12.133],"rotation":{"angle":0,"axis":"y","origin":[-0.495,-0.363,16.0564]},"faces":{"north":{"uv":[3.5,6.75,4.25,7.5],"texture":"#1"},"east":{"uv":[5,7,5.25,7.75],"texture":"#1"},"south":{"uv":[4.25,6.75,5,7.5],"texture":"#1"},"west":{"uv":[7,5,7.25,5.75],"texture":"#1"},"up":{"uv":[6,7.25,5.25,7],"texture":"#1"},"down":{"uv":[7.75,5.75,7,6],"texture":"#1"}}}],"gui_light":"front","display":{"thirdperson_righthand":{"rotation":[55.75,0,0],"translation":[-0.75,3,1.75],"scale":[0.5,0.5,0.5]},"thirdperson_lefthand":{"rotation":[55.75,0,0],"translation":[-0.75,3,1.75],"scale":[0.5,0.5,0.5]},"firstperson_righthand":{"rotation":[27.39,-74.48,21.67],"translation":[2.13,4.2,1.63],"scale":[0.35,0.45,0.45]},"firstperson_lefthand":{"rotation":[27.39,-74.48,21.67],"translation":[2.13,4.2,1.63],"scale":[0.35,0.45,0.45]},"ground":{"translation":[0,2,0],"scale":[0.5,0.5,0.5]},"gui":{"rotation":[-170.76,20.94,179.57],"translation":[-0.25,0.25,0],"scale":[0.85,0.85,0.85]},"head":{"rotation":[0,180,0],"translation":[0,13.25,-0.25],"scale":[0.85,0.85,0.85]},"fixed":{"rotation":[-90,180,0],"translation":[0,0,-10.25],"scale":[1.3,1.3,1.3]}}}