{"parent":"minecraft:block/carved_pumpkin","textures":{"0":"custom:item/hermitcraft/season_9/scarears_minimal","particle":"custom:item/hermitcraft/season_9/scarears_minimal"},"elements":[{"from":[-0.25,5.925,0.5],"to":[1.75,7.925,4.5],"rotation":{"angle":-22.5,"axis":"y","origin":[-2,5.925,1.25]},"faces":{"north":{"uv":[6,10,8,12],"texture":"#0"},"east":{"uv":[6,0,10,2],"texture":"#0"},"south":{"uv":[10,8,12,10],"texture":"#0"},"west":{"uv":[2,6,6,8],"texture":"#0"},"up":{"uv":[8,6,6,2],"texture":"#0"},"down":{"uv":[8,6,6,10],"texture":"#0"}}},{"from":[-0.03304,3.925,0.96119],"to":[1.96696,5.925,4.96119],"rotation":{"angle":-45,"axis":"y","origin":[-0.78304,6.925,1.71119]},"faces":{"north":{"uv":[10,10,12,12],"texture":"#0"},"east":{"uv":[2,8,6,10],"texture":"#0"},"south":{"uv":[0,12,2,14],"texture":"#0"},"west":{"uv":[8,2,12,4],"texture":"#0"},"up":{"uv":[10,8,8,4],"texture":"#0"},"down":{"uv":[10,8,8,12],"texture":"#0"}}},{"from":[-0.25,3.925,0.5],"to":[1.75,5.925,2.5],"rotation":{"angle":-22.5,"axis":"y","origin":[-2,5.925,1.25]},"faces":{"north":{"uv":[2,12,4,14],"texture":"#0"},"east":{"uv":[12,2,14,4],"texture":"#0"},"south":{"uv":[4,12,6,14],"texture":"#0"},"west":{"uv":[6,12,8,14],"texture":"#0"},"up":{"uv":[10,14,8,12],"texture":"#0"},"down":{"uv":[14,8,12,10],"texture":"#0"}}},{"from":[-4.03304,7.925,2.46119],"to":[-0.03304,9.925,4.46119],"rotation":{"angle":45,"axis":"y","origin":[-0.78304,6.925,1.71119]},"faces":{"north":{"uv":[10,0,14,2],"texture":"#0"},"east":{"uv":[10,12,12,14],"texture":"#0"},"south":{"uv":[2,10,6,12],"texture":"#0"},"west":{"uv":[12,10,14,12],"texture":"#0"},"up":{"uv":[14,6,10,4],"texture":"#0"},"down":{"uv":[14,6,10,8],"texture":"#0"}}},{"from":[-1.25,4.925,4.5],"to":[0.75,10.925,6.5],"rotation":{"angle":-22.5,"axis":"y","origin":[-2,5.925,1.25]},"faces":{"north":{"uv":[0,0,2,6],"texture":"#0"},"east":{"uv":[2,0,4,6],"texture":"#0"},"south":{"uv":[4,0,6,6],"texture":"#0"},"west":{"uv":[0,6,2,12],"texture":"#0"},"up":{"uv":[14,14,12,12],"texture":"#0"},"down":{"uv":[2,14,0,16],"texture":"#0"}}},{"from":[14.25,5.925,0.5],"to":[16.25,7.925,4.5],"rotation":{"angle":22.5,"axis":"y","origin":[18,5.925,1.25]},"faces":{"north":{"uv":[8,10,6,12],"texture":"#0"},"east":{"uv":[6,6,2,8],"texture":"#0"},"south":{"uv":[12,8,10,10],"texture":"#0"},"west":{"uv":[10,0,6,2],"texture":"#0"},"up":{"uv":[6,6,8,2],"texture":"#0"},"down":{"uv":[6,6,8,10],"texture":"#0"}}},{"from":[14.03304,3.925,0.96119],"to":[16.03304,5.925,4.96119],"rotation":{"angle":45,"axis":"y","origin":[16.78304,6.925,1.71119]},"faces":{"north":{"uv":[12,10,10,12],"texture":"#0"},"east":{"uv":[12,2,8,4],"texture":"#0"},"south":{"uv":[2,12,0,14],"texture":"#0"},"west":{"uv":[6,8,2,10],"texture":"#0"},"up":{"uv":[8,8,10,4],"texture":"#0"},"down":{"uv":[8,8,10,12],"texture":"#0"}}},{"from":[14.25,3.925,0.5],"to":[16.25,5.925,2.5],"rotation":{"angle":22.5,"axis":"y","origin":[18,5.925,1.25]},"faces":{"north":{"uv":[4,12,2,14],"texture":"#0"},"east":{"uv":[8,12,6,14],"texture":"#0"},"south":{"uv":[6,12,4,14],"texture":"#0"},"west":{"uv":[14,2,12,4],"texture":"#0"},"up":{"uv":[8,14,10,12],"texture":"#0"},"down":{"uv":[12,8,14,10],"texture":"#0"}}},{"from":[16.03304,7.925,2.46119],"to":[20.03304,9.925,4.46119],"rotation":{"angle":-45,"axis":"y","origin":[16.78304,6.925,1.71119]},"faces":{"north":{"uv":[14,0,10,2],"texture":"#0"},"east":{"uv":[14,10,12,12],"texture":"#0"},"south":{"uv":[6,10,2,12],"texture":"#0"},"west":{"uv":[12,12,10,14],"texture":"#0"},"up":{"uv":[10,6,14,4],"texture":"#0"},"down":{"uv":[10,6,14,8],"texture":"#0"}}},{"from":[15.25,4.925,4.5],"to":[17.25,10.925,6.5],"rotation":{"angle":22.5,"axis":"y","origin":[18,5.925,1.25]},"faces":{"north":{"uv":[2,0,0,6],"texture":"#0"},"east":{"uv":[2,6,0,12],"texture":"#0"},"south":{"uv":[6,0,4,6],"texture":"#0"},"west":{"uv":[4,0,2,6],"texture":"#0"},"up":{"uv":[12,14,14,12],"texture":"#0"},"down":{"uv":[0,14,2,16],"texture":"#0"}}}],"display":{"head":{"scale":[0.8,0.8,0.8]}}}