{"parent":"minecraft:block/carved_pumpkin","texture_size":[64,64],"textures":{"0":"custom:item/hermitcraft/season_9/scarland_popcorn_texture"},"elements":[{"from":[4,0,4],"to":[12,10,12],"rotation":{"angle":0,"axis":"y","origin":[8,6.5,8]},"faces":{"north":{"uv":[0,0,2,2.5],"texture":"#0"},"east":{"uv":[2,0,4,2.5],"texture":"#0"},"south":{"uv":[0,2.5,2,5],"texture":"#0"},"west":{"uv":[2,2.5,4,5],"texture":"#0"},"up":{"uv":[6,2,4,0],"texture":"#0"},"down":{"uv":[6,2,4,4],"texture":"#0"}}},{"from":[4.15,10,4.15],"to":[11.85,12,11.85],"rotation":{"angle":0,"axis":"y","origin":[8,17.5,8]},"faces":{"north":{"uv":[4,6,6,6.5],"texture":"#0"},"east":{"uv":[6,4.5,8,5],"texture":"#0"},"south":{"uv":[6,5,8,5.5],"texture":"#0"},"west":{"uv":[6,5.5,8,6],"texture":"#0"},"up":{"uv":[6,6,4,4],"texture":"#0"},"down":{"uv":[2,5,0,7],"texture":"#0"}}},{"from":[7,14,6],"to":[9,16,8],"rotation":{"angle":0,"axis":"y","origin":[8,17.5,7]},"faces":{"north":{"uv":[4.5,6.5,5,7],"texture":"#0"},"east":{"uv":[5,6.5,5.5,7],"texture":"#0"},"south":{"uv":[5.5,6.5,6,7],"texture":"#0"},"west":{"uv":[2.5,6.75,3,7.25],"texture":"#0"},"up":{"uv":[3.5,7.25,3,6.75],"texture":"#0"},"down":{"uv":[4,6.75,3.5,7.25],"texture":"#0"}}},{"from":[5,12,9],"to":[7,14,11],"rotation":{"angle":0,"axis":"y","origin":[8,17.5,8]},"faces":{"north":{"uv":[4,6.75,4.5,7.25],"texture":"#0"},"east":{"uv":[6.5,6.75,7,7.25],"texture":"#0"},"south":{"uv":[0,7,0.5,7.5],"texture":"#0"},"west":{"uv":[0.5,7,1,7.5],"texture":"#0"},"up":{"uv":[1.5,7.5,1,7],"texture":"#0"},"down":{"uv":[2,7,1.5,7.5],"texture":"#0"}}},{"from":[4,10,3.75],"to":[12,13.25,4],"rotation":{"angle":-45,"axis":"x","origin":[8,10.25,4]},"faces":{"north":{"uv":[6,1.5,8,2.25],"texture":"#0"},"east":{"uv":[5.5,7,5.75,7.75],"texture":"#0"},"south":{"uv":[6,2.25,8,3],"texture":"#0"},"west":{"uv":[5.75,7,6,7.75],"texture":"#0"},"up":{"uv":[4.5,6.75,2.5,6.5],"texture":"#0"},"down":{"uv":[8.5,6,6.5,6.25],"texture":"#0"}}},{"from":[4,10,12],"to":[12,13.25,12.25],"rotation":{"angle":45,"axis":"x","origin":[8,10.25,12]},"faces":{"north":{"uv":[6,3,8,3.75],"texture":"#0"},"east":{"uv":[7,6.75,7.25,7.5],"texture":"#0"},"south":{"uv":[6,3.75,8,4.5],"texture":"#0"},"west":{"uv":[2.5,7.25,2.75,8],"texture":"#0"},"up":{"uv":[8.5,6.5,6.5,6.25],"texture":"#0"},"down":{"uv":[8.5,6.5,6.5,6.75],"texture":"#0"}}},{"from":[1.98223,9.26777,4],"to":[2.23223,12.51777,12],"rotation":{"angle":45,"axis":"z","origin":[2.23223,12.01777,8]},"faces":{"north":{"uv":[4.5,7,4.75,7.75],"texture":"#0"},"east":{"uv":[2,5,4,5.75],"texture":"#0"},"south":{"uv":[4.75,7,5,7.75],"texture":"#0"},"west":{"uv":[2,5.75,4,6.5],"texture":"#0"},"up":{"uv":[6.25,8,6,6],"texture":"#0"},"down":{"uv":[6.5,6,6.25,8],"texture":"#0"}}},{"from":[12,10,4],"to":[12.25,13.25,12],"rotation":{"angle":-45,"axis":"z","origin":[12,10.25,8]},"faces":{"north":{"uv":[5,7,5.25,7.75],"texture":"#0"},"east":{"uv":[6,0,8,0.75],"texture":"#0"},"south":{"uv":[5.25,7,5.5,7.75],"texture":"#0"},"west":{"uv":[6,0.75,8,1.5],"texture":"#0"},"up":{"uv":[2.25,8.5,2,6.5],"texture":"#0"},"down":{"uv":[2.5,6.5,2.25,8.5],"texture":"#0"}}}],"gui_light":"front","display":{"thirdperson_righthand":{"rotation":[55.75,0,0],"translation":[0,3,1.75],"scale":[0.55,0.55,0.55]},"thirdperson_lefthand":{"rotation":[55.75,0,0],"translation":[0,3,1.75],"scale":[0.55,0.55,0.55]},"firstperson_righthand":{"rotation":[17.37,-64.72,8.61],"translation":[1.13,2.2,1.63],"scale":[0.58,0.68,0.68]},"firstperson_lefthand":{"rotation":[17.37,-64.72,8.61],"translation":[1.13,2.2,1.63],"scale":[0.58,0.68,0.68]},"ground":{"translation":[0,2,0],"scale":[0.5,0.5,0.5]},"gui":{"rotation":[23,-45,0],"translation":[0,1,0],"scale":[0.95,0.95,0.95]},"head":{"rotation":[0,180,0],"translation":[0,14.25,-0.25]},"fixed":{"rotation":[-90,180,0],"translation":[0,0,-10.25],"scale":[1.3,1.3,1.3]}}}