{"parent":"minecraft:block/carved_pumpkin","ambientocclusion":false,"texture_size":[32,32],"textures":{"0":"custom:item/hermitcraft/season_9/scarears_hd","particle":"custom:item/hermitcraft/season_9/scarears_hd"},"elements":[{"from":[0.625,4.725,3.225],"to":[2.625,8.735,4.225],"rotation":{"angle":-22.5,"axis":"y","origin":[2.875,-0.275,1]},"faces":{"north":{"uv":[1.5,0,2.5,2],"texture":"#0"},"east":{"uv":[2,4,2.5,6],"texture":"#0"},"south":{"uv":[1.5,2,2.5,4],"texture":"#0"},"west":{"uv":[3.5,4,4,6],"texture":"#0"},"up":{"uv":[7,4.5,6,4],"texture":"#0"},"down":{"uv":[5.5,6,4.5,6.5],"texture":"#0"}}},{"from":[-0.43788,5.725,3.11847],"to":[1.56212,8.725,6.11847],"rotation":{"angle":0,"axis":"y","origin":[2.93712,-1.275,-0.08153]},"faces":{"north":{"uv":[2.5,2,3.5,3.5],"texture":"#0"},"east":{"uv":[0,0,1.5,1.5],"texture":"#0"},"south":{"uv":[0,3,1,4.5],"texture":"#0"},"west":{"uv":[0,1.5,1.5,3],"texture":"#0"},"up":{"uv":[4.5,3.5,3.5,2],"texture":"#0"},"down":{"uv":[3.5,3.5,2.5,5],"texture":"#0"}}},{"from":[-0.47298,4.735,1.34441],"to":[0.52702,5.735,6.34441],"rotation":{"angle":-22.5,"axis":"y","origin":[0.375,4.725,2]},"faces":{"north":{"uv":[3,8,3.5,8.5],"texture":"#0"},"east":{"uv":[3.5,3.5,6,4],"texture":"#0"},"south":{"uv":[8,3,8.5,3.5],"texture":"#0"},"west":{"uv":[4,0,6.5,0.5],"texture":"#0"},"up":{"uv":[1.5,5.5,1,3],"texture":"#0"},"down":{"uv":[2,4,1.5,6.5],"texture":"#0"}}},{"from":[-3.63657,5.725,3.27736],"to":[-1.63657,6.725,4.27736],"rotation":{"angle":22.5,"axis":"y","origin":[2.88843,-0.275,1.02736]},"faces":{"north":{"uv":[0.5,7,1.5,7.5],"texture":"#0"},"east":{"uv":[4,8,4.5,8.5],"texture":"#0"},"south":{"uv":[7,0.5,8,1],"texture":"#0"},"west":{"uv":[4.5,8,5,8.5],"texture":"#0"},"up":{"uv":[8,1.5,7,1],"texture":"#0"},"down":{"uv":[8,1.5,7,2],"texture":"#0"}}},{"from":[-3.79642,6.724,1.59158],"to":[-1.79642,8.724,2.59158],"rotation":{"angle":45,"axis":"y","origin":[2.72858,-0.275,0.84158]},"faces":{"north":{"uv":[4.5,2.5,5.5,3.5],"texture":"#0"},"east":{"uv":[7,6,7.5,7],"texture":"#0"},"south":{"uv":[5,0.5,6,1.5],"texture":"#0"},"west":{"uv":[6.5,7,7,8],"texture":"#0"},"up":{"uv":[8,3.5,7,3],"texture":"#0"},"down":{"uv":[8,7,7,7.5],"texture":"#0"}}},{"from":[0.16527,8.725,4.7101],"to":[1.16527,9.725,6.7101],"rotation":{"angle":-22.5,"axis":"y","origin":[-2.08473,0.225,2.1851]},"faces":{"north":{"uv":[4,1.5,4.5,2],"texture":"#0"},"east":{"uv":[6,0.5,7,1],"texture":"#0"},"south":{"uv":[7.5,6.5,8,7],"texture":"#0"},"west":{"uv":[6,1,7,1.5],"texture":"#0"},"up":{"uv":[6,3.5,5.5,2.5],"texture":"#0"},"down":{"uv":[4.5,6,4,7],"texture":"#0"}}},{"from":[-4.40193,6.726,5.12512],"to":[-2.40193,9.726,6.12512],"rotation":{"angle":22.5,"axis":"y","origin":[2.12307,-1.775,2.87512]},"faces":{"north":{"uv":[7.5,3.5,8.5,4],"texture":"#0"},"east":{"uv":[8.5,6,9,6.5],"texture":"#0"},"south":{"uv":[7.5,4,8.5,4.5],"texture":"#0"},"west":{"uv":[6.5,8.5,7,9],"texture":"#0"},"up":{"uv":[5.5,8,4.5,7.5],"texture":"#0"},"down":{"uv":[8.5,4.5,7.5,5],"texture":"#0"}}},{"from":[1.1,4.735,4.225],"to":[2.1,5.735,7.225],"rotation":{"angle":-22.5,"axis":"y","origin":[2.875,-0.275,1]},"faces":{"north":{"uv":[8.5,1,9,1.5],"texture":"#0"},"east":{"uv":[5.5,1.5,7,2],"texture":"#0"},"south":{"uv":[1.5,8.5,2,9],"texture":"#0"},"west":{"uv":[5.5,2,7,2.5],"texture":"#0"},"up":{"uv":[1.5,7,1,5.5],"texture":"#0"},"down":{"uv":[2.5,6,2,7.5],"texture":"#0"}}},{"from":[0.875,8.725,4.225],"to":[1.875,9.725,5.225],"rotation":{"angle":-22.5,"axis":"y","origin":[2.875,-0.275,1]},"faces":{"north":{"uv":[5,8,5.5,8.5],"texture":"#0"},"east":{"uv":[8,5,8.5,5.5],"texture":"#0"},"south":{"uv":[5.5,8,6,8.5],"texture":"#0"},"west":{"uv":[8,5.5,8.5,6],"texture":"#0"},"up":{"uv":[6.5,8.5,6,8],"texture":"#0"},"down":{"uv":[7,8,6.5,8.5],"texture":"#0"}}},{"from":[0.875,8.725,5.225],"to":[1.875,10.725,8.225],"rotation":{"angle":-22.5,"axis":"y","origin":[2.875,-0.275,1]},"faces":{"north":{"uv":[1.5,6.5,2,7.5],"texture":"#0"},"east":{"uv":[2.5,0,4,1],"texture":"#0"},"south":{"uv":[6.5,2.5,7,3.5],"texture":"#0"},"west":{"uv":[2.5,1,4,2],"texture":"#0"},"up":{"uv":[0.5,7,0,5.5],"texture":"#0"},"down":{"uv":[1,5.5,0.5,7],"texture":"#0"}}},{"from":[-0.125,10.225,6.225],"to":[0.875,11.225,8.225],"rotation":{"angle":-22.5,"axis":"y","origin":[2.875,0.725,1]},"faces":{"north":{"uv":[8,1.5,8.5,2],"texture":"#0"},"east":{"uv":[6.5,0,7.5,0.5],"texture":"#0"},"south":{"uv":[2.5,8,3,8.5],"texture":"#0"},"west":{"uv":[6.5,3.5,7.5,4],"texture":"#0"},"up":{"uv":[7,7,6.5,6],"texture":"#0"},"down":{"uv":[0.5,7,0,8],"texture":"#0"}}},{"from":[-0.125,9.725,8.225],"to":[0.875,11.725,10.225],"rotation":{"angle":-22.5,"axis":"y","origin":[2.875,-0.275,1]},"faces":{"north":{"uv":[4.5,6.5,5,7.5],"texture":"#0"},"east":{"uv":[0,4.5,1,5.5],"texture":"#0"},"south":{"uv":[5,6.5,5.5,7.5],"texture":"#0"},"west":{"uv":[4.5,1.5,5.5,2.5],"texture":"#0"},"up":{"uv":[6,7.5,5.5,6.5],"texture":"#0"},"down":{"uv":[6.5,6.5,6,7.5],"texture":"#0"}}},{"from":[-0.125,11.725,9.225],"to":[0.875,12.725,10.225],"rotation":{"angle":-22.5,"axis":"y","origin":[2.875,-0.275,1]},"faces":{"north":{"uv":[8,6.5,8.5,7],"texture":"#0"},"east":{"uv":[8,7,8.5,7.5],"texture":"#0"},"south":{"uv":[8,7.5,8.5,8],"texture":"#0"},"west":{"uv":[8,8,8.5,8.5],"texture":"#0"},"up":{"uv":[9,0.5,8.5,0],"texture":"#0"},"down":{"uv":[1,8.5,0.5,9],"texture":"#0"}}},{"from":[-0.125,8.725,9.225],"to":[0.875,9.725,10.225],"rotation":{"angle":-22.5,"axis":"y","origin":[2.875,-3.275,1]},"faces":{"north":{"uv":[8.5,1.5,9,2],"texture":"#0"},"east":{"uv":[2,8.5,2.5,9],"texture":"#0"},"south":{"uv":[8.5,2,9,2.5],"texture":"#0"},"west":{"uv":[2.5,8.5,3,9],"texture":"#0"},"up":{"uv":[9,3,8.5,2.5],"texture":"#0"},"down":{"uv":[3.5,8.5,3,9],"texture":"#0"}}},{"from":[-0.14403,5.725,7.32067],"to":[1.85597,6.725,9.32067],"rotation":{"angle":-22.5,"axis":"y","origin":[3.10597,-0.275,1.09567]},"faces":{"north":{"uv":[6,4.5,7,5],"texture":"#0"},"east":{"uv":[6,5,7,5.5],"texture":"#0"},"south":{"uv":[5.5,6,6.5,6.5],"texture":"#0"},"west":{"uv":[6,5.5,7,6],"texture":"#0"},"up":{"uv":[5,1.5,4,0.5],"texture":"#0"},"down":{"uv":[5,4,4,5],"texture":"#0"}}},{"from":[1.08097,5.735,6.77067],"to":[2.08097,6.735,7.77067],"rotation":{"angle":-22.5,"axis":"y","origin":[3.10597,-0.275,1.09567]},"faces":{"north":{"uv":[8.5,3.5,9,4],"texture":"#0"},"east":{"uv":[4,8.5,4.5,9],"texture":"#0"},"south":{"uv":[8.5,4,9,4.5],"texture":"#0"},"west":{"uv":[4.5,8.5,5,9],"texture":"#0"},"up":{"uv":[9,5,8.5,4.5],"texture":"#0"},"down":{"uv":[5.5,8.5,5,9],"texture":"#0"}}},{"from":[0.857,6.725,7.32067],"to":[1.857,9.725,8.32067],"rotation":{"angle":-22.5,"axis":"y","origin":[3.10597,-0.275,1.09567]},"faces":{"north":{"uv":[2.5,6,3,7.5],"texture":"#0"},"east":{"uv":[6,2.5,6.5,4],"texture":"#0"},"south":{"uv":[3,6,3.5,7.5],"texture":"#0"},"west":{"uv":[3.5,6,4,7.5],"texture":"#0"},"up":{"uv":[9,3.5,8.5,3],"texture":"#0"},"down":{"uv":[4,8.5,3.5,9],"texture":"#0"}}},{"from":[4.31971,6.725,7.01722],"to":[5.31971,8.725,9.01722],"rotation":{"angle":-45,"axis":"y","origin":[3.56971,-0.275,1.29222]},"faces":{"north":{"uv":[7,7.5,7.5,8.5],"texture":"#0"},"east":{"uv":[5,4,6,5],"texture":"#0"},"south":{"uv":[7.5,7.5,8,8.5],"texture":"#0"},"west":{"uv":[5,5,6,6],"texture":"#0"},"up":{"uv":[0.5,9,0,8],"texture":"#0"},"down":{"uv":[8.5,0.5,8,1.5],"texture":"#0"}}},{"from":[2.12213,6.715,6.14736],"to":[3.12213,8.715,7.14736],"rotation":{"angle":-22.5,"axis":"y","origin":[3.37213,-0.265,0.92236]},"faces":{"north":{"uv":[0.5,7.5,1,8.5],"texture":"#0"},"east":{"uv":[1,7.5,1.5,8.5],"texture":"#0"},"south":{"uv":[1.5,7.5,2,8.5],"texture":"#0"},"west":{"uv":[2,7.5,2.5,8.5],"texture":"#0"},"up":{"uv":[9,5.5,8.5,5],"texture":"#0"},"down":{"uv":[6,8.5,5.5,9],"texture":"#0"}}},{"from":[-0.125,6.725,9.225],"to":[0.875,8.725,10.225],"rotation":{"angle":-22.5,"axis":"y","origin":[2.875,-0.275,1]},"faces":{"north":{"uv":[7,2,7.5,3],"texture":"#0"},"east":{"uv":[4,7,4.5,8],"texture":"#0"},"south":{"uv":[7,4,7.5,5],"texture":"#0"},"west":{"uv":[7,5,7.5,6],"texture":"#0"},"up":{"uv":[9,1,8.5,0.5],"texture":"#0"},"down":{"uv":[1.5,8.5,1,9],"texture":"#0"}}},{"from":[-6.18551,6.725,7.69427],"to":[-4.18551,8.725,8.69427],"rotation":{"angle":22.5,"axis":"y","origin":[-4.18551,-1.275,-0.53073]},"faces":{"north":{"uv":[2.5,5,3.5,6],"texture":"#0"},"east":{"uv":[3.5,7.5,4,8.5],"texture":"#0"},"south":{"uv":[4,5,5,6],"texture":"#0"},"west":{"uv":[7.5,5,8,6],"texture":"#0"},"up":{"uv":[6.5,8,5.5,7.5],"texture":"#0"},"down":{"uv":[8.5,6,7.5,6.5],"texture":"#0"}}},{"from":[13.375,4.725,3.225],"to":[15.375,8.735,4.225],"rotation":{"angle":22.5,"axis":"y","origin":[13.125,-0.275,1]},"faces":{"north":{"uv":[2.5,0,1.5,2],"texture":"#0"},"east":{"uv":[4,4,3.5,6],"texture":"#0"},"south":{"uv":[2.5,2,1.5,4],"texture":"#0"},"west":{"uv":[2.5,4,2,6],"texture":"#0"},"up":{"uv":[6,4.5,7,4],"texture":"#0"},"down":{"uv":[4.5,6,5.5,6.5],"texture":"#0"}}},{"from":[14.43788,5.725,3.11847],"to":[16.43788,8.725,6.11847],"rotation":{"angle":0,"axis":"y","origin":[13.06288,-1.275,-0.08153]},"faces":{"north":{"uv":[3.5,2,2.5,3.5],"texture":"#0"},"east":{"uv":[1.5,1.5,0,3],"texture":"#0"},"south":{"uv":[1,3,0,4.5],"texture":"#0"},"west":{"uv":[1.5,0,0,1.5],"texture":"#0"},"up":{"uv":[3.5,3.5,4.5,2],"texture":"#0"},"down":{"uv":[2.5,3.5,3.5,5],"texture":"#0"}}},{"from":[15.47298,4.735,1.34441],"to":[16.47298,5.735,6.34441],"rotation":{"angle":22.5,"axis":"y","origin":[15.625,4.725,2]},"faces":{"north":{"uv":[3.5,8,3,8.5],"texture":"#0"},"east":{"uv":[6.5,0,4,0.5],"texture":"#0"},"south":{"uv":[8.5,3,8,3.5],"texture":"#0"},"west":{"uv":[6,3.5,3.5,4],"texture":"#0"},"up":{"uv":[1,5.5,1.5,3],"texture":"#0"},"down":{"uv":[1.5,4,2,6.5],"texture":"#0"}}},{"from":[17.63657,5.725,3.27736],"to":[19.63657,6.725,4.27736],"rotation":{"angle":-22.5,"axis":"y","origin":[13.11157,-0.275,1.02736]},"faces":{"north":{"uv":[1.5,7,0.5,7.5],"texture":"#0"},"east":{"uv":[5,8,4.5,8.5],"texture":"#0"},"south":{"uv":[8,0.5,7,1],"texture":"#0"},"west":{"uv":[4.5,8,4,8.5],"texture":"#0"},"up":{"uv":[7,1.5,8,1],"texture":"#0"},"down":{"uv":[7,1.5,8,2],"texture":"#0"}}},{"from":[17.79642,6.724,1.59158],"to":[19.79642,8.724,2.59158],"rotation":{"angle":-45,"axis":"y","origin":[13.27142,-0.275,0.84158]},"faces":{"north":{"uv":[5.5,2.5,4.5,3.5],"texture":"#0"},"east":{"uv":[7,7,6.5,8],"texture":"#0"},"south":{"uv":[6,0.5,5,1.5],"texture":"#0"},"west":{"uv":[7.5,6,7,7],"texture":"#0"},"up":{"uv":[7,3.5,8,3],"texture":"#0"},"down":{"uv":[7,7,8,7.5],"texture":"#0"}}},{"from":[14.83473,8.725,4.7101],"to":[15.83473,9.725,6.7101],"rotation":{"angle":22.5,"axis":"y","origin":[18.08473,0.225,2.1851]},"faces":{"north":{"uv":[4.5,1.5,4,2],"texture":"#0"},"east":{"uv":[7,1,6,1.5],"texture":"#0"},"south":{"uv":[8,6.5,7.5,7],"texture":"#0"},"west":{"uv":[7,0.5,6,1],"texture":"#0"},"up":{"uv":[5.5,3.5,6,2.5],"texture":"#0"},"down":{"uv":[4,6,4.5,7],"texture":"#0"}}},{"from":[18.40193,6.726,5.12512],"to":[20.40193,9.726,6.12512],"rotation":{"angle":-22.5,"axis":"y","origin":[13.87693,-1.775,2.87512]},"faces":{"north":{"uv":[8.5,3.5,7.5,4],"texture":"#0"},"east":{"uv":[7,8.5,6.5,9],"texture":"#0"},"south":{"uv":[8.5,4,7.5,4.5],"texture":"#0"},"west":{"uv":[9,6,8.5,6.5],"texture":"#0"},"up":{"uv":[4.5,8,5.5,7.5],"texture":"#0"},"down":{"uv":[7.5,4.5,8.5,5],"texture":"#0"}}},{"from":[13.9,4.735,4.225],"to":[14.9,5.735,7.225],"rotation":{"angle":22.5,"axis":"y","origin":[13.125,-0.275,1]},"faces":{"north":{"uv":[9,1,8.5,1.5],"texture":"#0"},"east":{"uv":[7,2,5.5,2.5],"texture":"#0"},"south":{"uv":[2,8.5,1.5,9],"texture":"#0"},"west":{"uv":[7,1.5,5.5,2],"texture":"#0"},"up":{"uv":[1,7,1.5,5.5],"texture":"#0"},"down":{"uv":[2,6,2.5,7.5],"texture":"#0"}}},{"from":[14.125,8.725,4.225],"to":[15.125,9.725,5.225],"rotation":{"angle":22.5,"axis":"y","origin":[13.125,-0.275,1]},"faces":{"north":{"uv":[5.5,8,5,8.5],"texture":"#0"},"east":{"uv":[8.5,5.5,8,6],"texture":"#0"},"south":{"uv":[6,8,5.5,8.5],"texture":"#0"},"west":{"uv":[8.5,5,8,5.5],"texture":"#0"},"up":{"uv":[6,8.5,6.5,8],"texture":"#0"},"down":{"uv":[6.5,8,7,8.5],"texture":"#0"}}},{"from":[14.125,8.725,5.225],"to":[15.125,10.725,8.225],"rotation":{"angle":22.5,"axis":"y","origin":[13.125,-0.275,1]},"faces":{"north":{"uv":[2,6.5,1.5,7.5],"texture":"#0"},"east":{"uv":[4,1,2.5,2],"texture":"#0"},"south":{"uv":[7,2.5,6.5,3.5],"texture":"#0"},"west":{"uv":[4,0,2.5,1],"texture":"#0"},"up":{"uv":[0,7,0.5,5.5],"texture":"#0"},"down":{"uv":[0.5,5.5,1,7],"texture":"#0"}}},{"from":[15.125,10.225,6.225],"to":[16.125,11.225,8.225],"rotation":{"angle":22.5,"axis":"y","origin":[13.125,0.725,1]},"faces":{"north":{"uv":[8.5,1.5,8,2],"texture":"#0"},"east":{"uv":[7.5,3.5,6.5,4],"texture":"#0"},"south":{"uv":[3,8,2.5,8.5],"texture":"#0"},"west":{"uv":[7.5,0,6.5,0.5],"texture":"#0"},"up":{"uv":[6.5,7,7,6],"texture":"#0"},"down":{"uv":[0,7,0.5,8],"texture":"#0"}}},{"from":[15.125,9.725,8.225],"to":[16.125,11.725,10.225],"rotation":{"angle":22.5,"axis":"y","origin":[13.125,-0.275,1]},"faces":{"north":{"uv":[5,6.5,4.5,7.5],"texture":"#0"},"east":{"uv":[5.5,1.5,4.5,2.5],"texture":"#0"},"south":{"uv":[5.5,6.5,5,7.5],"texture":"#0"},"west":{"uv":[1,4.5,0,5.5],"texture":"#0"},"up":{"uv":[5.5,7.5,6,6.5],"texture":"#0"},"down":{"uv":[6,6.5,6.5,7.5],"texture":"#0"}}},{"from":[15.125,11.725,9.225],"to":[16.125,12.725,10.225],"rotation":{"angle":22.5,"axis":"y","origin":[13.125,-0.275,1]},"faces":{"north":{"uv":[8.5,6.5,8,7],"texture":"#0"},"east":{"uv":[8.5,8,8,8.5],"texture":"#0"},"south":{"uv":[8.5,7.5,8,8],"texture":"#0"},"west":{"uv":[8.5,7,8,7.5],"texture":"#0"},"up":{"uv":[8.5,0.5,9,0],"texture":"#0"},"down":{"uv":[0.5,8.5,1,9],"texture":"#0"}}},{"from":[15.125,8.725,9.225],"to":[16.125,9.725,10.225],"rotation":{"angle":22.5,"axis":"y","origin":[13.125,-3.275,1]},"faces":{"north":{"uv":[9,1.5,8.5,2],"texture":"#0"},"east":{"uv":[3,8.5,2.5,9],"texture":"#0"},"south":{"uv":[9,2,8.5,2.5],"texture":"#0"},"west":{"uv":[2.5,8.5,2,9],"texture":"#0"},"up":{"uv":[8.5,3,9,2.5],"texture":"#0"},"down":{"uv":[3,8.5,3.5,9],"texture":"#0"}}},{"from":[14.14403,5.725,7.32067],"to":[16.14403,6.725,9.32067],"rotation":{"angle":22.5,"axis":"y","origin":[12.89403,-0.275,1.09567]},"faces":{"north":{"uv":[7,4.5,6,5],"texture":"#0"},"east":{"uv":[7,5.5,6,6],"texture":"#0"},"south":{"uv":[6.5,6,5.5,6.5],"texture":"#0"},"west":{"uv":[7,5,6,5.5],"texture":"#0"},"up":{"uv":[4,1.5,5,0.5],"texture":"#0"},"down":{"uv":[4,4,5,5],"texture":"#0"}}},{"from":[13.91903,5.735,6.77067],"to":[14.91903,6.735,7.77067],"rotation":{"angle":22.5,"axis":"y","origin":[12.89403,-0.275,1.09567]},"faces":{"north":{"uv":[9,3.5,8.5,4],"texture":"#0"},"east":{"uv":[5,8.5,4.5,9],"texture":"#0"},"south":{"uv":[9,4,8.5,4.5],"texture":"#0"},"west":{"uv":[4.5,8.5,4,9],"texture":"#0"},"up":{"uv":[8.5,5,9,4.5],"texture":"#0"},"down":{"uv":[5,8.5,5.5,9],"texture":"#0"}}},{"from":[14.143,6.725,7.32067],"to":[15.143,9.725,8.32067],"rotation":{"angle":22.5,"axis":"y","origin":[12.89403,-0.275,1.09567]},"faces":{"north":{"uv":[3,6,2.5,7.5],"texture":"#0"},"east":{"uv":[4,6,3.5,7.5],"texture":"#0"},"south":{"uv":[3.5,6,3,7.5],"texture":"#0"},"west":{"uv":[6.5,2.5,6,4],"texture":"#0"},"up":{"uv":[8.5,3.5,9,3],"texture":"#0"},"down":{"uv":[3.5,8.5,4,9],"texture":"#0"}}},{"from":[10.68029,6.725,7.01722],"to":[11.68029,8.725,9.01722],"rotation":{"angle":45,"axis":"y","origin":[12.43029,-0.275,1.29222]},"faces":{"north":{"uv":[7.5,7.5,7,8.5],"texture":"#0"},"east":{"uv":[6,5,5,6],"texture":"#0"},"south":{"uv":[8,7.5,7.5,8.5],"texture":"#0"},"west":{"uv":[6,4,5,5],"texture":"#0"},"up":{"uv":[0,9,0.5,8],"texture":"#0"},"down":{"uv":[8,0.5,8.5,1.5],"texture":"#0"}}},{"from":[12.87787,6.715,6.14736],"to":[13.87787,8.715,7.14736],"rotation":{"angle":22.5,"axis":"y","origin":[12.62787,-0.265,0.92236]},"faces":{"north":{"uv":[1,7.5,0.5,8.5],"texture":"#0"},"east":{"uv":[2.5,7.5,2,8.5],"texture":"#0"},"south":{"uv":[2,7.5,1.5,8.5],"texture":"#0"},"west":{"uv":[1.5,7.5,1,8.5],"texture":"#0"},"up":{"uv":[8.5,5.5,9,5],"texture":"#0"},"down":{"uv":[5.5,8.5,6,9],"texture":"#0"}}},{"from":[15.125,6.725,9.225],"to":[16.125,8.725,10.225],"rotation":{"angle":22.5,"axis":"y","origin":[13.125,-0.275,1]},"faces":{"north":{"uv":[7.5,2,7,3],"texture":"#0"},"east":{"uv":[7.5,5,7,6],"texture":"#0"},"south":{"uv":[7.5,4,7,5],"texture":"#0"},"west":{"uv":[4.5,7,4,8],"texture":"#0"},"up":{"uv":[8.5,1,9,0.5],"texture":"#0"},"down":{"uv":[1,8.5,1.5,9],"texture":"#0"}}},{"from":[20.18551,6.725,7.69427],"to":[22.18551,8.725,8.69427],"rotation":{"angle":-22.5,"axis":"y","origin":[20.18551,-1.275,-0.53073]},"faces":{"north":{"uv":[3.5,5,2.5,6],"texture":"#0"},"east":{"uv":[8,5,7.5,6],"texture":"#0"},"south":{"uv":[5,5,4,6],"texture":"#0"},"west":{"uv":[4,7.5,3.5,8.5],"texture":"#0"},"up":{"uv":[5.5,8,6.5,7.5],"texture":"#0"},"down":{"uv":[7.5,6,8.5,6.5],"texture":"#0"}}}],"display":{"head":{"scale":[0.8,0.8,0.8]}}}