{"texture_size":[128,128],"textures":{"0":"custom:item/hermitcraft/season_9/stone_facade"},"elements":[{"from":[-8,0,8.9],"to":[24,32,9],"rotation":{"angle":0,"axis":"y","origin":[8,0,8]},"faces":{"north":{"uv":[0,0,4,4],"texture":"#0"},"east":{"uv":[4,0,4.125,4],"texture":"#0"},"south":{"uv":[0,4,4,8],"texture":"#0"},"west":{"uv":[4,4,4.125,8],"texture":"#0"},"up":{"uv":[8.125,0.125,4.125,0],"texture":"#0"},"down":{"uv":[8.125,0.125,4.125,0.25],"texture":"#0"}}}],"display":{"gui":{"rotation":[-1,179,0],"translation":[0,-3.75,0],"scale":[0.5,0.5,1]},"fixed":{"translation":[16,0,-1],"scale":[2,2,1]}}}