{"texture_size":[64,64],"parent":"minecraft:item/carved_pumpkin","textures":{"0":"custom:item/hermitcraft/season_9/stormtrooper","particle":"custom:item/hermitcraft/season_9/stormtrooper"},"elements":[{"from":[2,0,2],"to":[14,12,14],"faces":{"north":{"uv":[0,0,3,3],"texture":"#0"},"east":{"uv":[0,3,3,6],"texture":"#0"},"south":{"uv":[3,0,6,3],"texture":"#0"},"west":{"uv":[3,3,6,6],"texture":"#0"},"up":{"uv":[3,9,0,6],"texture":"#0"},"down":{"uv":[9,0,6,3],"texture":"#0"}}},{"from":[0.5,-1,-0.25],"to":[4.5,2,8.75],"rotation":{"angle":-22.5,"axis":"y","origin":[2,1.5,4.5]},"faces":{"north":{"uv":[7.5,10,8.5,10.75],"texture":"#0"},"east":{"uv":[8.5,3.5,10.75,4.25],"texture":"#0"},"south":{"uv":[8.5,10,9.5,10.75],"texture":"#0"},"west":{"uv":[8.5,4.25,10.75,5],"texture":"#0"},"up":{"uv":[6.5,8.25,5.5,6],"texture":"#0"},"down":{"uv":[7.5,5.5,6.5,7.75],"texture":"#0"}}},{"from":[11.5,-1,-0.25],"to":[15.5,2,8.75],"rotation":{"angle":22.5,"axis":"y","origin":[14,1.5,4.5]},"faces":{"north":{"uv":[10,8.75,11,9.5],"texture":"#0"},"east":{"uv":[8.5,5,10.75,5.75],"texture":"#0"},"south":{"uv":[9.5,10,10.5,10.75],"texture":"#0"},"west":{"uv":[8.5,5.75,10.75,6.5],"texture":"#0"},"up":{"uv":[8.5,7.75,7.5,5.5],"texture":"#0"},"down":{"uv":[7.5,7.75,6.5,10],"texture":"#0"}}},{"from":[1,4,5],"to":[2,9,9],"faces":{"north":{"uv":[2,10.25,2.25,11.5],"texture":"#0"},"east":{"uv":[9,0,10,1.25],"texture":"#0"},"south":{"uv":[2.25,10.25,2.5,11.5],"texture":"#0"},"west":{"uv":[1.25,9,2.25,10.25],"texture":"#0"},"up":{"uv":[3.25,11.25,3,10.25],"texture":"#0"},"down":{"uv":[5.5,10.25,5.25,11.25],"texture":"#0"}}},{"from":[14,4,5],"to":[15,9,9],"faces":{"north":{"uv":[2.5,10.25,2.75,11.5],"texture":"#0"},"east":{"uv":[9,1.25,10,2.5],"texture":"#0"},"south":{"uv":[2.75,10.25,3,11.5],"texture":"#0"},"west":{"uv":[2.25,9,3.25,10.25],"texture":"#0"},"up":{"uv":[5.75,11.25,5.5,10.25],"texture":"#0"},"down":{"uv":[6,10.25,5.75,11.25],"texture":"#0"}}},{"from":[14,-1,8],"to":[17,4,13],"faces":{"north":{"uv":[3.25,10,4,11.25],"texture":"#0"},"east":{"uv":[8.75,8.75,10,10],"texture":"#0"},"south":{"uv":[4,10,4.75,11.25],"texture":"#0"},"west":{"uv":[0,9,1.25,10.25],"texture":"#0"},"up":{"uv":[6.75,11.25,6,10],"texture":"#0"},"down":{"uv":[7.5,10,6.75,11.25],"texture":"#0"}}},{"from":[-1,-1,8],"to":[2,4,13],"faces":{"north":{"uv":[5.25,9,6,10.25],"texture":"#0"},"east":{"uv":[8.5,6.5,9.75,7.75],"texture":"#0"},"south":{"uv":[9.75,6.5,10.5,7.75],"texture":"#0"},"west":{"uv":[7.5,8.75,8.75,10],"texture":"#0"},"up":{"uv":[10.75,1.25,10,0],"texture":"#0"},"down":{"uv":[10.75,1.25,10,2.5],"texture":"#0"}}},{"from":[1,7,1],"to":[15,9,3],"faces":{"north":{"uv":[7.5,7.75,11,8.25],"texture":"#0"},"east":{"uv":[6,5.5,6.5,6],"texture":"#0"},"south":{"uv":[7.5,8.25,11,8.75],"texture":"#0"},"west":{"uv":[10.5,6.5,11,7],"texture":"#0"},"up":{"uv":[6.5,9,3,8.5],"texture":"#0"},"down":{"uv":[12,3,8.5,3.5],"texture":"#0"}}},{"from":[6,-1,1],"to":[10,3,3],"faces":{"north":{"uv":[3.25,9,4.25,10],"texture":"#0"},"east":{"uv":[6,9,6.5,10],"texture":"#0"},"south":{"uv":[4.25,9,5.25,10],"texture":"#0"},"west":{"uv":[4.75,10,5.25,11],"texture":"#0"},"up":{"uv":[1,10.75,0,10.25],"texture":"#0"},"down":{"uv":[2,10.25,1,10.75],"texture":"#0"}}},{"from":[3,12,3],"to":[13,13,13],"faces":{"north":{"uv":[9,2.5,11.5,2.75],"texture":"#0"},"east":{"uv":[9,2.75,11.5,3],"texture":"#0"},"south":{"uv":[10,9.5,12.5,9.75],"texture":"#0"},"west":{"uv":[10,9.75,12.5,10],"texture":"#0"},"up":{"uv":[5.5,8.5,3,6],"texture":"#0"},"down":{"uv":[8.5,3,6,5.5],"texture":"#0"}}}],"display":{"thirdperson_righthand":{"rotation":[75,45,0],"translation":[0,2.5,0],"scale":[0.375,0.375,0.375]},"thirdperson_lefthand":{"rotation":[75,45,0],"translation":[0,2.5,0],"scale":[0.375,0.375,0.375]},"ground":{"translation":[0,3.25,0]},"gui":{"rotation":[30,225,0],"scale":[0.625,0.625,0.625]},"head":{"translation":[0,3.25,0],"scale":[1.22461,1.22461,1.22461]}}}