{"texture_size":[64,64],"parent":"minecraft:item/carved_pumpkin","textures":{"0":"custom:item/hermitcraft/season_9/tcg_prize_evilx"},"elements":[{"from":[0,0,0],"to":[16,2,16],"rotation":{"angle":0,"axis":"y","origin":[13,0,2]},"faces":{"north":{"uv":[7.75,11.5,11.75,12],"texture":"#0"},"east":{"uv":[7.75,12.5,11.75,13],"texture":"#0"},"south":{"uv":[7.75,13,11.75,13.5],"texture":"#0"},"west":{"uv":[7.75,12,11.75,12.5],"texture":"#0"},"up":{"uv":[4,11.25,0,7.25],"texture":"#0"},"down":{"uv":[4,11.25,0,15.25],"texture":"#0"}}},{"from":[1,2,1],"to":[15,4,15],"rotation":{"angle":0,"axis":"y","origin":[13,1,2]},"faces":{"north":{"uv":[7.75,9.5,11.25,10],"texture":"#0"},"east":{"uv":[7.75,10.5,11.25,11],"texture":"#0"},"south":{"uv":[7.75,11,11.25,11.5],"texture":"#0"},"west":{"uv":[7.75,10,11.25,10.5],"texture":"#0"},"up":{"uv":[7.5,10.75,4,7.25],"texture":"#0"},"down":{"uv":[7.5,7.25,4,10.75],"texture":"#0"}}},{"from":[7.9,7,3.5],"to":[10.6,8,6.25],"rotation":{"angle":0,"axis":"y","origin":[8.5,17.3,3.5]},"faces":{"north":{"uv":[8.75,14.5,9.5,14.75],"texture":"#0"},"east":{"uv":[8.75,14.5,9,14.75],"texture":"#0"},"south":{"uv":[8.75,14.5,9.5,14.75],"texture":"#0"},"west":{"uv":[9.25,14.5,9.5,14.75],"texture":"#0"},"up":{"uv":[9.5,14.5,8.75,13.75],"texture":"#0"},"down":{"uv":[9.5,14.5,8.75,14.75],"texture":"#0"}}},{"from":[8.75,4,3.5],"to":[9.75,7,6.25],"rotation":{"angle":0,"axis":"y","origin":[8.5,11.3,3.5]},"faces":{"north":{"uv":[9,14.75,9.25,15.5],"texture":"#0"},"east":{"uv":[9,14.75,9.25,15.5],"texture":"#0"},"south":{"uv":[9,14.75,9.25,15.5],"texture":"#0"},"west":{"uv":[9,14.75,9.25,15.5],"texture":"#0"},"up":{"uv":[8.5,6.75,8.25,6.5],"texture":"#0"},"down":{"uv":[8.5,6.75,8.25,7],"texture":"#0"}}},{"from":[6.25,4,3.5],"to":[7.25,8,6.25],"rotation":{"angle":0,"axis":"y","origin":[6,11.25,3.5]},"faces":{"north":{"uv":[9.75,14.5,10,15.5],"texture":"#0"},"east":{"uv":[9.75,14.5,10,15.5],"texture":"#0"},"south":{"uv":[9.75,14.5,10,15.5],"texture":"#0"},"west":{"uv":[9.75,14.5,10,15.5],"texture":"#0"},"up":{"uv":[10,14.5,9.75,13.75],"texture":"#0"},"down":{"uv":[11.75,6,11.5,6.25],"texture":"#0"}}},{"from":[5.15,7,3.5],"to":[6.25,8,6.25],"rotation":{"angle":0,"axis":"y","origin":[5,17.25,3.5]},"faces":{"north":{"uv":[10,14.5,10.25,14.75],"texture":"#0"},"east":{"uv":[6,13.5,6.25,13.75],"texture":"#0"},"south":{"uv":[10,14.5,10.25,14.75],"texture":"#0"},"west":{"uv":[10,14.5,10.25,14.75],"texture":"#0"},"up":{"uv":[10.25,14.5,10,13.75],"texture":"#0"},"down":{"uv":[10.25,14.5,10,14.75],"texture":"#0"}}},{"from":[5.15,4,3.5],"to":[6.25,5,6.25],"rotation":{"angle":0,"axis":"y","origin":[5,11.25,3.5]},"faces":{"north":{"uv":[10,15.25,10.25,15.5],"texture":"#0"},"east":{"uv":[13.5,3,13.75,3.25],"texture":"#0"},"south":{"uv":[10,15.25,10.25,15.5],"texture":"#0"},"west":{"uv":[10,15.25,10.25,15.5],"texture":"#0"},"up":{"uv":[10.25,15.5,10,15.25],"texture":"#0"},"down":{"uv":[8,13.5,7.75,13.75],"texture":"#0"}}},{"from":[3.5,4,3.5],"to":[4.5,8,6.25],"rotation":{"angle":0,"axis":"y","origin":[3.25,6.5,3.5]},"faces":{"north":{"uv":[10.5,14.5,10.75,15.5],"texture":"#0"},"east":{"uv":[10.5,14.5,10.75,15.5],"texture":"#0"},"south":{"uv":[10.5,14.5,10.75,15.5],"texture":"#0"},"west":{"uv":[10.5,14.5,10.75,15.5],"texture":"#0"},"up":{"uv":[10.75,14.5,10.5,13.75],"texture":"#0"},"down":{"uv":[7.75,13.5,7.5,13.75],"texture":"#0"}}},{"from":[1.9,7,3.5],"to":[3.5,8,6.25],"rotation":{"angle":0,"axis":"y","origin":[2.25,12.5,3.5]},"faces":{"north":{"uv":[10.75,14.5,11.25,14.75],"texture":"#0"},"east":{"uv":[7.75,13.5,8,13.75],"texture":"#0"},"south":{"uv":[10.75,14.5,11.25,14.75],"texture":"#0"},"west":{"uv":[11,14.5,11.25,14.75],"texture":"#0"},"up":{"uv":[11.25,14.5,10.75,13.75],"texture":"#0"},"down":{"uv":[11.25,14.5,10.75,14.75],"texture":"#0"}}},{"from":[1.9,4,3.5],"to":[3.5,5,6.25],"rotation":{"angle":0,"axis":"y","origin":[2.25,6.5,3.5]},"faces":{"north":{"uv":[10.75,15.25,11.25,15.5],"texture":"#0"},"east":{"uv":[13.5,8.75,13.75,9],"texture":"#0"},"south":{"uv":[10.75,15.25,11.25,15.5],"texture":"#0"},"west":{"uv":[11,15.25,11.25,15.5],"texture":"#0"},"up":{"uv":[11.25,15.5,10.75,15.25],"texture":"#0"},"down":{"uv":[14,2.75,13.5,3],"texture":"#0"}}},{"from":[1.9,5,3.5],"to":[3,6,6.25],"rotation":{"angle":0,"axis":"y","origin":[2.25,8.5,3.5]},"faces":{"north":{"uv":[11,15,11.25,15.25],"texture":"#0"},"east":{"uv":[11,15,11.25,15.25],"texture":"#0"},"south":{"uv":[11,15,11.25,15.25],"texture":"#0"},"west":{"uv":[11,15,11.25,15.25],"texture":"#0"},"up":{"uv":[11.25,15.25,11,15],"texture":"#0"},"down":{"uv":[13.75,10.5,13.5,10.75],"texture":"#0"}}},{"from":[2.05,4,3.75],"to":[10.5,7.9,6],"rotation":{"angle":0,"axis":"y","origin":[11,4,2.5]},"faces":{"north":{"uv":[6.5,14.5,8.5,15.5],"texture":"#0"},"east":{"uv":[6.5,14.5,7,15.5],"texture":"#0"},"south":{"uv":[6.5,14.5,8.5,15.5],"texture":"#0"},"west":{"uv":[8,14.5,8.5,15.5],"texture":"#0"},"up":{"uv":[8.5,15,6.5,14.5],"texture":"#0"},"down":{"uv":[15,8.75,13,9.25],"texture":"#0"}}},{"from":[14.1,8.5,4],"to":[18.85,15.25,4.5],"rotation":{"angle":-22.5,"axis":"z","origin":[16.6,12,4.25]},"faces":{"north":{"uv":[14,13,15.25,14.75],"texture":"#0"},"east":{"uv":[14,13,14.25,14.75],"texture":"#0"},"south":{"uv":[14,13,15.25,14.75],"texture":"#0"},"west":{"uv":[15,13,15.25,14.75],"texture":"#0"},"up":{"uv":[15.25,13.25,14,13],"texture":"#0"},"down":{"uv":[15.25,14.5,14,14.75],"texture":"#0"}}},{"from":[11.1,9.5,3.5],"to":[15.85,16.25,4],"rotation":{"angle":0,"axis":"y","origin":[22.1,2.5,-7.5]},"faces":{"north":{"uv":[14,11.25,15.25,13],"texture":"#0"},"east":{"uv":[14,11.25,14.25,13],"texture":"#0"},"south":{"uv":[14,11.25,15.25,13],"texture":"#0"},"west":{"uv":[15,11.25,15.25,13],"texture":"#0"},"up":{"uv":[15.25,11.5,14,11.25],"texture":"#0"},"down":{"uv":[15.25,12.75,14,13],"texture":"#0"}}},{"from":[8.35,8.5,3],"to":[13.1,15.25,3.5],"rotation":{"angle":22.5,"axis":"z","origin":[10.6,12,3.25]},"faces":{"north":{"uv":[14,9.5,15.25,11.25],"texture":"#0"},"east":{"uv":[14,9.5,14.25,11.25],"texture":"#0"},"south":{"uv":[14,9.5,15.25,11.25],"texture":"#0"},"west":{"uv":[15,9.5,15.25,11.25],"texture":"#0"},"up":{"uv":[15.25,9.75,14,9.5],"texture":"#0"},"down":{"uv":[15.25,11,14,11.25],"texture":"#0"}}},{"from":[3.5,9.3,6.4],"to":[12.5,18.3,6.4],"rotation":{"angle":22.5,"axis":"x","origin":[7.6,14,10.9]},"faces":{"north":{"uv":[8.25,2,10.25,4],"texture":"#0"},"east":{"uv":[0,0,0,2.25],"texture":"#0"},"south":{"uv":[8.25,2,10.25,4],"texture":"#0"},"west":{"uv":[0,0,0,2.25],"texture":"#0"},"up":{"uv":[2.25,0,0,0],"texture":"#0"},"down":{"uv":[2.25,0,0,0],"texture":"#0"}}},{"from":[3.5,18.3,6.4],"to":[12.5,18.3,15.4],"rotation":{"angle":22.5,"axis":"x","origin":[7.6,14,10.9]},"faces":{"north":{"uv":[0,0,2.25,0],"texture":"#0"},"east":{"uv":[0,0,2.25,0],"texture":"#0"},"south":{"uv":[0,0,2.25,0],"texture":"#0"},"west":{"uv":[0,0,2.25,0],"texture":"#0"},"up":{"uv":[10.25,2,8.25,0],"texture":"#0"},"down":{"uv":[10.25,0,8.25,2],"texture":"#0"}}},{"from":[3.5,12.3,15.4],"to":[12.5,18.3,15.4],"rotation":{"angle":22.5,"axis":"x","origin":[7.6,14,10.9]},"faces":{"north":{"uv":[10.25,3.25,12.25,4.5],"texture":"#0"},"east":{"uv":[0,0,0,1.5],"texture":"#0"},"south":{"uv":[10.25,3.25,12.25,4.75],"texture":"#0"},"west":{"uv":[0,0,0,1.5],"texture":"#0"},"up":{"uv":[2.25,0,0,0],"texture":"#0"},"down":{"uv":[2.25,0,0,0],"texture":"#0"}}},{"from":[3.5,9.3,6.4],"to":[12.5,9.3,12.4],"rotation":{"angle":22.5,"axis":"x","origin":[7.6,14,10.9]},"faces":{"north":{"uv":[0,0,2.25,0],"texture":"#0"},"east":{"uv":[0,0,1.5,0],"texture":"#0"},"south":{"uv":[0,0,2.25,0],"texture":"#0"},"west":{"uv":[0,0,1.5,0],"texture":"#0"},"up":{"uv":[12.25,2,10.25,0.5],"texture":"#0"},"down":{"uv":[12.25,0.5,10.25,2],"texture":"#0"}}},{"from":[1.1,3,7.5],"to":[4,10,11.5],"rotation":{"angle":0,"axis":"y","origin":[-4.4,6,11.5]},"faces":{"north":{"uv":[7.25,5,8,6.75],"texture":"#0"},"east":{"uv":[10.5,7,11.5,8.75],"texture":"#0"},"south":{"uv":[9,5,9.75,6.75],"texture":"#0"},"west":{"uv":[8,5,9,6.75],"texture":"#0"},"up":{"uv":[8,5,7.25,4],"texture":"#0"},"down":{"uv":[13.5,8.5,12.75,9.5],"texture":"#0"}}},{"from":[4,3,7.5],"to":[12,10,11.5],"rotation":{"angle":0,"axis":"y","origin":[7.6,6,11.5]},"faces":{"north":{"uv":[1,5,3,6.75],"texture":"#0"},"east":{"uv":[8,7.5,9,9.25],"texture":"#0"},"south":{"uv":[4,5,6,6.75],"texture":"#0"},"west":{"uv":[8,7.5,9,9.25],"texture":"#0"},"up":{"uv":[3,5,1,4],"texture":"#0"},"down":{"uv":[10,8.25,8,9.25],"texture":"#0"}}},{"from":[12,3,7.5],"to":[14.9,10,11.5],"rotation":{"angle":0,"axis":"y","origin":[7.6,6,11.5]},"faces":{"north":{"uv":[7.25,5,8,6.75],"texture":"#0"},"east":{"uv":[9,5,8,6.75],"texture":"#0"},"south":{"uv":[9,5,9.75,6.75],"texture":"#0"},"west":{"uv":[8.25,7.5,9.25,9.25],"texture":"#0"},"up":{"uv":[8,5,7.25,4],"texture":"#0"},"down":{"uv":[13.5,10.5,12.75,11.5],"texture":"#0"}}},{"from":[4,9.8,6.9],"to":[12,17.8,14.9],"rotation":{"angle":22.5,"axis":"x","origin":[7.6,14,10.9]},"faces":{"north":{"uv":[2,2,4,4],"texture":"#0"},"east":{"uv":[0,2,2,4],"texture":"#0"},"south":{"uv":[6,2,8,4],"texture":"#0"},"west":{"uv":[4,2,6,4],"texture":"#0"},"up":{"uv":[4,2,2,0],"texture":"#0"},"down":{"uv":[6,0,4,2],"texture":"#0"}}},{"from":[11.25,4,2.9],"to":[14.9,11,6.9],"rotation":{"angle":-22.5,"axis":"x","origin":[11.6,7,6.9]},"faces":{"north":{"uv":[6,5,7,6.75],"texture":"#0"},"east":{"uv":[6,5,7,6.75],"texture":"#0"},"south":{"uv":[6,5,7,6.75],"texture":"#0"},"west":{"uv":[6,5,7,6.75],"texture":"#0"},"up":{"uv":[9,5,8,4],"texture":"#0"},"down":{"uv":[3,12.75,2,13.75],"texture":"#0"}}}],"gui_light":"front","display":{"thirdperson_righthand":{"rotation":[55.15,-7.09,-1.55],"translation":[2.25,2,1.25],"scale":[0.6,0.6,0.6]},"thirdperson_lefthand":{"rotation":[55.15,-7.09,-1.55],"translation":[2.25,2,1.25],"scale":[0.6,0.6,0.6]},"firstperson_righthand":{"rotation":[-180,71.5,-180],"translation":[8.75,0,-6.5],"scale":[0.44,0.6,0.6]},"firstperson_lefthand":{"rotation":[-180,71.5,-180],"translation":[8.75,0,-6.5],"scale":[0.44,0.6,0.6]},"ground":{"translation":[0,1,0],"scale":[0.6,0.6,0.6]},"gui":{"rotation":[-174.25,23,180],"translation":[0,-0.25,0]},"head":{"translation":[0,12.75,0],"scale":[0.85,0.85,0.85]},"fixed":{"rotation":[-90,0,0],"translation":[0,0,-14],"scale":[2,2,2]}}}