{"texture_size":[64,64],"parent":"minecraft:item/carved_pumpkin","textures":{"0":"custom:item/hermitcraft/season_9/tcg_trophy_texture","particle":"custom:item/hermitcraft/season_9/tcg_trophy_texture"},"elements":[{"from":[0,0,0],"to":[16,2,16],"faces":{"north":{"uv":[4.75,13.5,8.75,14],"texture":"#0"},"east":{"uv":[4.75,13.5,8.75,14],"texture":"#0"},"south":{"uv":[4.75,13.5,8.75,14],"texture":"#0"},"west":{"uv":[4.75,13.5,8.75,14],"texture":"#0"},"up":{"uv":[4.25,11.5,0.25,7.5],"texture":"#0"},"down":{"uv":[4.25,11.5,0.25,15.5],"texture":"#0"}}},{"from":[1,2,1],"to":[15,4,15],"faces":{"north":{"uv":[4.5,0.5,8,1],"texture":"#0"},"east":{"uv":[4.5,0.5,8,1],"texture":"#0"},"south":{"uv":[4.5,0.5,8,1],"texture":"#0"},"west":{"uv":[4.5,0.5,8,1],"texture":"#0"},"up":{"uv":[3.75,3.5,0.25,0],"texture":"#0"},"down":{"uv":[3.75,3.5,0.25,7],"texture":"#0"}}},{"from":[2,4,2],"to":[14,5,4],"faces":{"north":{"uv":[12.25,4.25,15.25,4.5],"texture":"#0"},"east":{"uv":[11.75,4.5,12.25,4.75],"texture":"#0"},"south":{"uv":[12.25,4.5,15.25,4.75],"texture":"#0"},"west":{"uv":[11.75,4.5,12.25,4.75],"texture":"#0"},"up":{"uv":[15.25,4.25,12.25,3.75],"texture":"#0"},"down":{"uv":[15.25,4.75,12.25,5.25],"texture":"#0"}}},{"from":[3,4,5],"to":[13,7,13],"faces":{"north":{"uv":[4.75,8.25,7.25,9],"texture":"#0"},"east":{"uv":[4.75,9.75,6.75,10.5],"texture":"#0"},"south":{"uv":[4.75,9,7.25,9.75],"texture":"#0"},"west":{"uv":[4.75,7.5,6.75,8.25],"texture":"#0"},"up":{"uv":[7,5,4.5,3],"texture":"#0"},"down":{"uv":[7,5,4.5,7],"texture":"#0"}}},{"from":[5.75,5,6.25],"to":[10.75,14,11.25],"rotation":{"angle":22.5,"axis":"z","origin":[8.75,10,9.25]},"faces":{"north":{"uv":[10.75,1.25,12,3.5],"texture":"#0"},"east":{"uv":[9.5,1.25,10.75,3.5],"texture":"#0"},"south":{"uv":[13.25,1.25,14.5,3.5],"texture":"#0"},"west":{"uv":[12,1.25,13.25,3.5],"texture":"#0"},"up":{"uv":[12,1.25,10.75,0],"texture":"#0"},"down":{"uv":[8.75,10,7.5,11.25],"texture":"#0"}}},{"from":[9.3303,10.10999,7.25],"to":[11.3303,13.10999,10.25],"rotation":{"angle":0,"axis":"z","origin":[11.3303,11.60999,8.75]},"faces":{"north":{"uv":[8.25,3.75,8.75,4.5],"texture":"#0"},"east":{"uv":[7.5,3.75,8.25,4.5],"texture":"#0"},"south":{"uv":[9.5,3.75,10,4.5],"texture":"#0"},"west":{"uv":[8.75,3.75,9.5,4.5],"texture":"#0"},"up":{"uv":[8.75,3.75,8.25,3],"texture":"#0"},"down":{"uv":[8.75,4.5,8.25,5.25],"texture":"#0"}}},{"from":[2.85,12.5,8.4],"to":[7.6,19.25,8.9],"rotation":{"angle":22.5,"axis":"z","origin":[5.1,16,8.65]},"faces":{"north":{"uv":[12.5,6,13.75,7.75],"texture":"#0"},"east":{"uv":[12.5,6,12.75,7.75],"texture":"#0"},"south":{"uv":[12.5,6,13.75,7.75],"texture":"#0"},"west":{"uv":[13.5,6,13.75,7.75],"texture":"#0"},"up":{"uv":[13.75,7.75,12.5,7.5],"texture":"#0"},"down":{"uv":[13.75,6,12.5,6.25],"texture":"#0"}}},{"from":[0.85,10.5,7.9],"to":[5.6,17.25,8.4],"rotation":{"angle":45,"axis":"z","origin":[3.1,14,8.15]},"faces":{"north":{"uv":[12.5,7.75,13.75,9.5],"texture":"#0"},"east":{"uv":[12.5,7.75,12.75,9.5],"texture":"#0"},"south":{"uv":[12.5,7.75,13.75,9.5],"texture":"#0"},"west":{"uv":[13.5,7.75,13.75,9.5],"texture":"#0"},"up":{"uv":[13.75,8,12.5,7.75],"texture":"#0"},"down":{"uv":[13.75,9.25,12.5,9.5],"texture":"#0"}}},{"from":[5.6,13.5,8.9],"to":[10.35,20.25,9.4],"rotation":{"angle":0,"axis":"y","origin":[16.6,6.5,-2.1]},"faces":{"north":{"uv":[9.5,9,10.75,10.75],"texture":"#0"},"east":{"uv":[9.5,9,9.75,10.75],"texture":"#0"},"south":{"uv":[9.5,9,10.75,10.75],"texture":"#0"},"west":{"uv":[10.5,9,10.75,10.75],"texture":"#0"},"up":{"uv":[10.75,9.25,9.5,9],"texture":"#0"},"down":{"uv":[10.75,10.5,9.5,10.75],"texture":"#0"}}},{"from":[8.6,12.5,9.4],"to":[13.35,19.25,9.9],"rotation":{"angle":-22.5,"axis":"z","origin":[11.1,16,9.65]},"faces":{"north":{"uv":[9.5,7.25,10.75,9],"texture":"#0"},"east":{"uv":[9.5,7.25,9.75,9],"texture":"#0"},"south":{"uv":[9.5,7.25,10.75,9],"texture":"#0"},"west":{"uv":[10.5,7.25,10.75,9],"texture":"#0"},"up":{"uv":[10.75,7.5,9.5,7.25],"texture":"#0"},"down":{"uv":[10.75,8.75,9.5,9],"texture":"#0"}}},{"from":[10.6,10.5,9.9],"to":[15.35,17.25,10.4],"rotation":{"angle":-45,"axis":"z","origin":[13.1,14,10.15]},"faces":{"north":{"uv":[9.5,5.5,10.75,7.25],"texture":"#0"},"east":{"uv":[9.5,5.5,9.75,7.25],"texture":"#0"},"south":{"uv":[9.5,5.5,10.75,7.25],"texture":"#0"},"west":{"uv":[10.5,5.5,10.75,7.25],"texture":"#0"},"up":{"uv":[10.75,5.75,9.5,5.5],"texture":"#0"},"down":{"uv":[10.75,7,9.5,7.25],"texture":"#0"}}},{"from":[10.6,8.5,10.65],"to":[15.35,15.25,11.15],"rotation":{"angle":-45,"axis":"z","origin":[13.1,12,10.9]},"faces":{"north":{"uv":[12.5,9.5,13.75,11.25],"texture":"#0"},"east":{"uv":[12.5,9.5,12.75,11.25],"texture":"#0"},"south":{"uv":[12.5,9.5,13.75,11.25],"texture":"#0"},"west":{"uv":[13.5,9.5,13.75,11.25],"texture":"#0"},"up":{"uv":[13.75,9.75,12.5,9.5],"texture":"#0"},"down":{"uv":[13.75,11,12.5,11.25],"texture":"#0"}}},{"from":[0.85,8.5,8.65],"to":[5.6,15.25,9.15],"rotation":{"angle":45,"axis":"z","origin":[3.1,12,8.9]},"faces":{"north":{"uv":[13.75,9.5,15,11.25],"texture":"#0"},"east":{"uv":[13.75,9.5,14,11.25],"texture":"#0"},"south":{"uv":[13.75,9.5,15,11.25],"texture":"#0"},"west":{"uv":[14.75,9.5,15,11.25],"texture":"#0"},"up":{"uv":[15,9.75,13.75,9.5],"texture":"#0"},"down":{"uv":[15,11,13.75,11.25],"texture":"#0"}}},{"from":[12,4,12],"to":[14,8,14],"faces":{"north":{"uv":[8.5,1,9,2],"texture":"#0"},"east":{"uv":[8.5,1,9,2],"texture":"#0"},"south":{"uv":[8.5,1,9,2],"texture":"#0"},"west":{"uv":[8.5,1,9,2],"texture":"#0"},"up":{"uv":[9,1,8.5,0.5],"texture":"#0"},"down":{"uv":[9,2,8.5,2.5],"texture":"#0"}}},{"from":[2,4,12],"to":[4,8,14],"faces":{"north":{"uv":[8.5,1,9,2],"texture":"#0"},"east":{"uv":[8.5,1,9,2],"texture":"#0"},"south":{"uv":[8.5,1,9,2],"texture":"#0"},"west":{"uv":[8.5,1,9,2],"texture":"#0"},"up":{"uv":[9,1,8.5,0.5],"texture":"#0"},"down":{"uv":[9,2,8.5,2.5],"texture":"#0"}}},{"from":[12,4,4],"to":[14,8,6],"faces":{"north":{"uv":[8.5,1,9,2],"texture":"#0"},"east":{"uv":[8.5,1,9,2],"texture":"#0"},"south":{"uv":[8.5,1,9,2],"texture":"#0"},"west":{"uv":[8.5,1,9,2],"texture":"#0"},"up":{"uv":[9,1,8.5,0.5],"texture":"#0"},"down":{"uv":[9,2,8.5,2.5],"texture":"#0"}}},{"from":[2,4,4],"to":[4,8,6],"faces":{"north":{"uv":[8.5,1,9,2],"texture":"#0"},"east":{"uv":[8.5,1,9,2],"texture":"#0"},"south":{"uv":[8.5,1,9,2],"texture":"#0"},"west":{"uv":[8.5,1,9,2],"texture":"#0"},"up":{"uv":[9,1,8.5,0.5],"texture":"#0"},"down":{"uv":[9,2,8.5,2.5],"texture":"#0"}}},{"from":[9.7,8,2],"to":[12.4,9,4.75],"rotation":{"angle":0,"axis":"y","origin":[8.5,17.3,3.5]},"faces":{"north":{"uv":[10.25,14.5,11,14.75],"texture":"#0"},"east":{"uv":[10.25,14.5,11,14.75],"texture":"#0"},"south":{"uv":[10.25,14.5,11,14.75],"texture":"#0"},"west":{"uv":[10.25,14.5,11,14.75],"texture":"#0"},"up":{"uv":[11,14.5,10.25,13.75],"texture":"#0"},"down":{"uv":[11,14.5,10.25,14.75],"texture":"#0"}}},{"from":[10.55,5,2],"to":[11.55,8,4.75],"rotation":{"angle":0,"axis":"y","origin":[8.5,11.3,3.5]},"faces":{"north":{"uv":[10.5,14.75,10.75,15.5],"texture":"#0"},"east":{"uv":[10.5,14.75,10.75,15.5],"texture":"#0"},"south":{"uv":[10.5,14.75,10.75,15.5],"texture":"#0"},"west":{"uv":[10.5,14.75,10.75,15.5],"texture":"#0"},"up":{"uv":[12.5,11,12.25,10.25],"texture":"#0"},"down":{"uv":[10.75,14.75,10.5,15.5],"texture":"#0"}}},{"from":[8.05,5,2],"to":[9.05,9,4.75],"rotation":{"angle":0,"axis":"y","origin":[6,11.25,3.5]},"faces":{"north":{"uv":[11.25,14.5,11.5,15.5],"texture":"#0"},"east":{"uv":[11.25,14.5,11.5,15.5],"texture":"#0"},"south":{"uv":[11.25,14.5,11.5,15.5],"texture":"#0"},"west":{"uv":[11.25,14.5,11.5,15.5],"texture":"#0"},"up":{"uv":[11.5,14.5,11.25,13.75],"texture":"#0"},"down":{"uv":[11.5,14.75,11.25,15.5],"texture":"#0"}}},{"from":[6.95,8,2],"to":[8.05,9,4.75],"rotation":{"angle":0,"axis":"y","origin":[5,17.25,3.5]},"faces":{"north":{"uv":[11.5,14.5,11.75,14.75],"texture":"#0"},"east":{"uv":[12.25,8.5,13,8.75],"texture":"#0"},"south":{"uv":[11.5,14.5,11.75,14.75],"texture":"#0"},"west":{"uv":[11.25,14.5,11.75,14.75],"texture":"#0"},"up":{"uv":[11.75,14.5,11.5,13.75],"texture":"#0"},"down":{"uv":[11.75,14.5,11.5,14.75],"texture":"#0"}}},{"from":[6.95,5,2],"to":[8.05,6,4.75],"rotation":{"angle":0,"axis":"y","origin":[5,11.25,3.5]},"faces":{"north":{"uv":[11.5,15.25,11.75,15.5],"texture":"#0"},"east":{"uv":[12.25,12,13,12.25],"texture":"#0"},"south":{"uv":[11.5,15.25,11.75,15.5],"texture":"#0"},"west":{"uv":[11.25,15.25,11.75,15.5],"texture":"#0"},"up":{"uv":[11.5,15.5,11.25,14.75],"texture":"#0"},"down":{"uv":[11.5,14.75,11.25,15.5],"texture":"#0"}}},{"from":[5.3,5,2],"to":[6.3,9,4.75],"rotation":{"angle":0,"axis":"y","origin":[3.25,6.5,3.5]},"faces":{"north":{"uv":[12,14.5,12.25,15.5],"texture":"#0"},"east":{"uv":[12,14.5,12.25,15.5],"texture":"#0"},"south":{"uv":[12,14.5,12.25,15.5],"texture":"#0"},"west":{"uv":[12,14.5,12.25,15.5],"texture":"#0"},"up":{"uv":[12.25,14.5,12,13.75],"texture":"#0"},"down":{"uv":[12.25,14.75,12,15.5],"texture":"#0"}}},{"from":[3.7,8,2],"to":[5.3,9,4.75],"rotation":{"angle":0,"axis":"y","origin":[2.25,12.5,3.5]},"faces":{"north":{"uv":[12.25,14.5,12.75,14.75],"texture":"#0"},"east":{"uv":[5.25,12.5,6,12.75],"texture":"#0"},"south":{"uv":[12.25,14.5,12.75,14.75],"texture":"#0"},"west":{"uv":[12,14.5,12.75,14.75],"texture":"#0"},"up":{"uv":[12.75,14.5,12.25,13.75],"texture":"#0"},"down":{"uv":[12.75,14.5,12.25,14.75],"texture":"#0"}}},{"from":[3.7,5,2],"to":[5.3,6,4.75],"rotation":{"angle":0,"axis":"y","origin":[2.25,6.5,3.5]},"faces":{"north":{"uv":[12.25,15.25,12.75,15.5],"texture":"#0"},"east":{"uv":[12.5,6.5,13.25,6.75],"texture":"#0"},"south":{"uv":[12.25,15.25,12.75,15.5],"texture":"#0"},"west":{"uv":[12.25,15.25,12.75,15.5],"texture":"#0"},"up":{"uv":[12.25,15.5,12,14.75],"texture":"#0"},"down":{"uv":[12.25,14.75,12,15.5],"texture":"#0"}}},{"from":[3.7,6,2],"to":[4.8,7,4.75],"rotation":{"angle":0,"axis":"y","origin":[2.25,8.5,3.5]},"faces":{"north":{"uv":[12.5,15,12.75,15.25],"texture":"#0"},"east":{"uv":[12.5,15,12.75,15.25],"texture":"#0"},"south":{"uv":[12.5,15,12.75,15.25],"texture":"#0"},"west":{"uv":[12.5,15,12.75,15.25],"texture":"#0"},"up":{"uv":[12.75,15.25,12.5,15],"texture":"#0"},"down":{"uv":[10,12.5,9.75,13.25],"texture":"#0"}}},{"from":[3.85,5,2.25],"to":[12.3,8.9,4.5],"rotation":{"angle":0,"axis":"y","origin":[11,4,2.5]},"faces":{"north":{"uv":[7.5,14.5,9.5,15.5],"texture":"#0"},"east":{"uv":[7.5,14.5,8,15.5],"texture":"#0"},"south":{"uv":[7.5,14.5,9.5,15.5],"texture":"#0"},"west":{"uv":[9,14.5,9.5,15.5],"texture":"#0"},"up":{"uv":[9.5,15,7.5,14.5],"texture":"#0"},"down":{"uv":[9.5,15.5,7.5,16],"texture":"#0"}}}],"gui_light":"front","display":{"thirdperson_righthand":{"rotation":[55.15,-7.09,-1.55],"translation":[2.25,2,1.25],"scale":[0.6,0.6,0.6]},"thirdperson_lefthand":{"rotation":[55.15,-7.09,-1.55],"translation":[2.25,2,1.25],"scale":[0.6,0.6,0.6]},"firstperson_righthand":{"rotation":[-180,71.5,-180],"translation":[8.75,0,-6.5],"scale":[0.44,0.6,0.6]},"firstperson_lefthand":{"rotation":[-180,71.5,-180],"translation":[8.75,0,-6.5],"scale":[0.44,0.6,0.6]},"ground":{"translation":[0,1,0],"scale":[0.6,0.6,0.6]},"gui":{"rotation":[-174.51,14.78,-179.15],"translation":[0,-0.25,0]},"head":{"translation":[0,12.75,0],"scale":[0.85,0.85,0.85]},"fixed":{"rotation":[-90,0,0],"translation":[0,0,-14],"scale":[2,2,2]}}}