{
	"credit": "CJMoseley (Moselbop) for TangoTek",
	"textures": {
		"9": "custom:item/hermitcraft/season_9/do/foilcards/icons/bronze3",
		"10": "custom:item/hermitcraft/season_9/do/foilcards/hermits/scar_bronzefoil",
		"46": "custom:item/hermitcraft/season_9/do/foilcards/borders/bronze",
		"47": "custom:item/hermitcraft/season_9/do/foilcards/cardtext/avalanche_bronze",
		"50": "custom:item/hermitcraft/season_9/do/foilcards/title/third_place",
		"270": "custom:item/hermitcraft/season_9/do/foilcards/background/background_avalanche_bronze",
		"280": "custom:item/hermitcraft/season_9/do/foilcards/cardback_bronze",
		"particle": "custom:item/hermitcraft/season_9/do/foilcards/cardback_bronze"
	},
	"elements": [
		{
			"from": [
				0.3125,
				5.375,
				0.6875
			],
			"to": [
				0.3125,
				5.863,
				8.3125
			],
			"faces": {
				"north": {
					"uv": [
						0,
						0,
						0.22222,
						0
					],
					"texture": "#missing"
				},
				"east": {
					"uv": [
						0,
						0.256,
						16,
						16
					],
					"texture": "#missing"
				},
				"south": {
					"uv": [
						0,
						0,
						0,
						0
					],
					"texture": "#missing"
				},
				"west": {
					"uv": [
						0,
						0,
						0,
						0
					],
					"texture": "#missing"
				},
				"up": {
					"uv": [
						0,
						0,
						0,
						0.17838
					],
					"texture": "#missing"
				},
				"down": {
					"uv": [
						0,
						0,
						0,
						0
					],
					"texture": "#missing"
				}
			}
		},
		{
			"from": [
				0,
				0,
				0
			],
			"to": [
				0,
				13,
				9
			],
			"faces": {
				"north": {
					"uv": [
						16,
						0,
						15.82309,
						16
					],
					"texture": "#280"
				},
				"east": {
					"uv": [
						0,
						0,
						7.96216,
						16
					],
					"texture": "#280"
				},
				"south": {
					"uv": [
						15.78654,
						0,
						16,
						16
					],
					"texture": "#280"
				},
				"west": {
					"uv": [
						8.08672,
						0,
						16,
						16
					],
					"texture": "#280"
				},
				"up": {
					"uv": [
						7.44828,
						0,
						7.86081,
						0
					],
					"texture": "#280"
				},
				"down": {
					"uv": [
						7.44828,
						0.17021,
						7.9473,
						0
					],
					"texture": "#280"
				}
			}
		},
		{
			"from": [
				0.125,
				0,
				0
			],
			"to": [
				0.125,
				13,
				9
			],
			"faces": {
				"north": {
					"uv": [
						0,
						0,
						0,
						0
					],
					"texture": "#46"
				},
				"east": {
					"uv": [
						0.19565,
						0.05435,
						15.79348,
						15.82609
					],
					"texture": "#46"
				},
				"south": {
					"uv": [
						0,
						0,
						0,
						0
					],
					"texture": "#46"
				},
				"west": {
					"uv": [
						0,
						0,
						0,
						0
					],
					"texture": "#46"
				},
				"up": {
					"uv": [
						0,
						0,
						0,
						0
					],
					"texture": "#46"
				},
				"down": {
					"uv": [
						0,
						0,
						0,
						0
					],
					"texture": "#46"
				}
			}
		},
		{
			"from": [
				0.25,
				0,
				0.0625
			],
			"to": [
				0.25,
				13,
				9.0625
			],
			"faces": {
				"north": {
					"uv": [
						0,
						0,
						0,
						0
					],
					"texture": "#46"
				},
				"east": {
					"uv": [
						0.19565,
						0.05435,
						15.79348,
						15.82609
					],
					"texture": "#46"
				},
				"south": {
					"uv": [
						0,
						0,
						0,
						0
					],
					"texture": "#46"
				},
				"west": {
					"uv": [
						0,
						0,
						0,
						0
					],
					"texture": "#46"
				},
				"up": {
					"uv": [
						0,
						0,
						0,
						0
					],
					"texture": "#46"
				},
				"down": {
					"uv": [
						0,
						0,
						0,
						0
					],
					"texture": "#46"
				}
			}
		},
		{
			"from": [
				0.3125,
				11.75,
				0.1875
			],
			"to": [
				0.3125,
				12.75,
				1.1875
			],
			"faces": {
				"north": {
					"uv": [
						0,
						0,
						0,
						0
					],
					"texture": "#9"
				},
				"east": {
					"uv": [
						0.17391,
						0,
						15.82609,
						15.82609
					],
					"texture": "#9"
				},
				"south": {
					"uv": [
						0,
						0,
						0,
						0
					],
					"texture": "#9"
				},
				"west": {
					"uv": [
						0,
						0,
						0,
						0
					],
					"texture": "#9"
				},
				"up": {
					"uv": [
						0,
						0,
						0,
						0
					],
					"texture": "#9"
				},
				"down": {
					"uv": [
						0,
						0,
						0,
						0
					],
					"texture": "#9"
				}
			}
		},
		{
			"from": [
				0.1875,
				6.3125,
				0.4375
			],
			"to": [
				0.1875,
				10.8125,
				4.9375
			],
			"faces": {
				"north": {
					"uv": [
						0,
						0,
						0.16351,
						16
					],
					"texture": "#10"
				},
				"east": {
					"uv": [
						0,
						0,
						16,
						16
					],
					"texture": "#10"
				},
				"south": {
					"uv": [
						14.91328,
						0,
						15.33813,
						16
					],
					"texture": "#10"
				},
				"west": {
					"uv": [
						15.39107,
						0,
						16,
						16
					],
					"texture": "#10"
				},
				"up": {
					"uv": [
						0,
						0,
						7.86081,
						0.17838
					],
					"texture": "#10"
				},
				"down": {
					"uv": [
						0,
						0,
						7.9473,
						0.34783
					],
					"texture": "#10"
				}
			}
		},
		{
			"from": [
				0.0625,
				6.3125,
				0.4375
			],
			"to": [
				0.0625,
				12.4375,
				8.5625
			],
			"faces": {
				"north": {
					"uv": [
						16,
						0,
						16,
						0
					],
					"texture": "#270"
				},
				"east": {
					"uv": [
						0.384,
						0,
						13.504,
						12.96457
					],
					"texture": "#270"
				},
				"south": {
					"uv": [
						16,
						0,
						16,
						0
					],
					"texture": "#270"
				},
				"west": {
					"uv": [
						16,
						0,
						16,
						0
					],
					"texture": "#270"
				},
				"up": {
					"uv": [
						0,
						0,
						0,
						0
					],
					"texture": "#270"
				},
				"down": {
					"uv": [
						0,
						0,
						0,
						0
					],
					"texture": "#270"
				}
			}
		},
		{
			"from": [
				0.1875,
				0.5,
				0.4375
			],
			"to": [
				0.1875,
				5.3125,
				8.5625
			],
			"faces": {
				"north": {
					"uv": [
						0,
						0,
						0.22222,
						0
					],
					"texture": "#47"
				},
				"east": {
					"uv": [
						0,
						0,
						16,
						16
					],
					"texture": "#47"
				},
				"south": {
					"uv": [
						0,
						0,
						0,
						0
					],
					"texture": "#47"
				},
				"west": {
					"uv": [
						0,
						0,
						0,
						0
					],
					"texture": "#47"
				},
				"up": {
					"uv": [
						0,
						0,
						0,
						0.17838
					],
					"texture": "#47"
				},
				"down": {
					"uv": [
						0,
						0,
						0,
						0
					],
					"texture": "#47"
				}
			}
		},
		{
			"from": [
				0.3125,
				5.875,
				0.6875
			],
			"to": [
				0.3125,
				7.095,
				8.3125
			],
			"faces": {
				"north": {
					"uv": [
						0,
						0,
						0.22222,
						0
					],
					"texture": "#50"
				},
				"east": {
					"uv": [
						0,
						0.256,
						16,
						16
					],
					"texture": "#50"
				},
				"south": {
					"uv": [
						0,
						0,
						0,
						0
					],
					"texture": "#50"
				},
				"west": {
					"uv": [
						0,
						0,
						0,
						0
					],
					"texture": "#50"
				},
				"up": {
					"uv": [
						0,
						0,
						0,
						0.17838
					],
					"texture": "#50"
				},
				"down": {
					"uv": [
						0,
						0,
						0,
						0
					],
					"texture": "#50"
				}
			}
		}
	],
	"gui_light": "front",
	"display": {
		"thirdperson_righthand": {
			"rotation": [
				1,
				-100,
				1
			],
			"translation": [
				-3,
				5.5,
				6.75
			]
		},
		"thirdperson_lefthand": {
			"rotation": [
				0,
				79,
				0
			],
			"translation": [
				-2.25,
				6.25,
				7.5
			]
		},
		"firstperson_righthand": {
			"rotation": [
				0,
				-109,
				0
			],
			"translation": [
				-0.5,
				8.5,
				-0.5
			],
			"scale": [
				1,
				1.9,
				1.9
			]
		},
		"firstperson_lefthand": {
			"rotation": [
				0,
				53,
				0
			],
			"translation": [
				14,
				4.75,
				0
			],
			"scale": [
				0.97,
				2,
				2
			]
		},
		"ground": {
			"rotation": [
				-8,
				24,
				-11
			],
			"translation": [
				5.25,
				4.25,
				0
			]
		},
		"gui": {
			"rotation": [
				1,
				-90,
				0
			],
			"translation": [
				-4.5,
				1.75,
				0
			],
			"scale": [
				1,
				1.35,
				1.35
			]
		},
		"head": {
			"rotation": [
				0,
				90,
				-1
			],
			"translation": [
				11,
				-2,
				-12
			],
			"scale": [
				0.97,
				3.25,
				3.25
			]
		},
		"fixed": {
			"rotation": [
				0,
				90,
				0
			],
			"translation": [
				11,
				4.5,
				-12
			],
			"scale": [
				1.51,
				3.02,
				3.02
			]
		}
	},
	"groups": [
		0,
		{
			"name": "card",
			"origin": [
				8,
				8,
				8
			],
			"color": 0,
			"nbt": "{}",
			"children": [
				1,
				2,
				3,
				4,
				{
					"name": "face",
					"origin": [
						8,
						8,
						8
					],
					"color": 0,
					"nbt": "{}",
					"children": [
						{
							"name": "art",
							"origin": [
								0,
								0,
								0
							],
							"color": 0,
							"nbt": "{}",
							"children": [
								5,
								6
							]
						},
						{
							"name": "text",
							"origin": [
								0,
								0,
								0
							],
							"color": 0,
							"nbt": "{}",
							"children": [
								7,
								8
							]
						}
					]
				}
			]
		}
	]
}