{"texture_size":[256,64],"textures":{"3":"custom:item/hermitcraft/season_9/do/artifacts/tntslab"},"elements":[{"from":[0,8,0],"to":[16,16,16],"faces":{"north":{"uv":[8,0,12,8.75],"texture":"#3"},"east":{"uv":[8,0,12,8.75],"texture":"#3"},"south":{"uv":[8,0,12,8.75],"texture":"#3"},"west":{"uv":[8.0625,0,12,8.75],"texture":"#3"},"up":{"uv":[12,0,16,16],"texture":"#3"},"down":{"uv":[0,0,8,16],"texture":"#3"}}}],"display":{"thirdperson_righthand":{"scale":[0.5,0.5,0.5]},"thirdperson_lefthand":{"scale":[0.5,0.5,0.5]},"firstperson_righthand":{"scale":[0.5,0.5,0.5]},"firstperson_lefthand":{"scale":[0.5,0.5,0.5]},"ground":{"scale":[0.5,0.5,0.5]}}}