{"credit":"CJMoseley (Moselbop) for TangoTek","texture_size":[64,64],"textures":{"0":"custom:item/hermitcraft/season_9/do/gifts/deathroom","1":"custom:item/hermitcraft/season_9/do/gifts/stone","2":"custom:item/hermitcraft/season_9/do/gifts/badge_death_room","particle":"custom:item/hermitcraft/season_9/do/gifts/stone"},"elements":[{"from":[9.17074,17.55866,6.13269],"to":[12.17074,20.55866,9.13269],"rotation":{"angle":-22.5,"axis":"z","origin":[7.75,19.11138,8.13269]},"faces":{"north":{"uv":[0.75,0.75,1.5,1.5],"texture":"#0"},"east":{"uv":[0,0.75,0.75,1.5],"texture":"#0"},"south":{"uv":[2.25,0.75,3,1.5],"texture":"#0"},"west":{"uv":[1.5,0.75,2.25,1.5],"texture":"#0"},"up":{"uv":[1.5,0.75,0.75,0],"texture":"#0"},"down":{"uv":[2.25,0,1.5,0.75],"texture":"#0"}}},{"from":[5.25,14.4375,7],"to":[9.25,16.9375,8.5],"rotation":{"angle":22.5,"axis":"z","origin":[7.25,15.6875,7.75]},"faces":{"north":{"uv":[5,0.5,6,1],"texture":"#0"},"east":{"uv":[4.75,0.5,5,1],"texture":"#0"},"south":{"uv":[6.25,0.5,7.25,1],"texture":"#0"},"west":{"uv":[6,0.5,6.25,1],"texture":"#0"},"up":{"uv":[6,0.5,5,0.25],"texture":"#0"},"down":{"uv":[7,0.25,6,0.5],"texture":"#0"}}},{"from":[8.61627,12.79235,7.48423],"to":[9.61627,15.79235,8.98423],"rotation":{"angle":-22.5,"axis":"y","origin":[11.67678,17.03033,8.375]},"faces":{"north":{"uv":[12.75,2.25,13,3],"texture":"#0"},"east":{"uv":[12.5,2.25,12.75,3],"texture":"#0"},"south":{"uv":[13.25,2.25,13.5,3],"texture":"#0"},"west":{"uv":[13,2.25,13.25,3],"texture":"#0"},"up":{"uv":[13,2.25,12.75,2],"texture":"#0"},"down":{"uv":[13.25,2,13,2.25],"texture":"#0"}}},{"from":[8.82821,9.13794,6.41123],"to":[9.82821,13.07544,8.16123],"rotation":{"angle":0,"axis":"y","origin":[9.57821,16.45044,6.91123]},"faces":{"north":{"uv":[13.25,2.75,13.5,3.5],"texture":"#0"},"east":{"uv":[13,2.75,13.25,3.5],"texture":"#0"},"south":{"uv":[13.75,2.75,14,3.5],"texture":"#0"},"west":{"uv":[13.5,2.75,13.75,3.5],"texture":"#0"},"up":{"uv":[13.5,2.75,13.25,2.5],"texture":"#0"},"down":{"uv":[13.75,2.5,13.5,2.75],"texture":"#0"}}},{"from":[5.48353,17.45397,6.79289],"to":[8.48353,18.45397,8.29289],"rotation":{"angle":0,"axis":"y","origin":[-0.01647,17.01647,7.54289]},"faces":{"north":{"uv":[11.25,0.5,12,0.75],"texture":"#0"},"east":{"uv":[11,0.5,11.25,0.75],"texture":"#0"},"south":{"uv":[12.25,0.5,13,0.75],"texture":"#0"},"west":{"uv":[12,0.5,12.25,0.75],"texture":"#0"},"up":{"uv":[12,0.5,11.25,0.25],"texture":"#0"},"down":{"uv":[12.75,0.25,12,0.5],"texture":"#0"}}},{"from":[4.31748,17.49502,3.4375],"to":[5.81748,18.49502,7.4375],"rotation":{"angle":45,"axis":"y","origin":[5.98353,16.37002,7.10356]},"faces":{"north":{"uv":[11.75,1,12,1.25],"texture":"#0"},"east":{"uv":[10.75,1,11.75,1.25],"texture":"#0"},"south":{"uv":[13,1,13.25,1.25],"texture":"#0"},"west":{"uv":[12,1,13,1.25],"texture":"#0"},"up":{"uv":[12,1,11.75,0],"texture":"#0"},"down":{"uv":[12.25,0,12,1],"texture":"#0"}}},{"from":[4.08883,12.57603,7.125],"to":[5.58883,15.13853,8.625],"rotation":{"angle":-22.5,"axis":"z","origin":[4.62008,12.1229,8.32813]},"faces":{"north":{"uv":[3.5,0.5,3.75,1],"texture":"#0"},"east":{"uv":[3.25,0.5,3.5,1],"texture":"#0"},"south":{"uv":[4,0.5,4.25,1],"texture":"#0"},"west":{"uv":[3.75,0.5,4,1],"texture":"#0"},"up":{"uv":[3.75,0.5,3.5,0.25],"texture":"#0"},"down":{"uv":[4,0.25,3.75,0.5],"texture":"#0"}}},{"from":[4.27633,11.51353,7.625],"to":[5.77633,13.01353,9.9375],"rotation":{"angle":-22.5,"axis":"z","origin":[4.62008,12.1229,8.32813]},"faces":{"north":{"uv":[4,1,4.25,1.25],"texture":"#0"},"east":{"uv":[3.5,1,4,1.25],"texture":"#0"},"south":{"uv":[4.75,1,5,1.25],"texture":"#0"},"west":{"uv":[4.25,1,4.75,1.25],"texture":"#0"},"up":{"uv":[4.25,1,4,0.5],"texture":"#0"},"down":{"uv":[4.5,0.5,4.25,1],"texture":"#0"}}},{"from":[2.02364,12.57192,5.1875],"to":[3.52364,15.57192,6.6875],"rotation":{"angle":-45,"axis":"z","origin":[2.85,13.21875,6.5625]},"faces":{"north":{"uv":[7,0.5,7.25,1.25],"texture":"#0"},"east":{"uv":[6.75,0.5,7,1.25],"texture":"#0"},"south":{"uv":[7.5,0.5,7.75,1.25],"texture":"#0"},"west":{"uv":[7.25,0.5,7.5,1.25],"texture":"#0"},"up":{"uv":[7.25,0.5,7,0.25],"texture":"#0"},"down":{"uv":[7.5,0.25,7.25,0.5],"texture":"#0"}}},{"from":[3.80811,14.42288,5.875],"to":[5.30811,15.92288,8.5],"rotation":{"angle":0,"axis":"y","origin":[5.24561,16.17288,7.1875]},"faces":{"north":{"uv":[7.5,1,7.75,1.25],"texture":"#0"},"east":{"uv":[7,1,7.5,1.25],"texture":"#0"},"south":{"uv":[8.25,1,8.5,1.25],"texture":"#0"},"west":{"uv":[7.75,1,8.25,1.25],"texture":"#0"},"up":{"uv":[7.75,1,7.5,0.5],"texture":"#0"},"down":{"uv":[8,0.5,7.75,1],"texture":"#0"}}},{"from":[5.25,3,5],"to":[10.25,10,10],"rotation":{"angle":0,"axis":"y","origin":[7.75,8.5,7.5]},"faces":{"north":{"uv":[0.25,2,3.875,5.875],"texture":"#0"},"east":{"uv":[0.125,2,3.75,5.75],"texture":"#0"},"south":{"uv":[0.125,2,3.875,5.875],"texture":"#0"},"west":{"uv":[0.125,2,3.875,5.875],"texture":"#0"},"up":{"uv":[9.125,2.75,7.875,1.5],"texture":"#0"},"down":{"uv":[3.25,2.75,2.5,4],"texture":"#0"}}},{"from":[4.25,0,4],"to":[11.25,3.1875,11],"rotation":{"angle":0,"axis":"y","origin":[7.75,7,7.5]},"faces":{"north":{"uv":[3.5,0,16,6.75],"texture":"#1"},"east":{"uv":[0,10,10.5,16],"texture":"#1"},"south":{"uv":[5.5,8,15.5,16],"texture":"#1"},"west":{"uv":[3.5,0,16,7.5],"texture":"#1"},"up":{"uv":[7,7.25,0,0],"texture":"#1"},"down":{"uv":[13,5,6.25,12],"texture":"#1"}}},{"from":[5.5,4.375,4.8125],"to":[10,8.875,5],"faces":{"north":{"uv":[0,0,16,16],"texture":"#2"},"east":{"uv":[0.5,0.5,0,0.25],"texture":"#2"},"south":{"uv":[0,0,1,0.5],"texture":"#2"},"west":{"uv":[0.5,0,0,0.5],"texture":"#2"},"up":{"uv":[2,0.5,0.5,0.5],"texture":"#2"},"down":{"uv":[1.5,0.5,0,0.25],"texture":"#2"}}}],"gui_light":"front","display":{"thirdperson_righthand":{"rotation":[3,170,0],"translation":[0,4.25,0]},"thirdperson_lefthand":{"rotation":[11,170,0],"translation":[0,4.75,0]},"firstperson_righthand":{"rotation":[9,124,0],"translation":[0.75,3.75,0],"scale":[0.75,0.75,0.75]},"firstperson_lefthand":{"rotation":[9,112,-9],"translation":[3,3.25,0],"scale":[0.75,0.75,0.75]},"ground":{"rotation":[17,0,0],"translation":[0,2.75,0],"scale":[0.8,0.8,0.8]},"gui":{"rotation":[7,148,0],"translation":[0.25,-1.25,0],"scale":[0.77,0.77,0.77]},"head":{"translation":[0.25,20,1],"scale":[2,2,2]},"fixed":{"rotation":[-90,-90,0],"translation":[-2,1,-15],"scale":[2,2,2]}},"groups":[{"name":"statue","origin":[0,24,0],"color":0,"nbt":"{}","children":[{"name":"guy","origin":[0,24,0],"color":0,"nbt":"{}","children":[{"name":"Head","origin":[0,24,0],"rotation":[20,0,0],"color":0,"nbt":"{}","children":[0]},{"name":"Body","origin":[0,24,0],"color":0,"nbt":"{}","children":[1]},{"name":"RightArm","origin":[5,24,0],"rotation":[-175,0,-20],"color":0,"nbt":"{}","children":[2,3]},{"name":"LeftArm","origin":[-5,24,0],"rotation":[-170,0,15],"color":0,"nbt":"{}","children":[4,5]},{"name":"RightLeg","origin":[1.9,11,0],"rotation":[-5,0,15],"color":0,"nbt":"{}","children":[6,7]},{"name":"LeftLeg","origin":[-1.9,18,-3.75],"rotation":[2.5,0,-10],"color":0,"nbt":"{}","children":[8,9]}]},{"name":"base","origin":[0,24,0],"color":0,"nbt":"{}","children":[10,11,12]}]}]}