{"credit":"CJMoseley (Moselbop) for TangoTek","textures":{"0":"custom:item/hermitcraft/season_9/do/gifts/bunny_statue","2":"custom:item/hermitcraft/season_9/do/gifts/easter_eggs","3":"custom:item/hermitcraft/season_9/do/gifts/bunny_stone","4":"custom:item/hermitcraft/season_9/do/gifts/bunny_texture","5":"custom:item/hermitcraft/season_9/egg/gold","particle":"custom:item/hermitcraft/season_9/do/gifts/bunny_texture"},"elements":[{"from":[5.25,3,5],"to":[10.25,10,10],"rotation":{"angle":0,"axis":"y","origin":[7.75,8.5,7.5]},"faces":{"north":{"uv":[0,2,3.875,5.875],"texture":"#0"},"east":{"uv":[0,2,3.875,5.875],"texture":"#0"},"south":{"uv":[0,1.875,3.875,5.875],"texture":"#0"},"west":{"uv":[0,2,3.875,5.875],"texture":"#0"},"up":{"uv":[9.125,2.75,7.875,1.5],"texture":"#0"},"down":{"uv":[9.125,1.5,7.875,2.75],"texture":"#0"}}},{"from":[4.25,0,4],"to":[11.25,3.1875,11],"rotation":{"angle":0,"axis":"y","origin":[7.75,7,7.5]},"faces":{"north":{"uv":[0,0,16,5.5],"texture":"#3"},"east":{"uv":[0,5.5,16,10.75],"texture":"#3"},"south":{"uv":[0,10.5,16,16],"texture":"#3"},"west":{"uv":[0,9,16,15.25],"texture":"#3"},"up":{"uv":[16,0,0,16],"texture":"#3"},"down":{"uv":[0,0,16,7.75],"texture":"#3"}}},{"from":[5.4375,4.125,4.8125],"to":[10.125,8.4375,5],"faces":{"north":{"uv":[0,0,16,16],"texture":"#2"},"east":{"uv":[2,0.5,0,0],"texture":"#2"},"south":{"uv":[0,0,2,0.5],"texture":"#2"},"west":{"uv":[2,0,0,0.5],"texture":"#2"},"up":{"uv":[16,0.5,14.5,0],"texture":"#2"},"down":{"uv":[16,16,14.5,15],"texture":"#2"}}},{"from":[6.6875,10,7.1875],"to":[8.6875,13,9.75],"rotation":{"angle":0,"axis":"y","origin":[-0.1875,0,0.625]},"faces":{"north":{"uv":[2,2,4,5],"texture":"#4"},"east":{"uv":[0,2,2,5],"texture":"#4"},"south":{"uv":[6,2,8,5],"texture":"#4"},"west":{"uv":[4,2,6,5],"texture":"#4"},"up":{"uv":[4,2,2,0],"texture":"#4"},"down":{"uv":[6,0,4,2],"texture":"#4"}}},{"from":[6.9375,13,6.6875],"to":[8.4375,15.5625,8.9375],"rotation":{"angle":0,"axis":"y","origin":[-0.1875,0,0.625]},"faces":{"north":{"uv":[9.125,0.125,11.125,2.125],"texture":"#4"},"east":{"uv":[0,2,2,4],"texture":"#4"},"south":{"uv":[6,2,8,4],"texture":"#4"},"west":{"uv":[4,2,6,4],"texture":"#4"},"up":{"uv":[4,2,2,0],"texture":"#4"},"down":{"uv":[6,0,4,2],"texture":"#4"}}},{"from":[6.6875,14.4375,5.6875],"to":[8.6875,16.5,7.6875],"rotation":{"angle":0,"axis":"y","origin":[-0.1875,0,0.625]},"faces":{"north":{"uv":[2,7,4,9],"texture":"#4"},"east":{"uv":[0,7,2,9],"texture":"#4"},"south":{"uv":[6,7,8,9],"texture":"#4"},"west":{"uv":[4,7,6,9],"texture":"#4"},"up":{"uv":[4,7,2,5],"texture":"#4"},"down":{"uv":[6,5,4,7],"texture":"#4"}}},{"from":[7.9375,16.25,6.9375],"to":[8.75,18.625,7.375],"rotation":{"angle":0,"axis":"z","origin":[8.40625,17.4375,7.15625]},"faces":{"north":{"uv":[2,2,2.625,4],"texture":"#4"},"east":{"uv":[2.75,2,3.5,4],"texture":"#4"},"south":{"uv":[3.75,2,4.375,4],"texture":"#4"},"west":{"uv":[1.75,2,1.125,4],"texture":"#4"},"up":{"uv":[1.5,1.375,2.25,1.875],"texture":"#4"},"down":{"uv":[2.5,1.375,3,1.875],"texture":"#4"}}},{"from":[7.9375,18.25,5.5625],"to":[8.75,18.625,7],"rotation":{"angle":22.5,"axis":"x","origin":[8.40625,17.4375,7.15625]},"faces":{"north":{"uv":[2,2,2,2],"texture":"#4"},"east":{"uv":[1,2,2,2],"texture":"#4"},"south":{"uv":[3,2,3,2],"texture":"#4"},"west":{"uv":[2,2,3,2],"texture":"#4"},"up":{"uv":[2,2,2,1],"texture":"#4"},"down":{"uv":[2,1,2,2],"texture":"#4"}}},{"from":[6.3125,18.9375,5.9375],"to":[7.125,19.3125,7.375],"rotation":{"angle":22.5,"axis":"z","origin":[8.40625,17.4375,7.15625]},"faces":{"north":{"uv":[1,1,2,1.125],"texture":"#4"},"east":{"uv":[0,1,1,1.25],"texture":"#4"},"south":{"uv":[2,0.875,1,1.125],"texture":"#4"},"west":{"uv":[1,1,2,1],"texture":"#4"},"up":{"uv":[1,1,1,0],"texture":"#4"},"down":{"uv":[1,0,1,1],"texture":"#4"}}},{"from":[6.3125,16.9375,6.9375],"to":[7.125,19.3125,7.375],"rotation":{"angle":22.5,"axis":"z","origin":[8.40625,17.4375,7.15625]},"faces":{"north":{"uv":[2,1.875,2.625,3.875],"texture":"#4"},"east":{"uv":[0.5,0,1.125,2],"texture":"#4"},"south":{"uv":[1.875,0,1.125,2],"texture":"#4"},"west":{"uv":[1.875,0,2.375,2],"texture":"#4"},"up":{"uv":[2.625,0.125,3.375,0.375],"texture":"#4"},"down":{"uv":[2.5,0.5,3.25,0.875],"texture":"#4"}}},{"from":[8.0625,11,6.125],"to":[9,15.3125,7.1875],"rotation":{"angle":22.5,"axis":"x","origin":[8.40625,11.90625,6.65625]},"faces":{"north":{"uv":[12.125,4.25,12.875,7.25],"texture":"#4"},"east":{"uv":[1,2,2,5],"texture":"#4"},"south":{"uv":[3,2,3,5],"texture":"#4"},"west":{"uv":[2,2,3,5],"texture":"#4"},"up":{"uv":[2,2,2,1],"texture":"#4"},"down":{"uv":[7.5,8.375,8.375,9.375],"texture":"#4"}}},{"from":[6.3125,11,6.125],"to":[7.25,15.3125,7.1875],"rotation":{"angle":22.5,"axis":"x","origin":[8.40625,11.90625,6.65625]},"faces":{"north":{"uv":[12.125,4,12.875,7.25],"texture":"#4"},"east":{"uv":[11,4,12,7],"texture":"#4"},"south":{"uv":[13,4,13,7],"texture":"#4"},"west":{"uv":[12,1,13,4],"texture":"#4"},"up":{"uv":[12,4,12,3],"texture":"#4"},"down":{"uv":[7.5,8.5,8.375,9.375],"texture":"#4"}}},{"from":[7.1875,10.0625,8.1875],"to":[8.25,10.9375,10.1875],"rotation":{"angle":0,"axis":"y","origin":[-0.1875,0,0.625]},"faces":{"north":{"uv":[6,2,7,2],"texture":"#4"},"east":{"uv":[4,2,6,2],"texture":"#4"},"south":{"uv":[9,2,10,2],"texture":"#4"},"west":{"uv":[7,2,9,2],"texture":"#4"},"up":{"uv":[7,2,6,0],"texture":"#4"},"down":{"uv":[8,0,7,2],"texture":"#4"}}},{"from":[8.6875,10,7.1875],"to":[9.6875,12,9.75],"rotation":{"angle":0,"axis":"y","origin":[-0.1875,0,0.625]},"faces":{"north":{"uv":[7.75,1.875,8.75,3.875],"texture":"#4"},"east":{"uv":[0,2,2,4],"texture":"#4"},"south":{"uv":[5,2,6,4],"texture":"#4"},"west":{"uv":[3,2,5,4],"texture":"#4"},"up":{"uv":[3,2,2,0],"texture":"#4"},"down":{"uv":[4,0,3,2],"texture":"#4"}}},{"from":[8.5,10,5.4375],"to":[9.5,11,7.1875],"rotation":{"angle":0,"axis":"y","origin":[-0.1875,0,0.625]},"faces":{"north":{"uv":[12,6.25,13,7.25],"texture":"#4"},"east":{"uv":[1,2,2,3],"texture":"#4"},"south":{"uv":[4,2,5,3],"texture":"#4"},"west":{"uv":[3,2,4,3],"texture":"#4"},"up":{"uv":[3,2,2,1],"texture":"#4"},"down":{"uv":[4,1,3,2],"texture":"#4"}}},{"from":[5.9375,10,5.4375],"to":[6.9375,11,7.1875],"rotation":{"angle":0,"axis":"y","origin":[-0.1875,0,0.625]},"faces":{"north":{"uv":[12,6.25,13,7.25],"texture":"#4"},"east":{"uv":[8,1,9,2],"texture":"#4"},"south":{"uv":[11,1,12,2],"texture":"#4"},"west":{"uv":[10,1,11,2],"texture":"#4"},"up":{"uv":[10,1,9,0],"texture":"#4"},"down":{"uv":[11,0,10,1],"texture":"#4"}}},{"from":[5.75,10,7.1875],"to":[6.75,12,9.75],"rotation":{"angle":0,"axis":"y","origin":[-0.1875,0,0.625]},"faces":{"north":{"uv":[8,5,9,7],"texture":"#4"},"east":{"uv":[6,5,8,7],"texture":"#4"},"south":{"uv":[11,5,12,7],"texture":"#4"},"west":{"uv":[9,5,11,7],"texture":"#4"},"up":{"uv":[9,5,8,3],"texture":"#4"},"down":{"uv":[10,3,9,5],"texture":"#4"}}},{"from":[6.8125,10.3125,4.1875],"to":[8.5625,12.5625,6],"rotation":{"angle":22.5,"axis":"z","origin":[7.6875,11.45313,5.09375]},"faces":{"north":{"uv":[0,0,4,4],"texture":"#5"},"east":{"uv":[0,4,4,8],"texture":"#5"},"south":{"uv":[4,0,8,4],"texture":"#5"},"west":{"uv":[4,4,8,8],"texture":"#5"},"up":{"uv":[4,12,0,8],"texture":"#5"},"down":{"uv":[12,0,8,4],"texture":"#5"}}},{"from":[7.3125,12.5625,4.6875],"to":[8.0625,12.9375,5.5],"rotation":{"angle":22.5,"axis":"z","origin":[7.6875,11.45313,5.09375]},"faces":{"north":{"uv":[10,10,13,11],"texture":"#5"},"east":{"uv":[4,11,7,12],"texture":"#5"},"south":{"uv":[11,4,14,5],"texture":"#5"},"west":{"uv":[11,5,14,6],"texture":"#5"},"up":{"uv":[7,11,4,8],"texture":"#5"},"down":{"uv":[11,4,8,7],"texture":"#5"}}},{"from":[7.3125,10,4.6875],"to":[8.0625,10.3125,5.5],"rotation":{"angle":22.5,"axis":"z","origin":[7.6875,11.45313,5.09375]},"faces":{"north":{"uv":[11,6,14,7],"texture":"#5"},"east":{"uv":[7,11,10,12],"texture":"#5"},"south":{"uv":[10,11,13,12],"texture":"#5"},"west":{"uv":[0,12,3,13],"texture":"#5"},"up":{"uv":[10,11,7,8],"texture":"#5"},"down":{"uv":[13,7,10,10],"texture":"#5"}}}],"display":{"thirdperson_righthand":{"rotation":[3,170,0],"translation":[0,4.25,0]},"thirdperson_lefthand":{"rotation":[11,170,0],"translation":[0,4.75,0]},"firstperson_righthand":{"rotation":[9,137,0],"translation":[0,2.5,0],"scale":[0.75,0.75,0.75]},"firstperson_lefthand":{"rotation":[9,143,-9],"translation":[2,2.75,0],"scale":[0.75,0.75,0.75]},"ground":{"rotation":[17,0,0],"translation":[0,2.75,0]},"gui":{"rotation":[0,-180,0],"translation":[0,-1.75,0],"scale":[0.8,0.8,0.8]},"head":{"translation":[0.25,20,1],"scale":[2,2,2]},"fixed":{"rotation":[-90,-90,0],"translation":[-1.25,1,-15],"scale":[2,2,2]}},"groups":[{"name":"statue","origin":[0,24,0],"color":0,"nbt":"{}","children":[{"name":"base","origin":[0,24,0],"color":0,"nbt":"{}","children":[0,1,2]},{"name":"rabbit","origin":[0,24,0],"color":0,"nbt":"{}","children":[3,4,5,6,7,8,9,10,11,12,13,14,15,16]}]},{"name":"egg","origin":[8,8,8],"color":0,"nbt":"{}","children":[17,18,19]}]}