{"credit":"CJMoseley (Moselbop) for TangoTek","texture_size":[32,32],"textures":{"0":"custom:item/hermitcraft/season_9/do/gifts/phasebase","1":"custom:item/hermitcraft/season_9/do/gifts/stone","2":"custom:item/hermitcraft/season_9/do/gifts/phasewinner","3":"custom:item/hermitcraft/season_9/do/gifts/phasewinnerbody","particle":"custom:item/hermitcraft/season_9/do/gifts/stone"},"elements":[{"from":[5.25,10,5],"to":[10.25,11,10],"faces":{"north":{"uv":[13.5,4,16,5],"texture":"#3"},"east":{"uv":[13.5,4,16,5],"texture":"#3"},"south":{"uv":[13.5,4,16,5],"texture":"#3"},"west":{"uv":[13.5,4,16,5],"texture":"#3"},"up":{"uv":[15,3,12.5,0.5],"texture":"#3"},"down":{"uv":[10.5,4.5,8,7],"texture":"#3"}}},{"from":[6.25,10.9375,6],"to":[9.25,12.4375,9],"faces":{"north":{"uv":[13.5,4,16,5.5],"texture":"#3"},"east":{"uv":[13.5,4,16,5.5],"texture":"#3"},"south":{"uv":[13.5,4,16,5.5],"texture":"#3"},"west":{"uv":[13.5,4,16,5.5],"texture":"#3"},"up":{"uv":[15,3,12.5,0.5],"texture":"#3"},"down":{"uv":[10.5,4.5,8,7],"texture":"#3"}}},{"from":[6.75,12.125,6.5],"to":[8.75,16.125,8.5],"faces":{"north":{"uv":[13.5,3,16,6],"texture":"#3"},"east":{"uv":[13.5,3,16,6],"texture":"#3"},"south":{"uv":[13.5,3,16,6],"texture":"#3"},"west":{"uv":[13.5,3,16,6],"texture":"#3"},"up":{"uv":[15,3,12.5,0.5],"texture":"#3"},"down":{"uv":[10.5,4.5,8,7],"texture":"#3"}}},{"from":[5.75,16,5.5],"to":[9.75,17,9.5],"faces":{"north":{"uv":[13.5,4,16,5],"texture":"#3"},"east":{"uv":[13.5,4,16,5],"texture":"#3"},"south":{"uv":[13.5,4,16,5],"texture":"#3"},"west":{"uv":[13.5,4,16,5],"texture":"#3"},"up":{"uv":[15,3,12.5,0.5],"texture":"#3"},"down":{"uv":[10.5,4.5,8,7],"texture":"#3"}}},{"from":[4.75,17,4.75],"to":[10.75,18,10.5],"faces":{"north":{"uv":[13.5,4,16,5],"texture":"#3"},"east":{"uv":[13.5,4,16,5],"texture":"#3"},"south":{"uv":[13.5,4,16,5],"texture":"#3"},"west":{"uv":[13.5,4,16,5],"texture":"#3"},"up":{"uv":[12,4,8,0],"texture":"#3"},"down":{"uv":[10.5,4.5,8,7],"texture":"#3"}}},{"from":[4.75,18,10.5],"to":[10.75,25,11.25],"faces":{"north":{"uv":[4,0,8,4],"texture":"#3"},"east":{"uv":[3.5,0,4,4],"texture":"#3"},"south":{"uv":[0,0,4,4],"texture":"#3"},"west":{"uv":[3.5,0,4,4],"texture":"#3"},"up":{"uv":[3.5,9,0.5,8.5],"texture":"#3"},"down":{"uv":[10.5,4.5,8,5],"texture":"#3"}}},{"from":[4.75,18,4],"to":[10.75,25,4.75],"faces":{"north":{"uv":[0,0,4,4],"texture":"#3"},"east":{"uv":[3.5,0,4,4],"texture":"#3"},"south":{"uv":[4,0,8,4],"texture":"#3"},"west":{"uv":[3.5,0,4,4],"texture":"#3"},"up":{"uv":[3.5,9,0.5,8.5],"texture":"#3"},"down":{"uv":[10.5,4.5,8,5],"texture":"#3"}}},{"from":[4,18,4.75],"to":[4.75,25,10.5],"rotation":{"angle":0,"axis":"y","origin":[7.75,21.5,4.375]},"faces":{"north":{"uv":[3.5,0,4,4],"texture":"#3"},"east":{"uv":[4,0,8,4],"texture":"#3"},"south":{"uv":[3.5,0,4,4],"texture":"#3"},"west":{"uv":[0,4,4,8],"texture":"#3"},"up":{"uv":[3.5,11.5,0.5,11],"rotation":270,"texture":"#3"},"down":{"uv":[10.5,4.5,8,5],"rotation":90,"texture":"#3"}}},{"from":[10.75,18,4.75],"to":[11.5,25,10.5],"rotation":{"angle":0,"axis":"y","origin":[7.75,21.5,4.375]},"faces":{"north":{"uv":[3.5,0,4,4],"texture":"#3"},"east":{"uv":[0,4,4,8],"texture":"#3"},"south":{"uv":[3.5,0,4,4],"texture":"#3"},"west":{"uv":[4,0,8,4],"texture":"#3"},"up":{"uv":[3.5,11.5,0.5,11],"rotation":270,"texture":"#3"},"down":{"uv":[10.5,4.5,8,5],"rotation":90,"texture":"#3"}}},{"from":[11.4375,23.1875,6.9375],"to":[15.625,24.125,8.5],"rotation":{"angle":0,"axis":"y","origin":[7.75,21.5,4.375]},"faces":{"north":{"uv":[0,0,3.5,1],"texture":"#3"},"east":{"uv":[2,0,3,1],"texture":"#3"},"south":{"uv":[0.5,0,4,1],"texture":"#3"},"west":{"uv":[0,0,4,4],"texture":"#3"},"up":{"uv":[12.5,7.5,11.5,4],"rotation":270,"texture":"#3"},"down":{"uv":[10.5,1.5,9,2.5],"rotation":90,"texture":"#3"}}},{"from":[14.6875,21.6875,6.9375],"to":[15.625,23.1875,8.5],"rotation":{"angle":0,"axis":"y","origin":[7.75,21.5,4.375]},"faces":{"north":{"uv":[12.5,4.5,13.5,5.5],"texture":"#3"},"east":{"uv":[9.5,0.5,10.5,1.5],"texture":"#3"},"south":{"uv":[12.5,4.5,13.5,5.5],"texture":"#3"},"west":{"uv":[14,6.5,15,7.5],"texture":"#3"},"up":{"uv":[12.5,8.5,12,4],"rotation":270,"texture":"#3"},"down":{"uv":[7.5,4.5,8,5.5],"rotation":90,"texture":"#3"}}},{"from":[13.0625,13.3125,7],"to":[14,21.375,8.4375],"rotation":{"angle":-45,"axis":"z","origin":[15.15625,19.71875,7.71875]},"faces":{"north":{"uv":[12.5,4,13.5,12.5],"texture":"#3"},"east":{"uv":[4,7.5,5,15],"texture":"#3"},"south":{"uv":[12.5,1,13.5,11],"texture":"#3"},"west":{"uv":[13,5,14,13],"texture":"#3"},"up":{"uv":[16,2,15.5,1],"rotation":270,"texture":"#3"},"down":{"uv":[10.5,1.5,11,2.5],"rotation":90,"texture":"#3"}}},{"from":[1.6875,13.5625,7],"to":[2.625,21.625,8.4375],"rotation":{"angle":45,"axis":"z","origin":[0.84375,19.71875,7.71875]},"faces":{"north":{"uv":[13.5,2.5,12.5,11],"texture":"#3"},"east":{"uv":[14,5,13,13],"texture":"#3"},"south":{"uv":[11.5,0,10.5,5],"texture":"#3"},"west":{"uv":[5,7.5,4,15],"texture":"#3"},"up":{"uv":[16,1,15.5,2],"rotation":270,"texture":"#3"},"down":{"uv":[10.5,2.5,11,1.5],"rotation":90,"texture":"#3"}}},{"from":[-0.1875,21.6875,6.9375],"to":[0.75,23.1875,8.5],"rotation":{"angle":0,"axis":"y","origin":[7.75,21.5,4.375]},"faces":{"north":{"uv":[12.5,3,13.5,4],"texture":"#3"},"east":{"uv":[14,6.5,15,7.5],"texture":"#3"},"south":{"uv":[9,0.5,10,1.5],"texture":"#3"},"west":{"uv":[13,1,14,2],"texture":"#3"},"up":{"uv":[12.5,8.5,12,4],"rotation":270,"texture":"#3"},"down":{"uv":[7.5,4.5,8,5.5],"rotation":90,"texture":"#3"}}},{"from":[-0.1875,23.1875,6.9375],"to":[4,24.125,8.5],"rotation":{"angle":0,"axis":"y","origin":[7.75,21.5,4.375]},"faces":{"north":{"uv":[0,0,3.5,1],"texture":"#3"},"east":{"uv":[1.5,0,3,1],"texture":"#3"},"south":{"uv":[0.5,0,4,1],"texture":"#3"},"west":{"uv":[1.5,0,2.5,0.5],"texture":"#3"},"up":{"uv":[12.5,7.5,11.5,3.5],"rotation":270,"texture":"#3"},"down":{"uv":[11,1.5,9,2.5],"rotation":90,"texture":"#3"}}},{"from":[5.25,3,5],"to":[10.25,10,10],"rotation":{"angle":0,"axis":"y","origin":[7.75,8.5,7.5]},"faces":{"north":{"uv":[0,0,16,16],"texture":"#0"},"east":{"uv":[0.125,0,16,16],"texture":"#0"},"south":{"uv":[0,0,16,16],"texture":"#0"},"west":{"uv":[0,0,16,16],"texture":"#0"},"up":{"uv":[7.25,15.25,6,14],"texture":"#0"},"down":{"uv":[10.375,5.625,8.875,7],"texture":"#0"}}},{"from":[4.25,0,4],"to":[11.25,3.1875,11],"rotation":{"angle":0,"axis":"y","origin":[7.75,7,7.5]},"faces":{"north":{"uv":[0,0,9,8],"texture":"#1"},"east":{"uv":[6,6.5,16,12.75],"texture":"#1"},"south":{"uv":[5.75,7.75,14.25,16],"texture":"#1"},"west":{"uv":[0,8.5,9.75,16],"texture":"#1"},"up":{"uv":[13.75,15.25,0.75,2],"texture":"#1"},"down":{"uv":[16,4.25,4.25,15.75],"texture":"#1"}}},{"from":[5.4375,5,4.8125],"to":[9.9375,9.5,5],"faces":{"north":{"uv":[0,0,16,16],"texture":"#2"},"east":{"uv":[1,1,0,0.5],"texture":"#2"},"south":{"uv":[0,0,2,1],"texture":"#2"},"west":{"uv":[1,0,0,1],"texture":"#2"},"up":{"uv":[2,0.5,0,0],"texture":"#2"},"down":{"uv":[1.5,1,0,0.5],"texture":"#2"}}}],"gui_light":"front","display":{"thirdperson_righthand":{"rotation":[3,90,0],"translation":[-0.25,-10,-4.25],"scale":[0.66,0.66,0.66]},"thirdperson_lefthand":{"rotation":[11,90,0],"translation":[0.75,-8.75,-5],"scale":[0.66,0.66,0.66]},"firstperson_righthand":{"rotation":[9,119,0],"translation":[0,2.5,0],"scale":[0.6,0.6,0.6]},"firstperson_lefthand":{"rotation":[9,123,-9],"translation":[2,2.75,0],"scale":[0.6,0.6,0.6]},"ground":{"rotation":[17,0,0],"translation":[0,2.75,0]},"gui":{"rotation":[0,-180,0],"translation":[0,-3.5,0],"scale":[0.7,0.7,0.7]},"head":{"translation":[0.25,20,1],"scale":[1.95,1.95,1.95]},"fixed":{"rotation":[-90,-90,0],"translation":[-1.25,1,-15],"scale":[2,2,2]}},"groups":[{"name":"statue","origin":[0,24,0],"color":0,"nbt":"{}","children":[{"name":"trophy","origin":[0,0,0],"color":0,"nbt":"{}","children":[0,1,2,3,4,5,6,7,8,9,10,11,12,13,14]},{"name":"base","origin":[0,24,0],"color":0,"nbt":"{}","children":[15,16,17]}]}]}