{
	"credit": "Made with Blockbench",
	"texture_size": [64, 64],
	"textures": {
		"0": "custom:item/hermitcraft/season_8/grianhat",
		"particle": "custom:item/hermitcraft/season_8/grianhat"
	},
	"elements": [
		{
			"name": "HatSide1",
			"from": [0.5, 10, 0],
			"to": [1.5, 16, 15],
			"rotation": {"angle": 0, "axis": "y", "origin": [8, 16.7, 7.5]},
			"faces": {
				"north": {"uv": [3.5, 11, 3.75, 12.5], "texture": "#0"},
				"east": {"uv": [4.25, 0, 8, 1.5], "texture": "#0"},
				"south": {"uv": [7.75, 11, 8, 12.5], "texture": "#0"},
				"west": {"uv": [4.25, 1.5, 8, 3], "texture": "#0"},
				"up": {"uv": [8.75, 14.25, 8.5, 10.5], "texture": "#0"},
				"down": {"uv": [9, 10.5, 8.75, 14.25], "texture": "#0"}
			}
		},
		{
			"name": "HatSide2",
			"from": [1.5, 10, 0],
			"to": [14.5, 16, 1],
			"rotation": {"angle": 0, "axis": "y", "origin": [8, 16.7, 7.5]},
			"faces": {
				"north": {"uv": [4.25, 6, 7.5, 7.5], "texture": "#0"},
				"east": {"uv": [11, 11, 11.25, 12.5], "texture": "#0"},
				"south": {"uv": [4.25, 7.5, 7.5, 9], "texture": "#0"},
				"west": {"uv": [0, 11.25, 0.25, 12.75], "texture": "#0"},
				"up": {"uv": [14, 7, 10.75, 6.75], "texture": "#0"},
				"down": {"uv": [14, 7, 10.75, 7.25], "texture": "#0"}
			}
		},
		{
			"name": "HatSide3",
			"from": [14.5, 10, 0],
			"to": [15.5, 16, 15],
			"rotation": {"angle": 0, "axis": "y", "origin": [8, 16.7, 7.5]},
			"faces": {
				"north": {"uv": [10.5, 11, 10.75, 12.5], "texture": "#0"},
				"east": {"uv": [4.25, 3, 8, 4.5], "texture": "#0"},
				"south": {"uv": [10.75, 11, 11, 12.5], "texture": "#0"},
				"west": {"uv": [4.25, 4.5, 8, 6], "texture": "#0"},
				"up": {"uv": [9.25, 14.25, 9, 10.5], "texture": "#0"},
				"down": {"uv": [9.5, 10.5, 9.25, 14.25], "texture": "#0"}
			}
		},
		{
			"name": "HatSide4",
			"from": [1.5, 10, 14],
			"to": [14.5, 16, 15],
			"rotation": {"angle": 0, "axis": "y", "origin": [8, 16.7, 7.5]},
			"faces": {
				"north": {"uv": [7.5, 6, 10.75, 7.5], "texture": "#0"},
				"east": {"uv": [0.25, 11.25, 0.5, 12.75], "texture": "#0"},
				"south": {"uv": [7.5, 7.5, 10.75, 9], "texture": "#0"},
				"west": {"uv": [0.5, 11.25, 0.75, 12.75], "texture": "#0"},
				"up": {"uv": [14, 7.5, 10.75, 7.25], "texture": "#0"},
				"down": {"uv": [14, 7.5, 10.75, 7.75], "texture": "#0"}
			}
		},
		{
			"name": "HatTilt1",
			"from": [0.5, 17.775, 14],
			"to": [15.5, 20.775, 15],
			"rotation": {"angle": 22.5, "axis": "x", "origin": [8, 16.475, 8.5]},
			"faces": {
				"north": {"uv": [8, 3, 11.75, 3.75], "texture": "#0"},
				"east": {"uv": [6, 11.5, 6.25, 12.25], "texture": "#0"},
				"south": {"uv": [8, 3.75, 11.75, 4.5], "texture": "#0"},
				"west": {"uv": [6.25, 11.5, 6.5, 12.25], "texture": "#0"},
				"up": {"uv": [14.5, 6.5, 10.75, 6.25], "texture": "#0"},
				"down": {"uv": [14.5, 6.5, 10.75, 6.75], "texture": "#0"}
			}
		},
		{
			"name": "HatTilt2",
			"from": [14.43, 18.105, 0.055],
			"to": [15.57, 21.245, 14.995],
			"rotation": {"angle": -22.5, "axis": "z", "origin": [8, 16.875, 7.5]},
			"faces": {
				"north": {"uv": [6.5, 11.5, 6.75, 12.25], "texture": "#0"},
				"east": {"uv": [8, 4.5, 11.75, 5.25], "texture": "#0"},
				"south": {"uv": [6.75, 11.5, 7, 12.25], "texture": "#0"},
				"west": {"uv": [8, 5.25, 11.75, 6], "texture": "#0"},
				"up": {"uv": [8.25, 14.5, 8, 10.75], "texture": "#0"},
				"down": {"uv": [8.5, 10.75, 8.25, 14.5], "texture": "#0"}
			}
		},
		{
			"name": "HatTilt3",
			"from": [0.51, 18.01, 0.01],
			"to": [15.49, 20.99, 0.99],
			"rotation": {"angle": -22.5, "axis": "x", "origin": [8, 16.7, 7.5]},
			"faces": {
				"north": {"uv": [8, 1.5, 11.75, 2.25], "texture": "#0"},
				"east": {"uv": [5.5, 11.5, 5.75, 12.25], "texture": "#0"},
				"south": {"uv": [8, 2.25, 11.75, 3], "texture": "#0"},
				"west": {"uv": [5.75, 11.5, 6, 12.25], "texture": "#0"},
				"up": {"uv": [8, 11, 4.25, 10.75], "texture": "#0"},
				"down": {"uv": [14.5, 6, 10.75, 6.25], "texture": "#0"}
			}
		},
		{
			"name": "HatTilt4",
			"from": [0.43, 18.08, 0.055],
			"to": [1.57, 21.22, 14.995],
			"rotation": {"angle": 22.5, "axis": "z", "origin": [8, 16.85, 7.5]},
			"faces": {
				"north": {"uv": [7.5, 11.25, 7.75, 12], "texture": "#0"},
				"east": {"uv": [8, 0, 11.75, 0.75], "texture": "#0"},
				"south": {"uv": [5.25, 11.5, 5.5, 12.25], "texture": "#0"},
				"west": {"uv": [8, 0.75, 11.75, 1.5], "texture": "#0"},
				"up": {"uv": [4, 14.5, 3.75, 10.75], "texture": "#0"},
				"down": {"uv": [4.25, 10.75, 4, 14.5], "texture": "#0"}
			}
		},
		{
			"name": "HatTop",
			"from": [-0.7, 17.8, -1.2],
			"to": [16.7, 19.2, 16.2],
			"rotation": {"angle": 0, "axis": "y", "origin": [8, 16.7, 7.5]},
			"faces": {
				"north": {"uv": [9.75, 10, 14, 10.25], "texture": "#0"},
				"east": {"uv": [9.75, 10.25, 14, 10.5], "texture": "#0"},
				"south": {"uv": [0, 10.5, 4.25, 10.75], "texture": "#0"},
				"west": {"uv": [4.25, 10.5, 8.5, 10.75], "texture": "#0"},
				"up": {"uv": [4.25, 4.25, 0, 0], "texture": "#0"},
				"down": {"uv": [4.25, 4.25, 0, 8.5], "texture": "#0"}
			}
		},
		{
			"name": "HatTop",
			"from": [-0.7, 17.8, -1.2],
			"to": [16.7, 19.2, 16.2],
			"rotation": {"angle": 0, "axis": "y", "origin": [8, 16.7, 7.5]},
			"faces": {
				"north": {"uv": [9.75, 10, 14, 10.25], "texture": "#0"},
				"east": {"uv": [9.75, 10.25, 14, 10.5], "texture": "#0"},
				"south": {"uv": [0, 10.5, 4.25, 10.75], "texture": "#0"},
				"west": {"uv": [4.25, 10.5, 8.5, 10.75], "texture": "#0"},
				"up": {"uv": [4.25, 4.25, 0, 0], "texture": "#0"},
				"down": {"uv": [4.25, 4.25, 0, 8.5], "texture": "#0"}
			}
		},
		{
			"name": "G_1",
			"from": [8.9, 15.6, 0.175],
			"to": [10.1, 16.8, 1.375],
			"rotation": {"angle": -22.5, "axis": "x", "origin": [8, 14.5, 0.5]},
			"faces": {
				"north": {"uv": [4.25, 11.75, 4.5, 12], "texture": "#0"},
				"east": {"uv": [11.75, 4.25, 12, 4.5], "texture": "#0"},
				"south": {"uv": [4.5, 11.75, 4.75, 12], "texture": "#0"},
				"west": {"uv": [11.75, 4.5, 12, 4.75], "texture": "#0"},
				"up": {"uv": [5, 12, 4.75, 11.75], "texture": "#0"},
				"down": {"uv": [12, 4.75, 11.75, 5], "texture": "#0"}
			}
		},
		{
			"name": "G_2",
			"from": [6.1, 16.80195, 0.13483],
			"to": [10.1, 17.80195, 1.13483],
			"rotation": {"angle": -22.5, "axis": "x", "origin": [8.025, 14.60195, 0.48483]},
			"faces": {
				"north": {"uv": [11.25, 11.25, 12.25, 11.5], "texture": "#0"},
				"east": {"uv": [11.75, 5.25, 12, 5.5], "texture": "#0"},
				"south": {"uv": [0.75, 11.5, 1.75, 11.75], "texture": "#0"},
				"west": {"uv": [11.75, 5.5, 12, 5.75], "texture": "#0"},
				"up": {"uv": [2.75, 11.75, 1.75, 11.5], "texture": "#0"},
				"down": {"uv": [5.25, 11.5, 4.25, 11.75], "texture": "#0"}
			}
		},
		{
			"name": "G_2",
			"from": [6.9, 11.575, -0.2],
			"to": [8.9, 12.375, 0.8],
			"rotation": {"angle": 0, "axis": "y", "origin": [7.925, 16.37276, -0.29037]},
			"faces": {
				"north": {"uv": [0, 0, 0.7, 0.2], "texture": "#0"},
				"east": {"uv": [0, 0, 0.45, 0.2], "texture": "#0"},
				"south": {"uv": [0, 0, 0.7, 0.2], "texture": "#0"},
				"west": {"uv": [0, 0, 0.45, 0.2], "texture": "#0"},
				"up": {"uv": [2.95, 12.2, 2.25, 11.75], "texture": "#0"},
				"down": {"uv": [2.2, 11.75, 1.5, 12.2], "texture": "#0"}
			}
		},
		{
			"name": "G_3",
			"from": [6.1, 11.575, -0.2],
			"to": [6.9, 14.075, 0.8],
			"rotation": {"angle": 0, "axis": "y", "origin": [8.325, 12.55, 0.5]},
			"faces": {
				"north": {"uv": [0, 0, 0.2, 0.7], "texture": "#0"},
				"east": {"uv": [11.75, 1.5, 12.2, 2.2], "texture": "#0"},
				"south": {"uv": [0, 0, 0.2, 0.7], "texture": "#0"},
				"west": {"uv": [2, 11.75, 2.45, 12.45], "texture": "#0"},
				"up": {"uv": [0, 0.45, 0.2, 0], "texture": "#0"},
				"down": {"uv": [0, 0, 0.2, 0.45], "texture": "#0"}
			}
		},
		{
			"name": "G_4",
			"from": [5.6, 14.075, -0.2],
			"to": [8.2, 14.675, 0.8],
			"rotation": {"angle": 0, "axis": "y", "origin": [8.575, 12.525, 0.475]},
			"faces": {
				"north": {"uv": [0, 0, 0.65, 0.15], "texture": "#0"},
				"east": {"uv": [0, 0, 0.4, 0.15], "texture": "#0"},
				"south": {"uv": [0, 0, 0.65, 0.15], "texture": "#0"},
				"west": {"uv": [0, 0, 0.4, 0.15], "texture": "#0"},
				"up": {"uv": [2.65, 12.15, 2, 11.75], "texture": "#0"},
				"down": {"uv": [2.9, 11.75, 2.25, 12.15], "texture": "#0"}
			}
		},
		{
			"name": "G_2",
			"from": [8.9, 11.575, -0.2],
			"to": [10.1, 15.775, 0.8],
			"rotation": {"angle": 0, "axis": "y", "origin": [2.5, 16.7, 7.5]},
			"faces": {
				"north": {"uv": [2.75, 11.25, 3.05, 12.3], "texture": "#0"},
				"east": {"uv": [3, 11.25, 3.5, 12.3], "texture": "#0"},
				"south": {"uv": [3, 11.25, 3.3, 12.3], "texture": "#0"},
				"west": {"uv": [2.75, 11.25, 3.25, 12.3], "texture": "#0"},
				"up": {"uv": [5.05, 12, 4.75, 11.5], "texture": "#0"},
				"down": {"uv": [3.05, 11.5, 2.75, 12], "texture": "#0"}
			}
		},
		{
			"name": "Trim1",
			"from": [1.40012, 9.73266, -0.21],
			"to": [4.64512, 11.35266, 0.81],
			"rotation": {"angle": -22.5, "axis": "z", "origin": [3.71012, 11.04266, 0.6]},
			"faces": {
				"north": {"uv": [6.25, 11.25, 7.25, 11.5], "texture": "#0"},
				"east": {"uv": [11.75, 3.75, 12, 4], "texture": "#0"},
				"south": {"uv": [11.25, 9, 12.25, 9.25], "texture": "#0"},
				"west": {"uv": [11.75, 4, 12, 4.25], "texture": "#0"},
				"up": {"uv": [12.25, 9.5, 11.25, 9.25], "texture": "#0"},
				"down": {"uv": [12.25, 11, 11.25, 11.25], "texture": "#0"}
			}
		},
		{
			"name": "Trim2",
			"from": [0.3, 9.8, -0.2],
			"to": [1.7, 12.2, 15.2],
			"rotation": {"angle": 0, "axis": "y", "origin": [8, 16.7, 7.5]},
			"faces": {
				"north": {"uv": [0.75, 11.75, 1, 12.25], "texture": "#0"},
				"east": {"uv": [0, 9.5, 3.75, 10], "texture": "#0"},
				"south": {"uv": [11.75, 0.75, 12, 1.25], "texture": "#0"},
				"west": {"uv": [3.75, 9.5, 7.5, 10], "texture": "#0"},
				"up": {"uv": [10.25, 14.5, 10, 10.75], "texture": "#0"},
				"down": {"uv": [10.5, 10.75, 10.25, 14.5], "texture": "#0"}
			}
		},
		{
			"name": "Trim3",
			"from": [1.7, 9.8, 13.7],
			"to": [14.3, 12.2, 15.2],
			"rotation": {"angle": 0, "axis": "y", "origin": [8, 16.7, 7.5]},
			"faces": {
				"north": {"uv": [3.25, 10, 6.5, 10.5], "texture": "#0"},
				"east": {"uv": [1, 11.75, 1.25, 12.25], "texture": "#0"},
				"south": {"uv": [6.5, 10, 9.75, 10.5], "texture": "#0"},
				"west": {"uv": [1.25, 11.75, 1.5, 12.25], "texture": "#0"},
				"up": {"uv": [14, 8.5, 10.75, 8.25], "texture": "#0"},
				"down": {"uv": [14, 8.5, 10.75, 8.75], "texture": "#0"}
			}
		},
		{
			"name": "Trim4",
			"from": [14.3, 9.8, -0.2],
			"to": [15.7, 12.2, 15.2],
			"rotation": {"angle": 0, "axis": "y", "origin": [8, 16.7, 7.5]},
			"faces": {
				"north": {"uv": [7, 11.5, 7.25, 12], "texture": "#0"},
				"east": {"uv": [3.75, 9, 7.5, 9.5], "texture": "#0"},
				"south": {"uv": [11.75, 0.25, 12, 0.75], "texture": "#0"},
				"west": {"uv": [7.5, 9, 11.25, 9.5], "texture": "#0"},
				"up": {"uv": [9.75, 14.5, 9.5, 10.75], "texture": "#0"},
				"down": {"uv": [10, 10.75, 9.75, 14.5], "texture": "#0"}
			}
		},
		{
			"name": "Trim5",
			"from": [11.35488, 9.73266, -0.21],
			"to": [14.59988, 11.35266, 0.81],
			"rotation": {"angle": 22.5, "axis": "z", "origin": [12.28988, 11.04266, 0.6]},
			"faces": {
				"north": {"uv": [0.75, 11.25, 1.75, 11.5], "texture": "#0"},
				"east": {"uv": [11.75, 3.25, 12, 3.5], "texture": "#0"},
				"south": {"uv": [1.75, 11.25, 2.75, 11.5], "texture": "#0"},
				"west": {"uv": [11.75, 3.5, 12, 3.75], "texture": "#0"},
				"up": {"uv": [5.25, 11.5, 4.25, 11.25], "texture": "#0"},
				"down": {"uv": [6.25, 11.25, 5.25, 11.5], "texture": "#0"}
			}
		},
		{
			"name": "Brim1",
			"from": [0.5, 17.12, -2.975],
			"to": [15.5, 18.12, -0.975],
			"rotation": {"angle": -45, "axis": "x", "origin": [10, 16.7, 7.5]},
			"faces": {
				"north": {"uv": [9.5, 10.5, 13.25, 10.75], "texture": "#0"},
				"east": {"uv": [11.25, 11.5, 11.75, 11.75], "texture": "#0"},
				"south": {"uv": [0, 10.75, 3.75, 11], "texture": "#0"},
				"west": {"uv": [11.75, 0, 12.25, 0.25], "texture": "#0"},
				"up": {"uv": [3.75, 9, 0, 8.5], "texture": "#0"},
				"down": {"uv": [3.75, 9, 0, 9.5], "texture": "#0"}
			}
		},
		{
			"name": "Brim2",
			"from": [1.5, 17.12, -4.975],
			"to": [14.5, 18.12, -2.975],
			"rotation": {"angle": -45, "axis": "x", "origin": [8, 16.7, 7.5]},
			"faces": {
				"north": {"uv": [10.75, 7.75, 14, 8], "texture": "#0"},
				"east": {"uv": [3.75, 8.5, 4.25, 8.75], "texture": "#0"},
				"south": {"uv": [10.75, 8, 14, 8.25], "texture": "#0"},
				"west": {"uv": [3.75, 8.75, 4.25, 9], "texture": "#0"},
				"up": {"uv": [10.75, 10, 7.5, 9.5], "texture": "#0"},
				"down": {"uv": [3.25, 10, 0, 10.5], "texture": "#0"}
			}
		},
		{
			"name": "Brim3",
			"from": [2.5, 17.12, -5.975],
			"to": [13.5, 18.12, -4.975],
			"rotation": {"angle": -45, "axis": "x", "origin": [8, 16.7, 7.5]},
			"faces": {
				"north": {"uv": [10.75, 8.75, 13.5, 9], "texture": "#0"},
				"east": {"uv": [11.75, 2.25, 12, 2.5], "texture": "#0"},
				"south": {"uv": [10.75, 9.5, 13.5, 9.75], "texture": "#0"},
				"west": {"uv": [11.75, 2.5, 12, 2.75], "texture": "#0"},
				"up": {"uv": [13.5, 10, 10.75, 9.75], "texture": "#0"},
				"down": {"uv": [13.25, 10.75, 10.5, 11], "texture": "#0"}
			}
		},
		{
			"name": "Brim4",
			"from": [4.5, 17.12, -6.975],
			"to": [11.5, 18.12, -5.975],
			"rotation": {"angle": -45, "axis": "x", "origin": [8, 16.7, 7.5]},
			"faces": {
				"north": {"uv": [0, 11, 1.75, 11.25], "texture": "#0"},
				"east": {"uv": [11.75, 2.75, 12, 3], "texture": "#0"},
				"south": {"uv": [1.75, 11, 3.5, 11.25], "texture": "#0"},
				"west": {"uv": [11.75, 3, 12, 3.25], "texture": "#0"},
				"up": {"uv": [6, 11.25, 4.25, 11], "texture": "#0"},
				"down": {"uv": [7.75, 11, 6, 11.25], "texture": "#0"}
			}
		},
		{
			"name": "Monocle_1",
			"from": [11.25, 7.8, 0],
			"to": [12.25, 8.8, 1],
			"rotation": {"angle": -45, "axis": "z", "origin": [10.7, 9.5, 0.5]},
			"faces": {
				"north": {"uv": [11.75, 5.75, 12, 6], "texture": "#0"},
				"east": {"uv": [11.25, 11.75, 11.5, 12], "texture": "#0"},
				"south": {"uv": [11.5, 11.75, 11.75, 12], "texture": "#0"},
				"west": {"uv": [11.75, 11.5, 12, 11.75], "texture": "#0"},
				"up": {"uv": [12, 12, 11.75, 11.75], "texture": "#0"},
				"down": {"uv": [12.25, 0.25, 12, 0.5], "texture": "#0"}
			}
		},
		{
			"name": "Monocle_2",
			"from": [11.25, 4.8, 0],
			"to": [12.25, 5.8, 1],
			"rotation": {"angle": -45, "axis": "z", "origin": [10.7, 6.5, 0.5]},
			"faces": {
				"north": {"uv": [12, 3, 12.25, 3.25], "texture": "#0"},
				"east": {"uv": [12, 3.25, 12.25, 3.5], "texture": "#0"},
				"south": {"uv": [12, 3.5, 12.25, 3.75], "texture": "#0"},
				"west": {"uv": [12, 3.75, 12.25, 4], "texture": "#0"},
				"up": {"uv": [12.25, 4.25, 12, 4], "texture": "#0"},
				"down": {"uv": [4.5, 12, 4.25, 12.25], "texture": "#0"}
			}
		},
		{
			"name": "Monocle_2",
			"from": [14.25, 4.8, 0],
			"to": [15.25, 5.8, 1],
			"rotation": {"angle": -45, "axis": "z", "origin": [13.7, 6.5, 0.5]},
			"faces": {
				"north": {"uv": [12, 0.5, 12.25, 0.75], "texture": "#0"},
				"east": {"uv": [12, 0.75, 12.25, 1], "texture": "#0"},
				"south": {"uv": [12, 1, 12.25, 1.25], "texture": "#0"},
				"west": {"uv": [1.5, 12, 1.75, 12.25], "texture": "#0"},
				"up": {"uv": [12.25, 1.75, 12, 1.5], "texture": "#0"},
				"down": {"uv": [2, 12, 1.75, 12.25], "texture": "#0"}
			}
		},
		{
			"name": "Monocle_3",
			"from": [14.95, 4.5, 0.7],
			"to": [15.55, 5.1, 1.3],
			"rotation": {"angle": -45, "axis": "z", "origin": [13.7, 6.5, 0.5]},
			"faces": {
				"north": {"uv": [0, 0, 0.15, 0.15], "texture": "#0"},
				"east": {"uv": [0, 0, 0.15, 0.15], "texture": "#0"},
				"south": {"uv": [0, 0, 0.15, 0.15], "texture": "#0"},
				"west": {"uv": [0, 0, 0.15, 0.15], "texture": "#0"},
				"up": {"uv": [0, 0, 0.15, 0.15], "texture": "#0"},
				"down": {"uv": [0, 0, 0.15, 0.15], "texture": "#0"}
			}
		},
		{
			"name": "Monocle_4",
			"from": [15.5, 4.025, 0.925],
			"to": [16.1, 4.625, 1.525],
			"rotation": {"angle": -45, "axis": "z", "origin": [13.7, 6.5, 0.5]},
			"faces": {
				"north": {"uv": [0, 0, 0.15, 0.15], "texture": "#0"},
				"east": {"uv": [0, 0, 0.15, 0.15], "texture": "#0"},
				"south": {"uv": [0, 0, 0.15, 0.15], "texture": "#0"},
				"west": {"uv": [0, 0, 0.15, 0.15], "texture": "#0"},
				"up": {"uv": [0, 0, 0.15, 0.15], "texture": "#0"},
				"down": {"uv": [0, 0, 0.15, 0.15], "texture": "#0"}
			}
		},
		{
			"name": "Monocle_5",
			"from": [16.065, 3.465, 0.965],
			"to": [16.685, 4.085, 1.585],
			"rotation": {"angle": -45, "axis": "z", "origin": [13.7, 6.5, 0.5]},
			"faces": {
				"north": {"uv": [0, 0, 0.15, 0.15], "texture": "#0"},
				"east": {"uv": [0, 0, 0.15, 0.15], "texture": "#0"},
				"south": {"uv": [0, 0, 0.15, 0.15], "texture": "#0"},
				"west": {"uv": [0, 0, 0.15, 0.15], "texture": "#0"},
				"up": {"uv": [0, 0, 0.15, 0.15], "texture": "#0"},
				"down": {"uv": [0, 0, 0.15, 0.15], "texture": "#0"}
			}
		},
		{
			"name": "Monocle_6",
			"from": [16.6, 3.025, 1.05],
			"to": [17.2, 3.625, 1.65],
			"rotation": {"angle": -45, "axis": "z", "origin": [13.7, 6.5, 0.5]},
			"faces": {
				"north": {"uv": [0, 0, 0.15, 0.15], "texture": "#0"},
				"east": {"uv": [0, 0, 0.15, 0.15], "texture": "#0"},
				"south": {"uv": [0, 0, 0.15, 0.15], "texture": "#0"},
				"west": {"uv": [0, 0, 0.15, 0.15], "texture": "#0"},
				"up": {"uv": [0, 0, 0.15, 0.15], "texture": "#0"},
				"down": {"uv": [0, 0, 0.15, 0.15], "texture": "#0"}
			}
		},
		{
			"name": "Monocle_7",
			"from": [17.1, 2.575, 1.1],
			"to": [17.7, 3.175, 1.7],
			"rotation": {"angle": -45, "axis": "z", "origin": [13.7, 6.5, 0.5]},
			"faces": {
				"north": {"uv": [0, 0, 0.15, 0.15], "texture": "#0"},
				"east": {"uv": [0, 0, 0.15, 0.15], "texture": "#0"},
				"south": {"uv": [0, 0, 0.15, 0.15], "texture": "#0"},
				"west": {"uv": [0, 0, 0.15, 0.15], "texture": "#0"},
				"up": {"uv": [0, 0, 0.15, 0.15], "texture": "#0"},
				"down": {"uv": [0, 0, 0.15, 0.15], "texture": "#0"}
			}
		},
		{
			"name": "Monocle_8",
			"from": [17.575, 2.05, 1.175],
			"to": [18.175, 2.65, 1.775],
			"rotation": {"angle": -45, "axis": "z", "origin": [13.7, 6.5, 0.5]},
			"faces": {
				"north": {"uv": [0, 0, 0.15, 0.15], "texture": "#0"},
				"east": {"uv": [0, 0, 0.15, 0.15], "texture": "#0"},
				"south": {"uv": [0, 0, 0.15, 0.15], "texture": "#0"},
				"west": {"uv": [0, 0, 0.15, 0.15], "texture": "#0"},
				"up": {"uv": [0, 0, 0.15, 0.15], "texture": "#0"},
				"down": {"uv": [0, 0, 0.15, 0.15], "texture": "#0"}
			}
		},
		{
			"name": "Monocle_9",
			"from": [18.025, 1.575, 1.325],
			"to": [18.625, 2.175, 1.925],
			"rotation": {"angle": -45, "axis": "z", "origin": [13.7, 6.5, 0.5]},
			"faces": {
				"north": {"uv": [0, 0, 0.15, 0.15], "texture": "#0"},
				"east": {"uv": [0, 0, 0.15, 0.15], "texture": "#0"},
				"south": {"uv": [0, 0, 0.15, 0.15], "texture": "#0"},
				"west": {"uv": [0, 0, 0.15, 0.15], "texture": "#0"},
				"up": {"uv": [0, 0, 0.15, 0.15], "texture": "#0"},
				"down": {"uv": [0, 0, 0.15, 0.15], "texture": "#0"}
			}
		},
		{
			"name": "Monocle_3",
			"from": [14.25, 7.8, 0],
			"to": [15.25, 8.8, 1],
			"rotation": {"angle": -45, "axis": "z", "origin": [13.7, 9.5, 0.5]},
			"faces": {
				"north": {"uv": [12, 1.75, 12.25, 2], "texture": "#0"},
				"east": {"uv": [2.25, 12, 2.5, 12.25], "texture": "#0"},
				"south": {"uv": [12, 2.25, 12.25, 2.5], "texture": "#0"},
				"west": {"uv": [2.5, 12, 2.75, 12.25], "texture": "#0"},
				"up": {"uv": [12.25, 2.75, 12, 2.5], "texture": "#0"},
				"down": {"uv": [12.25, 2.75, 12, 3], "texture": "#0"}
			}
		},
		{
			"name": "Monocle_2",
			"from": [13.225, 5.025, 0.125],
			"to": [14.025, 7.825, 0.925],
			"rotation": {"angle": 0, "axis": "y", "origin": [0.2, 0, 0]},
			"faces": {
				"north": {"uv": [0, 0, 0.2, 0.7], "texture": "#0"},
				"east": {"uv": [0, 0, 0.2, 0.7], "texture": "#0"},
				"south": {"uv": [0, 0, 0.2, 0.7], "texture": "#0"},
				"west": {"uv": [0, 0, 0.2, 0.7], "texture": "#0"},
				"up": {"uv": [0, 0, 0.2, 0.2], "texture": "#0"},
				"down": {"uv": [0, 0, 0.2, 0.2], "texture": "#0"}
			}
		},
		{
			"name": "Monocle_3",
			"from": [10.225, 5.025, 0.125],
			"to": [11.025, 7.825, 0.925],
			"rotation": {"angle": 0, "axis": "y", "origin": [0.2, 0, 0]},
			"faces": {
				"north": {"uv": [0, 0, 0.2, 0.7], "texture": "#0"},
				"east": {"uv": [0, 0, 0.2, 0.7], "texture": "#0"},
				"south": {"uv": [0, 0, 0, 0.5], "texture": "#0"},
				"west": {"uv": [0, 0, 0.2, 0.7], "texture": "#0"},
				"up": {"uv": [0, 0, 0.2, 0.2], "texture": "#0"},
				"down": {"uv": [0, 0, 0.2, 0.2], "texture": "#0"}
			}
		},
		{
			"name": "Monocle_3",
			"from": [10.75, 4.45, 0.125],
			"to": [13.55, 5.25, 0.925],
			"rotation": {"angle": 0, "axis": "y", "origin": [0.2, 0, 0]},
			"faces": {
				"north": {"uv": [0, 0, 0.7, 0.2], "texture": "#0"},
				"east": {"uv": [0, 0, 0.2, 0.2], "texture": "#0"},
				"south": {"uv": [0, 0, 0.7, 0.2], "texture": "#0"},
				"west": {"uv": [0, 0, 0.2, 0.2], "texture": "#0"},
				"up": {"uv": [0.7, 0, 0, 0.2], "texture": "#0"},
				"down": {"uv": [0.7, 0, 0, 0.2], "texture": "#0"}
			}
		},
		{
			"name": "Monocle_4",
			"from": [10.75, 7.45, 0.125],
			"to": [13.55, 8.25, 0.925],
			"rotation": {"angle": 0, "axis": "y", "origin": [0.2, 0, 0]},
			"faces": {
				"north": {"uv": [0, 0, 0.7, 0.2], "texture": "#0"},
				"east": {"uv": [0, 0, 0.2, 0.2], "texture": "#0"},
				"south": {"uv": [0, 0, 0.7, 0.2], "texture": "#0"},
				"west": {"uv": [0, 0, 0.2, 0.2], "texture": "#0"},
				"up": {"uv": [0.7, 0, 0, 0.2], "texture": "#0"},
				"down": {"uv": [0.7, 0, 0, 0.2], "texture": "#0"}
			}
		}
	],
	"display": {
		"firstperson_righthand": {
			"translation": [0, -2, 0],
			"rotation": [15, 135, 0 ],
			"scale": [0.5, 0.5, 0.5]
		},
		"gui": {
			"translation": [0, -2, 0],
			"rotation": [45, 135, 0 ],
			"scale": [0.5, 0.5, 0.5]
		},
		"firstperson_lefthand": {
			"translation": [0, -2, 0],
			"scale": [0.5, 0.5, 0.5]
		},
		"thirdperson_righthand": {
			"translation": [0, -2, 0],
			"rotation": [15, 0, 0 ],
			"scale": [0.5, 0.5, 0.5]
		},
		"thirdperson_lefthand": {
			"translation": [0, -2, 0],
			"scale": [0.5, 0.5, 0.5]
		},
		"ground": {

			"scale": [0.5, 0.5, 0.5]			
		},
		"head": {
			"translation": [0, 1.5, 0]
		}
	},
	"groups": [
		{
			"name": "Hat Components",
			"origin": [8, 16.7, 7.5],
			"color": 0,
			"children": [0, 1, 2, 3, 4, 5, 6, 7, 8, 9]
		},
		{
			"name": "G",
			"origin": [8, 16.7, 7.5],
			"color": 0,
			"children": [10, 11, 12, 13, 14, 15]
		},
		{
			"name": "HatTrim",
			"origin": [8, 16.7, 7.5],
			"color": 0,
			"children": [16, 17, 18, 19, 20]
		},
		{
			"name": "Brim",
			"origin": [8, 16.7, 7.5],
			"color": 0,
			"children": [21, 22, 23, 24]
		},
		25,
		26,
		27,
		28,
		29,
		30,
		31,
		32,
		33,
		34,
		35,
		36,
		37,
		38,
		39
	]
}