{
	"credit": "Made with Blockbench",
	"texture_size": [64, 64],
	"textures": {
		"1": "custom:item/hermitcraft/season_8/grianspecialhat"
	},
	"elements": [
		{
			"from": [0.125, 12, 2.325],
			"to": [1.125, 15, 4.325],
			"rotation": {"angle": 0, "axis": "y", "origin": [0, -2, 0]},
			"faces": {
				"north": {"uv": [7.75, 11, 8, 11.75], "texture": "#1"},
				"east": {"uv": [10, 4.25, 10.5, 5], "texture": "#1"},
				"south": {"uv": [10.75, 11, 11, 11.75], "texture": "#1"},
				"west": {"uv": [9.25, 10, 9.75, 10.75], "texture": "#1"},
				"up": {"uv": [11.75, 7.25, 11.5, 6.75], "texture": "#1"},
				"down": {"uv": [11.75, 7.25, 11.5, 7.75], "texture": "#1"}
			}
		},
		{
			"from": [0.125, 10, 3.325],
			"to": [1.125, 12, 4.325],
			"rotation": {"angle": 0, "axis": "y", "origin": [0, -2, 0]},
			"faces": {
				"north": {"uv": [3.5, 12.5, 3.75, 13], "texture": "#1"},
				"east": {"uv": [12.5, 3.5, 12.75, 4], "texture": "#1"},
				"south": {"uv": [3.75, 12.5, 4, 13], "texture": "#1"},
				"west": {"uv": [4, 12.5, 4.25, 13], "texture": "#1"},
				"up": {"uv": [1.25, 13.25, 1, 13], "texture": "#1"},
				"down": {"uv": [13.25, 1, 13, 1.25], "texture": "#1"}
			}
		},
		{
			"from": [0.125, 8, 3.325],
			"to": [1.125, 9, 4.325],
			"rotation": {"angle": 0, "axis": "y", "origin": [0, -2, 0]},
			"faces": {
				"north": {"uv": [7.75, 11.75, 8, 12], "texture": "#1"},
				"east": {"uv": [10, 11.75, 10.25, 12], "texture": "#1"},
				"south": {"uv": [2.75, 12, 3, 12.25], "texture": "#1"},
				"west": {"uv": [12.25, 11.75, 12.5, 12], "texture": "#1"},
				"up": {"uv": [4.5, 12.75, 4.25, 12.5], "texture": "#1"},
				"down": {"uv": [4.75, 12.5, 4.5, 12.75], "texture": "#1"}
			}
		},
		{
			"from": [0, 14, 2],
			"to": [1, 17, 5],
			"rotation": {"angle": 0, "axis": "y", "origin": [0, -2, 0]},
			"faces": {
				"north": {"uv": [11.5, 6, 11.75, 6.75], "texture": "#1"},
				"east": {"uv": [7, 9.25, 7.75, 10], "texture": "#1"},
				"south": {"uv": [6.25, 11.5, 6.5, 12.25], "texture": "#1"},
				"west": {"uv": [10, 3, 10.75, 3.75], "texture": "#1"},
				"up": {"uv": [6.75, 12.25, 6.5, 11.5], "texture": "#1"},
				"down": {"uv": [7, 11.5, 6.75, 12.25], "texture": "#1"}
			}
		},
		{
			"name": "WaffleDripLeft1",
			"from": [15, 10, 6],
			"to": [16, 17, 8],
			"rotation": {"angle": 0, "axis": "y", "origin": [16, -2, 0]},
			"faces": {
				"north": {"uv": [2.75, 9.25, 3, 11], "texture": "#1"},
				"east": {"uv": [7, 7.5, 7.5, 9.25], "texture": "#1"},
				"south": {"uv": [7.75, 9.25, 8, 11], "texture": "#1"},
				"west": {"uv": [7.5, 7.5, 8, 9.25], "texture": "#1"},
				"up": {"uv": [11.75, 8.25, 11.5, 7.75], "texture": "#1"},
				"down": {"uv": [8.25, 11.5, 8, 12], "texture": "#1"}
			}
		},
		{
			"name": "WaffleDripLeft4",
			"from": [15, 11, 8],
			"to": [16, 14, 9],
			"rotation": {"angle": 0, "axis": "y", "origin": [16, -2, 0]},
			"faces": {
				"north": {"uv": [11, 11, 11.25, 11.75], "texture": "#1"},
				"east": {"uv": [7.5, 11.25, 7.75, 12], "texture": "#1"},
				"south": {"uv": [11.25, 10, 11.5, 10.75], "texture": "#1"},
				"west": {"uv": [10.25, 11.25, 10.5, 12], "texture": "#1"},
				"up": {"uv": [12.75, 6, 12.5, 5.75], "texture": "#1"},
				"down": {"uv": [6.25, 12.5, 6, 12.75], "texture": "#1"}
			}
		},
		{
			"name": "WaffleDripLeft5",
			"from": [15, 11, 12],
			"to": [16, 14, 13],
			"rotation": {"angle": 0, "axis": "y", "origin": [16, -2, 0]},
			"faces": {
				"north": {"uv": [0.75, 11.5, 1, 12.25], "texture": "#1"},
				"east": {"uv": [1, 11.5, 1.25, 12.25], "texture": "#1"},
				"south": {"uv": [1.25, 11.5, 1.5, 12.25], "texture": "#1"},
				"west": {"uv": [1.5, 11.5, 1.75, 12.25], "texture": "#1"},
				"up": {"uv": [6.5, 12.75, 6.25, 12.5], "texture": "#1"},
				"down": {"uv": [6.75, 12.5, 6.5, 12.75], "texture": "#1"}
			}
		},
		{
			"name": "WaffleDripLeft5",
			"from": [15, 14, 8],
			"to": [16, 17, 10],
			"rotation": {"angle": 0, "axis": "y", "origin": [16, -2, 0]},
			"faces": {
				"north": {"uv": [10.5, 11.25, 10.75, 12], "texture": "#1"},
				"east": {"uv": [9.75, 10, 10.25, 10.75], "texture": "#1"},
				"south": {"uv": [11.25, 10.75, 11.5, 11.5], "texture": "#1"},
				"west": {"uv": [0.25, 10.25, 0.75, 11], "texture": "#1"},
				"up": {"uv": [11.75, 11.5, 11.5, 11], "texture": "#1"},
				"down": {"uv": [11.5, 11.5, 11.25, 12], "texture": "#1"}
			}
		},
		{
			"name": "WaffleDripLeft6",
			"from": [13.6, 15.6, 5.6],
			"to": [15.4, 17.4, 10.4],
			"rotation": {"angle": 0, "axis": "y", "origin": [16, -2, 0]},
			"faces": {
				"north": {"uv": [11, 12.5, 11.25, 12.75], "texture": "#1"},
				"east": {"uv": [10.5, 4.25, 11.5, 4.5], "texture": "#1"},
				"south": {"uv": [11.25, 12.5, 11.5, 12.75], "texture": "#1"},
				"west": {"uv": [10.5, 4.5, 11.5, 4.75], "texture": "#1"},
				"up": {"uv": [9.75, 11.75, 9.5, 10.75], "texture": "#1"},
				"down": {"uv": [10, 10.75, 9.75, 11.75], "texture": "#1"}
			}
		},
		{
			"name": "WaffleDripLeft7",
			"from": [0.6, 15.6, 1.6],
			"to": [2.4, 17.4, 5.4],
			"rotation": {"angle": 0, "axis": "y", "origin": [16, -2, 0]},
			"faces": {
				"north": {"uv": [0.75, 13, 1, 13.25], "texture": "#1"},
				"east": {"uv": [11.5, 4.5, 12.25, 4.75], "texture": "#1"},
				"south": {"uv": [13, 0.75, 13.25, 1], "texture": "#1"},
				"west": {"uv": [11.5, 4.75, 12.25, 5], "texture": "#1"},
				"up": {"uv": [2.75, 12.25, 2.5, 11.5], "texture": "#1"},
				"down": {"uv": [6.25, 11.5, 6, 12.25], "texture": "#1"}
			}
		},
		{
			"name": "WaffleDripLeft6",
			"from": [15, 14, 12],
			"to": [16, 17, 14],
			"rotation": {"angle": 0, "axis": "y", "origin": [16, -2, 0]},
			"faces": {
				"north": {"uv": [0.25, 11.5, 0.5, 12.25], "texture": "#1"},
				"east": {"uv": [0.75, 10.25, 1.25, 11], "texture": "#1"},
				"south": {"uv": [0.5, 11.5, 0.75, 12.25], "texture": "#1"},
				"west": {"uv": [1.25, 10.25, 1.75, 11], "texture": "#1"},
				"up": {"uv": [11.75, 12, 11.5, 11.5], "texture": "#1"},
				"down": {"uv": [2, 11.75, 1.75, 12.25], "texture": "#1"}
			}
		},
		{
			"name": "WaffleDripLeft7",
			"from": [13.7, 15.7, 11.7],
			"to": [15.3, 17.3, 14.3],
			"rotation": {"angle": 0, "axis": "y", "origin": [16, -2, 0]},
			"faces": {
				"north": {"uv": [11.5, 12.5, 11.75, 12.75], "texture": "#1"},
				"east": {"uv": [11.5, 8.75, 12, 9], "texture": "#1"},
				"south": {"uv": [11.75, 12.5, 12, 12.75], "texture": "#1"},
				"west": {"uv": [3.5, 11.75, 4, 12], "texture": "#1"},
				"up": {"uv": [12, 4, 11.75, 3.5], "texture": "#1"},
				"down": {"uv": [4.25, 11.75, 4, 12.25], "texture": "#1"}
			}
		},
		{
			"name": "WaffleDripLeft2",
			"from": [15, 8, 7],
			"to": [16, 10, 8],
			"rotation": {"angle": 0, "axis": "y", "origin": [16, -2, 0]},
			"faces": {
				"north": {"uv": [8.25, 11.5, 8.5, 12], "texture": "#1"},
				"east": {"uv": [11.5, 8.25, 11.75, 8.75], "texture": "#1"},
				"south": {"uv": [11.5, 10, 11.75, 10.5], "texture": "#1"},
				"west": {"uv": [11.5, 10.5, 11.75, 11], "texture": "#1"},
				"up": {"uv": [5, 12.75, 4.75, 12.5], "texture": "#1"},
				"down": {"uv": [5.25, 12.5, 5, 12.75], "texture": "#1"}
			}
		},
		{
			"name": "WaffleDripLeft3",
			"from": [15, 6, 7],
			"to": [16, 7, 8],
			"rotation": {"angle": 0, "axis": "y", "origin": [16, -2, 0]},
			"faces": {
				"north": {"uv": [12.5, 5, 12.75, 5.25], "texture": "#1"},
				"east": {"uv": [5.25, 12.5, 5.5, 12.75], "texture": "#1"},
				"south": {"uv": [12.5, 5.25, 12.75, 5.5], "texture": "#1"},
				"west": {"uv": [5.5, 12.5, 5.75, 12.75], "texture": "#1"},
				"up": {"uv": [12.75, 5.75, 12.5, 5.5], "texture": "#1"},
				"down": {"uv": [6, 12.5, 5.75, 12.75], "texture": "#1"}
			}
		},
		{
			"name": "WaffleDripLeft4",
			"from": [15, 8, 12],
			"to": [16, 10, 13],
			"rotation": {"angle": 0, "axis": "y", "origin": [16, -2, 0]},
			"faces": {
				"north": {"uv": [2, 11.75, 2.25, 12.25], "texture": "#1"},
				"east": {"uv": [2.25, 11.75, 2.5, 12.25], "texture": "#1"},
				"south": {"uv": [3, 11.75, 3.25, 12.25], "texture": "#1"},
				"west": {"uv": [3.25, 11.75, 3.5, 12.25], "texture": "#1"},
				"up": {"uv": [7, 12.75, 6.75, 12.5], "texture": "#1"},
				"down": {"uv": [7.25, 12.5, 7, 12.75], "texture": "#1"}
			}
		},
		{
			"name": "Waffle",
			"from": [2, 15, 1],
			"to": [14, 16, 15],
			"rotation": {"angle": 0, "axis": "y", "origin": [0, -2, 16]},
			"faces": {
				"north": {"uv": [3, 8.25, 6, 8.5], "texture": "#1"},
				"east": {"uv": [0, 7.75, 3.5, 8], "texture": "#1"},
				"south": {"uv": [8, 8.25, 11, 8.5], "texture": "#1"},
				"west": {"uv": [0, 8, 3.5, 8.25], "texture": "#1"},
				"up": {"uv": [3, 3.5, 0, 0], "texture": "#1"},
				"down": {"uv": [6, 0, 3, 3.5], "texture": "#1"}
			}
		},
		{
			"name": "Waffle",
			"from": [12, 16, 2],
			"to": [13, 17, 14],
			"rotation": {"angle": 0, "axis": "y", "origin": [16, -2, 0]},
			"faces": {
				"north": {"uv": [7.25, 12.5, 7.5, 12.75], "texture": "#1"},
				"east": {"uv": [0, 8.5, 3, 8.75], "texture": "#1"},
				"south": {"uv": [7.5, 12.5, 7.75, 12.75], "texture": "#1"},
				"west": {"uv": [3, 8.5, 6, 8.75], "texture": "#1"},
				"up": {"uv": [8.25, 11.5, 8, 8.5], "texture": "#1"},
				"down": {"uv": [8.5, 8.5, 8.25, 11.5], "texture": "#1"}
			}
		},
		{
			"name": "Waffle",
			"from": [2.8, 15.8, 2.8],
			"to": [13.2, 17.2, 4.2],
			"rotation": {"angle": 0, "axis": "y", "origin": [16, -2, 0]},
			"faces": {
				"north": {"uv": [3.5, 7.75, 6, 8], "texture": "#1"},
				"east": {"uv": [9, 12.5, 9.25, 12.75], "texture": "#1"},
				"south": {"uv": [3.5, 8, 6, 8.25], "texture": "#1"},
				"west": {"uv": [9.25, 12.5, 9.5, 12.75], "texture": "#1"},
				"up": {"uv": [11.5, 6.25, 9, 6], "texture": "#1"},
				"down": {"uv": [11.5, 6.25, 9, 6.5], "texture": "#1"}
			}
		},
		{
			"name": "Waffle",
			"from": [2.8, 15.8, 8.8],
			"to": [13.2, 17.2, 10.2],
			"rotation": {"angle": 0, "axis": "y", "origin": [16, -2, 0]},
			"faces": {
				"north": {"uv": [0.25, 9.25, 2.75, 9.5], "texture": "#1"},
				"east": {"uv": [10, 12.5, 10.25, 12.75], "texture": "#1"},
				"south": {"uv": [9.25, 9, 11.75, 9.25], "texture": "#1"},
				"west": {"uv": [10.25, 12.5, 10.5, 12.75], "texture": "#1"},
				"up": {"uv": [11.75, 9.5, 9.25, 9.25], "texture": "#1"},
				"down": {"uv": [2.75, 9.5, 0.25, 9.75], "texture": "#1"}
			}
		},
		{
			"name": "Waffle",
			"from": [2.8, 15.8, 11.8],
			"to": [13.2, 17.2, 13.2],
			"rotation": {"angle": 0, "axis": "y", "origin": [16, -2, 0]},
			"faces": {
				"north": {"uv": [9, 6.5, 11.5, 6.75], "texture": "#1"},
				"east": {"uv": [9.5, 12.5, 9.75, 12.75], "texture": "#1"},
				"south": {"uv": [9, 6.75, 11.5, 7], "texture": "#1"},
				"west": {"uv": [9.75, 12.5, 10, 12.75], "texture": "#1"},
				"up": {"uv": [11.5, 7.25, 9, 7], "texture": "#1"},
				"down": {"uv": [11.5, 7.25, 9, 7.5], "texture": "#1"}
			}
		},
		{
			"name": "Waffle",
			"from": [9, 16, 2],
			"to": [10, 17, 14],
			"rotation": {"angle": 0, "axis": "y", "origin": [16, -2, 0]},
			"faces": {
				"north": {"uv": [7.75, 12.5, 8, 12.75], "texture": "#1"},
				"east": {"uv": [8.5, 8.5, 11.5, 8.75], "texture": "#1"},
				"south": {"uv": [8, 12.5, 8.25, 12.75], "texture": "#1"},
				"west": {"uv": [0, 8.75, 3, 9], "texture": "#1"},
				"up": {"uv": [3.25, 11.75, 3, 8.75], "texture": "#1"},
				"down": {"uv": [3.5, 8.75, 3.25, 11.75], "texture": "#1"}
			}
		},
		{
			"name": "Waffle",
			"from": [2.8, 15.8, 5.8],
			"to": [13.2, 17.2, 7.2],
			"rotation": {"angle": 0, "axis": "y", "origin": [16, -2, 0]},
			"faces": {
				"north": {"uv": [9.25, 9.5, 11.75, 9.75], "texture": "#1"},
				"east": {"uv": [10.5, 12.5, 10.75, 12.75], "texture": "#1"},
				"south": {"uv": [0.25, 9.75, 2.75, 10], "texture": "#1"},
				"west": {"uv": [10.75, 12.5, 11, 12.75], "texture": "#1"},
				"up": {"uv": [11.75, 10, 9.25, 9.75], "texture": "#1"},
				"down": {"uv": [12.5, 0, 10, 0.25], "texture": "#1"}
			}
		},
		{
			"name": "Waffle",
			"from": [6, 16, 2],
			"to": [7, 17, 14],
			"rotation": {"angle": 0, "axis": "y", "origin": [16, -2, 0]},
			"faces": {
				"north": {"uv": [8.25, 12.5, 8.5, 12.75], "texture": "#1"},
				"east": {"uv": [8.5, 8.75, 11.5, 9], "texture": "#1"},
				"south": {"uv": [8.5, 12.5, 8.75, 12.75], "texture": "#1"},
				"west": {"uv": [0, 9, 3, 9.25], "texture": "#1"},
				"up": {"uv": [3.75, 11.75, 3.5, 8.75], "texture": "#1"},
				"down": {"uv": [4, 8.75, 3.75, 11.75], "texture": "#1"}
			}
		},
		{
			"name": "Waffle",
			"from": [3, 16, 2],
			"to": [4, 17, 14],
			"rotation": {"angle": 0, "axis": "y", "origin": [16, -2, 0]},
			"faces": {
				"north": {"uv": [8.75, 12.5, 9, 12.75], "texture": "#1"},
				"east": {"uv": [9, 5, 12, 5.25], "texture": "#1"},
				"south": {"uv": [12.5, 8.75, 12.75, 9], "texture": "#1"},
				"west": {"uv": [9, 5.25, 12, 5.5], "texture": "#1"},
				"up": {"uv": [4.25, 11.75, 4, 8.75], "texture": "#1"},
				"down": {"uv": [4.5, 8.75, 4.25, 11.75], "texture": "#1"}
			}
		},
		{
			"name": "WaffleCookerFrame4",
			"from": [1, 12, 0],
			"to": [2, 17, 16],
			"rotation": {"angle": 0, "axis": "y", "origin": [0, -2, 0]},
			"faces": {
				"north": {"uv": [2.5, 10.25, 2.75, 11.5], "texture": "#1"},
				"east": {"uv": [6, 2.5, 10, 3.75], "texture": "#1"},
				"south": {"uv": [10.25, 10, 10.5, 11.25], "texture": "#1"},
				"west": {"uv": [6, 3.75, 10, 5], "texture": "#1"},
				"up": {"uv": [6.75, 11.5, 6.5, 7.5], "texture": "#1"},
				"down": {"uv": [7, 7.5, 6.75, 11.5], "texture": "#1"}
			}
		},
		{
			"name": "WaffleCookerFrame1",
			"from": [14, 12, 0],
			"to": [15, 17, 16],
			"rotation": {"angle": 0, "axis": "y", "origin": [16, -2, 0]},
			"faces": {
				"north": {"uv": [7.5, 10, 7.75, 11.25], "texture": "#1"},
				"east": {"uv": [6, 0, 10, 1.25], "texture": "#1"},
				"south": {"uv": [1.75, 10.25, 2, 11.5], "texture": "#1"},
				"west": {"uv": [6, 1.25, 10, 2.5], "texture": "#1"},
				"up": {"uv": [6.25, 11.5, 6, 7.5], "texture": "#1"},
				"down": {"uv": [6.5, 7.5, 6.25, 11.5], "texture": "#1"}
			}
		},
		{
			"name": "WaffleCookerFrame2",
			"from": [2, 12, 0],
			"to": [14, 17, 1],
			"rotation": {"angle": 0, "axis": "y", "origin": [0, -2, 0]},
			"faces": {
				"north": {"uv": [6, 5, 9, 6.25], "texture": "#1"},
				"east": {"uv": [2, 10.25, 2.25, 11.5], "texture": "#1"},
				"south": {"uv": [6, 6.25, 9, 7.5], "texture": "#1"},
				"west": {"uv": [2.25, 10.25, 2.5, 11.5], "texture": "#1"},
				"up": {"uv": [11, 7.75, 8, 7.5], "texture": "#1"},
				"down": {"uv": [11, 7.75, 8, 8], "texture": "#1"}
			}
		},
		{
			"name": "WaffleCookerFrame3",
			"from": [7.3, 13.8, -7.2],
			"to": [8.7, 15.2, 0.2],
			"rotation": {"angle": 0, "axis": "y", "origin": [0.5, -2, 0]},
			"faces": {
				"north": {"uv": [12.5, 11.75, 12.75, 12], "texture": "#1"},
				"east": {"uv": [10, 3.75, 11.75, 4], "texture": "#1"},
				"south": {"uv": [12.5, 12, 12.75, 12.25], "texture": "#1"},
				"west": {"uv": [10, 4, 11.75, 4.25], "texture": "#1"},
				"up": {"uv": [7.25, 11.75, 7, 10], "texture": "#1"},
				"down": {"uv": [7.5, 10, 7.25, 11.75], "texture": "#1"}
			}
		},
		{
			"name": "WaffleCookerFrame4",
			"from": [7.2, 13.7, -11.3],
			"to": [8.8, 15.3, -6.7],
			"rotation": {"angle": 0, "axis": "y", "origin": [0.5, -2, 0]},
			"faces": {
				"north": {"uv": [12.5, 12.25, 12.75, 12.5], "texture": "#1"},
				"east": {"uv": [10.5, 4.75, 11.5, 5], "texture": "#1"},
				"south": {"uv": [12.5, 12.5, 12.75, 12.75], "texture": "#1"},
				"west": {"uv": [10.75, 3.5, 11.75, 3.75], "texture": "#1"},
				"up": {"uv": [10.25, 11.75, 10, 10.75], "texture": "#1"},
				"down": {"uv": [3, 11, 2.75, 12], "texture": "#1"}
			}
		},
		{
			"name": "WaffleCookerFrame3",
			"from": [2, 12, 15],
			"to": [14, 17, 16],
			"rotation": {"angle": 0, "axis": "y", "origin": [0, -2, 16]},
			"faces": {
				"north": {"uv": [0, 6.5, 3, 7.75], "texture": "#1"},
				"east": {"uv": [10.5, 10, 10.75, 11.25], "texture": "#1"},
				"south": {"uv": [3, 6.5, 6, 7.75], "texture": "#1"},
				"west": {"uv": [9.25, 10.75, 9.5, 12], "texture": "#1"},
				"up": {"uv": [11, 8.25, 8, 8], "texture": "#1"},
				"down": {"uv": [3, 8.25, 0, 8.5], "texture": "#1"}
			}
		},
		{
			"name": "WaffleCookerFrame4",
			"from": [2, 18, 15],
			"to": [14, 30, 16],
			"rotation": {"angle": 22.5, "axis": "x", "origin": [8, 14.5, 15.5]},
			"faces": {
				"north": {"uv": [0, 3.5, 3, 6.5], "texture": "#1"},
				"east": {"uv": [4.5, 8.75, 4.75, 11.75], "texture": "#1"},
				"south": {"uv": [3, 3.5, 6, 6.5], "texture": "#1"},
				"west": {"uv": [4.75, 8.75, 5, 11.75], "texture": "#1"},
				"up": {"uv": [12, 5.75, 9, 5.5], "texture": "#1"},
				"down": {"uv": [12, 5.75, 9, 6], "texture": "#1"}
			}
		},
		{
			"name": "WaffleCookerFrame5",
			"from": [3, 29, 14],
			"to": [13, 30, 15],
			"rotation": {"angle": 22.5, "axis": "x", "origin": [8, 14.5, 15.5]},
			"faces": {
				"north": {"uv": [0.25, 10, 2.75, 10.25], "texture": "#1"},
				"east": {"uv": [12.75, 3, 13, 3.25], "texture": "#1"},
				"south": {"uv": [10, 0.25, 12.5, 0.5], "texture": "#1"},
				"west": {"uv": [12.75, 3.25, 13, 3.5], "texture": "#1"},
				"up": {"uv": [12.5, 0.75, 10, 0.5], "texture": "#1"},
				"down": {"uv": [12.5, 0.75, 10, 1], "texture": "#1"}
			}
		},
		{
			"name": "WaffleCookerFrame6",
			"from": [6.5, 31, 14],
			"to": [9.5, 32, 15],
			"rotation": {"angle": 22.5, "axis": "x", "origin": [8.5, 14.5, 15.5]},
			"faces": {
				"north": {"uv": [11.25, 3, 12, 3.25], "texture": "#1"},
				"east": {"uv": [0, 13, 0.25, 13.25], "texture": "#1"},
				"south": {"uv": [11.25, 3.25, 12, 3.5], "texture": "#1"},
				"west": {"uv": [13, 0, 13.25, 0.25], "texture": "#1"},
				"up": {"uv": [2.5, 11.75, 1.75, 11.5], "texture": "#1"},
				"down": {"uv": [12.25, 4.25, 11.5, 4.5], "texture": "#1"}
			}
		},
		{
			"name": "WaffleCookerFrame7",
			"from": [9.5, 30, 14],
			"to": [10.5, 32, 15],
			"rotation": {"angle": 22.5, "axis": "x", "origin": [8.5, 14.5, 15.5]},
			"faces": {
				"north": {"uv": [12.5, 2, 12.75, 2.5], "texture": "#1"},
				"east": {"uv": [2.25, 12.5, 2.5, 13], "texture": "#1"},
				"south": {"uv": [2.5, 12.5, 2.75, 13], "texture": "#1"},
				"west": {"uv": [12.5, 2.5, 12.75, 3], "texture": "#1"},
				"up": {"uv": [0.5, 13.25, 0.25, 13], "texture": "#1"},
				"down": {"uv": [13.25, 0.25, 13, 0.5], "texture": "#1"}
			}
		},
		{
			"name": "WaffleCookerFrame8",
			"from": [5.5, 30, 14],
			"to": [6.5, 32, 15],
			"rotation": {"angle": 22.5, "axis": "x", "origin": [8.5, 14.5, 15.5]},
			"faces": {
				"north": {"uv": [2.75, 12.5, 3, 13], "texture": "#1"},
				"east": {"uv": [3, 12.5, 3.25, 13], "texture": "#1"},
				"south": {"uv": [12.5, 3, 12.75, 3.5], "texture": "#1"},
				"west": {"uv": [3.25, 12.5, 3.5, 13], "texture": "#1"},
				"up": {"uv": [0.75, 13.25, 0.5, 13], "texture": "#1"},
				"down": {"uv": [13.25, 0.5, 13, 0.75], "texture": "#1"}
			}
		},
		{
			"name": "WaffleCookerFrame6",
			"from": [3, 29, 14],
			"to": [13, 30, 15],
			"rotation": {"angle": 22.5, "axis": "x", "origin": [8, 14.5, 15.5]},
			"faces": {
				"north": {"uv": [10, 2, 12.5, 2.25], "texture": "#1"},
				"east": {"uv": [12.75, 12.5, 13, 12.75], "texture": "#1"},
				"south": {"uv": [10, 2.25, 12.5, 2.5], "texture": "#1"},
				"west": {"uv": [12.75, 12.75, 13, 13], "texture": "#1"},
				"up": {"uv": [12.5, 2.75, 10, 2.5], "texture": "#1"},
				"down": {"uv": [12.5, 2.75, 10, 3], "texture": "#1"}
			}
		},
		{
			"name": "WaffleCookerFrame6",
			"from": [3, 18, 14],
			"to": [13, 19, 15],
			"rotation": {"angle": 22.5, "axis": "x", "origin": [8, 14.5, 15.5]},
			"faces": {
				"north": {"uv": [10, 1, 12.5, 1.25], "texture": "#1"},
				"east": {"uv": [12.75, 3.5, 13, 3.75], "texture": "#1"},
				"south": {"uv": [10, 1.25, 12.5, 1.5], "texture": "#1"},
				"west": {"uv": [12.75, 3.75, 13, 4], "texture": "#1"},
				"up": {"uv": [12.5, 1.75, 10, 1.5], "texture": "#1"},
				"down": {"uv": [12.5, 1.75, 10, 2], "texture": "#1"}
			}
		},
		{
			"name": "WaffleCookerFrame7",
			"from": [10, 19, 14],
			"to": [12, 20, 15],
			"rotation": {"angle": 22.5, "axis": "x", "origin": [8, 14.5, 15.5]},
			"faces": {
				"north": {"uv": [3.5, 12, 4, 12.25], "texture": "#1"},
				"east": {"uv": [12.75, 4, 13, 4.25], "texture": "#1"},
				"south": {"uv": [12, 3.5, 12.5, 3.75], "texture": "#1"},
				"west": {"uv": [4.25, 12.75, 4.5, 13], "texture": "#1"},
				"up": {"uv": [12.5, 4, 12, 3.75], "texture": "#1"},
				"down": {"uv": [4.75, 12, 4.25, 12.25], "texture": "#1"}
			}
		},
		{
			"name": "WaffleCookerFrame8",
			"from": [7, 19, 14],
			"to": [9, 20, 15],
			"rotation": {"angle": 22.5, "axis": "x", "origin": [8, 14.5, 15.5]},
			"faces": {
				"north": {"uv": [4.75, 12, 5.25, 12.25], "texture": "#1"},
				"east": {"uv": [12.75, 4.25, 13, 4.5], "texture": "#1"},
				"south": {"uv": [12, 5, 12.5, 5.25], "texture": "#1"},
				"west": {"uv": [4.5, 12.75, 4.75, 13], "texture": "#1"},
				"up": {"uv": [5.75, 12.25, 5.25, 12], "texture": "#1"},
				"down": {"uv": [12.5, 5.25, 12, 5.5], "texture": "#1"}
			}
		},
		{
			"name": "WaffleCookerFrame9",
			"from": [4, 19, 14],
			"to": [6, 20, 15],
			"rotation": {"angle": 22.5, "axis": "x", "origin": [8, 14.5, 15.5]},
			"faces": {
				"north": {"uv": [12, 5.5, 12.5, 5.75], "texture": "#1"},
				"east": {"uv": [12.75, 4.5, 13, 4.75], "texture": "#1"},
				"south": {"uv": [12, 5.75, 12.5, 6], "texture": "#1"},
				"west": {"uv": [4.75, 12.75, 5, 13], "texture": "#1"},
				"up": {"uv": [7.5, 12.25, 7, 12], "texture": "#1"},
				"down": {"uv": [8, 12, 7.5, 12.25], "texture": "#1"}
			}
		},
		{
			"name": "WaffleCookerFrame10",
			"from": [4, 28, 14],
			"to": [6, 29, 15],
			"rotation": {"angle": 22.5, "axis": "x", "origin": [8, 14.5, 15.5]},
			"faces": {
				"north": {"uv": [11.5, 12, 12, 12.25], "texture": "#1"},
				"east": {"uv": [12.75, 5.25, 13, 5.5], "texture": "#1"},
				"south": {"uv": [12, 12, 12.5, 12.25], "texture": "#1"},
				"west": {"uv": [5.5, 12.75, 5.75, 13], "texture": "#1"},
				"up": {"uv": [0.5, 12.5, 0, 12.25], "texture": "#1"},
				"down": {"uv": [1, 12.25, 0.5, 12.5], "texture": "#1"}
			}
		},
		{
			"name": "WaffleCookerFrame9",
			"from": [7, 28, 14],
			"to": [9, 29, 15],
			"rotation": {"angle": 22.5, "axis": "x", "origin": [8, 14.5, 15.5]},
			"faces": {
				"north": {"uv": [9.5, 12, 10, 12.25], "texture": "#1"},
				"east": {"uv": [12.75, 5, 13, 5.25], "texture": "#1"},
				"south": {"uv": [10, 12, 10.5, 12.25], "texture": "#1"},
				"west": {"uv": [5.25, 12.75, 5.5, 13], "texture": "#1"},
				"up": {"uv": [11, 12.25, 10.5, 12], "texture": "#1"},
				"down": {"uv": [11.5, 12, 11, 12.25], "texture": "#1"}
			}
		},
		{
			"name": "WaffleCookerFrame8",
			"from": [10, 28, 14],
			"to": [12, 29, 15],
			"rotation": {"angle": 22.5, "axis": "x", "origin": [8, 14.5, 15.5]},
			"faces": {
				"north": {"uv": [8, 12, 8.5, 12.25], "texture": "#1"},
				"east": {"uv": [12.75, 4.75, 13, 5], "texture": "#1"},
				"south": {"uv": [8.5, 12, 9, 12.25], "texture": "#1"},
				"west": {"uv": [5, 12.75, 5.25, 13], "texture": "#1"},
				"up": {"uv": [12.5, 9, 12, 8.75], "texture": "#1"},
				"down": {"uv": [9.5, 12, 9, 12.25], "texture": "#1"}
			}
		},
		{
			"name": "WaffleCookerFrame9",
			"from": [10, 26, 14],
			"to": [12, 27, 15],
			"rotation": {"angle": 22.5, "axis": "x", "origin": [8, 14.5, 15.5]},
			"faces": {
				"north": {"uv": [12.25, 4.25, 12.75, 4.5], "texture": "#1"},
				"east": {"uv": [12.75, 6, 13, 6.25], "texture": "#1"},
				"south": {"uv": [4.5, 12.25, 5, 12.5], "texture": "#1"},
				"west": {"uv": [6.25, 12.75, 6.5, 13], "texture": "#1"},
				"up": {"uv": [12.75, 4.75, 12.25, 4.5], "texture": "#1"},
				"down": {"uv": [12.75, 4.75, 12.25, 5], "texture": "#1"}
			}
		},
		{
			"name": "WaffleCookerFrame10",
			"from": [7, 26, 14],
			"to": [9, 27, 15],
			"rotation": {"angle": 22.5, "axis": "x", "origin": [8, 14.5, 15.5]},
			"faces": {
				"north": {"uv": [3, 12.25, 3.5, 12.5], "texture": "#1"},
				"east": {"uv": [12.75, 5.75, 13, 6], "texture": "#1"},
				"south": {"uv": [3.5, 12.25, 4, 12.5], "texture": "#1"},
				"west": {"uv": [6, 12.75, 6.25, 13], "texture": "#1"},
				"up": {"uv": [4.5, 12.5, 4, 12.25], "texture": "#1"},
				"down": {"uv": [12.75, 4, 12.25, 4.25], "texture": "#1"}
			}
		},
		{
			"name": "WaffleCookerFrame11",
			"from": [4, 26, 14],
			"to": [6, 27, 15],
			"rotation": {"angle": 22.5, "axis": "x", "origin": [8, 14.5, 15.5]},
			"faces": {
				"north": {"uv": [1, 12.25, 1.5, 12.5], "texture": "#1"},
				"east": {"uv": [12.75, 5.5, 13, 5.75], "texture": "#1"},
				"south": {"uv": [1.5, 12.25, 2, 12.5], "texture": "#1"},
				"west": {"uv": [5.75, 12.75, 6, 13], "texture": "#1"},
				"up": {"uv": [2.5, 12.5, 2, 12.25], "texture": "#1"},
				"down": {"uv": [3, 12.25, 2.5, 12.5], "texture": "#1"}
			}
		},
		{
			"name": "WaffleCookerFrame10",
			"from": [10, 25, 14],
			"to": [12, 26, 15],
			"rotation": {"angle": 22.5, "axis": "x", "origin": [8, 14.5, 15.5]},
			"faces": {
				"north": {"uv": [7, 12.25, 7.5, 12.5], "texture": "#1"},
				"east": {"uv": [12.75, 6.75, 13, 7], "texture": "#1"},
				"south": {"uv": [12.25, 7, 12.75, 7.25], "texture": "#1"},
				"west": {"uv": [7, 12.75, 7.25, 13], "texture": "#1"},
				"up": {"uv": [12.75, 7.5, 12.25, 7.25], "texture": "#1"},
				"down": {"uv": [8, 12.25, 7.5, 12.5], "texture": "#1"}
			}
		},
		{
			"name": "WaffleCookerFrame11",
			"from": [7, 25, 14],
			"to": [9, 26, 15],
			"rotation": {"angle": 22.5, "axis": "x", "origin": [8, 14.5, 15.5]},
			"faces": {
				"north": {"uv": [12.25, 6.25, 12.75, 6.5], "texture": "#1"},
				"east": {"uv": [12.75, 6.5, 13, 6.75], "texture": "#1"},
				"south": {"uv": [6.5, 12.25, 7, 12.5], "texture": "#1"},
				"west": {"uv": [6.75, 12.75, 7, 13], "texture": "#1"},
				"up": {"uv": [12.75, 6.75, 12.25, 6.5], "texture": "#1"},
				"down": {"uv": [12.75, 6.75, 12.25, 7], "texture": "#1"}
			}
		},
		{
			"name": "WaffleCookerFrame12",
			"from": [4, 25, 14],
			"to": [6, 26, 15],
			"rotation": {"angle": 22.5, "axis": "x", "origin": [8, 14.5, 15.5]},
			"faces": {
				"north": {"uv": [5, 12.25, 5.5, 12.5], "texture": "#1"},
				"east": {"uv": [12.75, 6.25, 13, 6.5], "texture": "#1"},
				"south": {"uv": [5.5, 12.25, 6, 12.5], "texture": "#1"},
				"west": {"uv": [6.5, 12.75, 6.75, 13], "texture": "#1"},
				"up": {"uv": [6.5, 12.5, 6, 12.25], "texture": "#1"},
				"down": {"uv": [12.75, 6, 12.25, 6.25], "texture": "#1"}
			}
		},
		{
			"name": "WaffleCookerFrame13",
			"from": [2.35, 25.1, 14.1],
			"to": [3.15, 26.9, 14.9],
			"rotation": {"angle": 22.5, "axis": "x", "origin": [8, 14.5, 15.5]},
			"faces": {
				"north": {"uv": [5.75, 11.75, 6, 12.25], "texture": "#1"},
				"east": {"uv": [12, 12.25, 12.25, 12.75], "texture": "#1"},
				"south": {"uv": [12.25, 12.25, 12.5, 12.75], "texture": "#1"},
				"west": {"uv": [0, 12.5, 0.25, 13], "texture": "#1"},
				"up": {"uv": [13, 8.75, 12.75, 8.5], "texture": "#1"},
				"down": {"uv": [9, 12.75, 8.75, 13], "texture": "#1"}
			}
		},
		{
			"name": "WaffleCookerFrame14",
			"from": [2.35, 21.1, 14.1],
			"to": [3.15, 22.9, 14.9],
			"rotation": {"angle": 22.5, "axis": "x", "origin": [8, 14.5, 15.5]},
			"faces": {
				"north": {"uv": [12.5, 0, 12.75, 0.5], "texture": "#1"},
				"east": {"uv": [0.25, 12.5, 0.5, 13], "texture": "#1"},
				"south": {"uv": [0.5, 12.5, 0.75, 13], "texture": "#1"},
				"west": {"uv": [12.5, 0.5, 12.75, 1], "texture": "#1"},
				"up": {"uv": [13, 9, 12.75, 8.75], "texture": "#1"},
				"down": {"uv": [9.25, 12.75, 9, 13], "texture": "#1"}
			}
		},
		{
			"name": "WaffleCookerFrame15",
			"from": [2.35, 19, 14.1],
			"to": [3.15, 19.8, 14.9],
			"rotation": {"angle": 22.5, "axis": "x", "origin": [8, 14.5, 15.5]},
			"faces": {
				"north": {"uv": [12.75, 9, 13, 9.25], "texture": "#1"},
				"east": {"uv": [9.25, 12.75, 9.5, 13], "texture": "#1"},
				"south": {"uv": [12.75, 9.25, 13, 9.5], "texture": "#1"},
				"west": {"uv": [9.5, 12.75, 9.75, 13], "texture": "#1"},
				"up": {"uv": [13, 9.75, 12.75, 9.5], "texture": "#1"},
				"down": {"uv": [10, 12.75, 9.75, 13], "texture": "#1"}
			}
		},
		{
			"name": "WaffleCookerFrame16",
			"from": [2.35, 28.225, 14.1],
			"to": [3.15, 29.025, 14.9],
			"rotation": {"angle": 22.5, "axis": "x", "origin": [8, 14.5, 15.5]},
			"faces": {
				"north": {"uv": [12.75, 9.75, 13, 10], "texture": "#1"},
				"east": {"uv": [10, 12.75, 10.25, 13], "texture": "#1"},
				"south": {"uv": [12.75, 10, 13, 10.25], "texture": "#1"},
				"west": {"uv": [10.25, 12.75, 10.5, 13], "texture": "#1"},
				"up": {"uv": [13, 10.5, 12.75, 10.25], "texture": "#1"},
				"down": {"uv": [10.75, 12.75, 10.5, 13], "texture": "#1"}
			}
		},
		{
			"name": "WaffleCookerFrame16",
			"from": [12.875, 19, 14.1],
			"to": [13.675, 19.8, 14.9],
			"rotation": {"angle": 22.5, "axis": "x", "origin": [8, 14.5, 15.5]},
			"faces": {
				"north": {"uv": [12.75, 11.75, 13, 12], "texture": "#1"},
				"east": {"uv": [12, 12.75, 12.25, 13], "texture": "#1"},
				"south": {"uv": [12.75, 12, 13, 12.25], "texture": "#1"},
				"west": {"uv": [12.25, 12.75, 12.5, 13], "texture": "#1"},
				"up": {"uv": [13, 12.5, 12.75, 12.25], "texture": "#1"},
				"down": {"uv": [12.75, 12.75, 12.5, 13], "texture": "#1"}
			}
		},
		{
			"name": "WaffleCookerFrame14",
			"from": [12.875, 25.1, 14.1],
			"to": [13.675, 26.9, 14.9],
			"rotation": {"angle": 22.5, "axis": "x", "origin": [8, 14.5, 15.5]},
			"faces": {
				"north": {"uv": [1.5, 12.5, 1.75, 13], "texture": "#1"},
				"east": {"uv": [12.5, 1.5, 12.75, 2], "texture": "#1"},
				"south": {"uv": [1.75, 12.5, 2, 13], "texture": "#1"},
				"west": {"uv": [2, 12.5, 2.25, 13], "texture": "#1"},
				"up": {"uv": [13, 11.75, 12.75, 11.5], "texture": "#1"},
				"down": {"uv": [12, 12.75, 11.75, 13], "texture": "#1"}
			}
		},
		{
			"name": "WaffleCookerFrame15",
			"from": [12.875, 21.1, 14.1],
			"to": [13.675, 22.9, 14.9],
			"rotation": {"angle": 22.5, "axis": "x", "origin": [8, 14.5, 15.5]},
			"faces": {
				"north": {"uv": [0.75, 12.5, 1, 13], "texture": "#1"},
				"east": {"uv": [1, 12.5, 1.25, 13], "texture": "#1"},
				"south": {"uv": [12.5, 1, 12.75, 1.5], "texture": "#1"},
				"west": {"uv": [1.25, 12.5, 1.5, 13], "texture": "#1"},
				"up": {"uv": [13, 11.5, 12.75, 11.25], "texture": "#1"},
				"down": {"uv": [11.75, 12.75, 11.5, 13], "texture": "#1"}
			}
		},
		{
			"name": "WaffleCookerFrame17",
			"from": [12.875, 28.225, 14.1],
			"to": [13.675, 29.025, 14.9],
			"rotation": {"angle": 22.5, "axis": "x", "origin": [8, 14.5, 15.5]},
			"faces": {
				"north": {"uv": [12.75, 10.5, 13, 10.75], "texture": "#1"},
				"east": {"uv": [10.75, 12.75, 11, 13], "texture": "#1"},
				"south": {"uv": [12.75, 10.75, 13, 11], "texture": "#1"},
				"west": {"uv": [11, 12.75, 11.25, 13], "texture": "#1"},
				"up": {"uv": [13, 11.25, 12.75, 11], "texture": "#1"},
				"down": {"uv": [11.5, 12.75, 11.25, 13], "texture": "#1"}
			}
		},
		{
			"name": "WaffleCookerFrame11",
			"from": [10, 22, 14],
			"to": [12, 23, 15],
			"rotation": {"angle": 22.5, "axis": "x", "origin": [8, 14.5, 15.5]},
			"faces": {
				"north": {"uv": [12.25, 9, 12.75, 9.25], "texture": "#1"},
				"east": {"uv": [12.75, 7.5, 13, 7.75], "texture": "#1"},
				"south": {"uv": [12.25, 9.25, 12.75, 9.5], "texture": "#1"},
				"west": {"uv": [7.75, 12.75, 8, 13], "texture": "#1"},
				"up": {"uv": [10, 12.5, 9.5, 12.25], "texture": "#1"},
				"down": {"uv": [12.75, 9.5, 12.25, 9.75], "texture": "#1"}
			}
		},
		{
			"name": "WaffleCookerFrame12",
			"from": [7, 22, 14],
			"to": [9, 23, 15],
			"rotation": {"angle": 22.5, "axis": "x", "origin": [8, 14.5, 15.5]},
			"faces": {
				"north": {"uv": [12.25, 8.25, 12.75, 8.5], "texture": "#1"},
				"east": {"uv": [12.75, 7.25, 13, 7.5], "texture": "#1"},
				"south": {"uv": [8.5, 12.25, 9, 12.5], "texture": "#1"},
				"west": {"uv": [7.5, 12.75, 7.75, 13], "texture": "#1"},
				"up": {"uv": [12.75, 8.75, 12.25, 8.5], "texture": "#1"},
				"down": {"uv": [9.5, 12.25, 9, 12.5], "texture": "#1"}
			}
		},
		{
			"name": "WaffleCookerFrame13",
			"from": [4, 22, 14],
			"to": [6, 23, 15],
			"rotation": {"angle": 22.5, "axis": "x", "origin": [8, 14.5, 15.5]},
			"faces": {
				"north": {"uv": [12.25, 7.5, 12.75, 7.75], "texture": "#1"},
				"east": {"uv": [12.75, 7, 13, 7.25], "texture": "#1"},
				"south": {"uv": [12.25, 7.75, 12.75, 8], "texture": "#1"},
				"west": {"uv": [7.25, 12.75, 7.5, 13], "texture": "#1"},
				"up": {"uv": [8.5, 12.5, 8, 12.25], "texture": "#1"},
				"down": {"uv": [12.75, 8, 12.25, 8.25], "texture": "#1"}
			}
		},
		{
			"name": "WaffleCookerFrame12",
			"from": [10, 21, 14],
			"to": [12, 22, 15],
			"rotation": {"angle": 22.5, "axis": "x", "origin": [8, 14.5, 15.5]},
			"faces": {
				"north": {"uv": [12.25, 11, 12.75, 11.25], "texture": "#1"},
				"east": {"uv": [12.75, 8.25, 13, 8.5], "texture": "#1"},
				"south": {"uv": [12.25, 11.25, 12.75, 11.5], "texture": "#1"},
				"west": {"uv": [8.5, 12.75, 8.75, 13], "texture": "#1"},
				"up": {"uv": [12, 12.5, 11.5, 12.25], "texture": "#1"},
				"down": {"uv": [12.75, 11.5, 12.25, 11.75], "texture": "#1"}
			}
		},
		{
			"name": "WaffleCookerFrame13",
			"from": [7, 21, 14],
			"to": [9, 22, 15],
			"rotation": {"angle": 22.5, "axis": "x", "origin": [8, 14.5, 15.5]},
			"faces": {
				"north": {"uv": [10.5, 12.25, 11, 12.5], "texture": "#1"},
				"east": {"uv": [12.75, 8, 13, 8.25], "texture": "#1"},
				"south": {"uv": [12.25, 10.5, 12.75, 10.75], "texture": "#1"},
				"west": {"uv": [8.25, 12.75, 8.5, 13], "texture": "#1"},
				"up": {"uv": [12.75, 11, 12.25, 10.75], "texture": "#1"},
				"down": {"uv": [11.5, 12.25, 11, 12.5], "texture": "#1"}
			}
		},
		{
			"name": "WaffleCookerFrame14",
			"from": [4, 21, 14],
			"to": [6, 22, 15],
			"rotation": {"angle": 22.5, "axis": "x", "origin": [8, 14.5, 15.5]},
			"faces": {
				"north": {"uv": [12.25, 9.75, 12.75, 10], "texture": "#1"},
				"east": {"uv": [12.75, 7.75, 13, 8], "texture": "#1"},
				"south": {"uv": [10, 12.25, 10.5, 12.5], "texture": "#1"},
				"west": {"uv": [8, 12.75, 8.25, 13], "texture": "#1"},
				"up": {"uv": [12.75, 10.25, 12.25, 10], "texture": "#1"},
				"down": {"uv": [12.75, 10.25, 12.25, 10.5], "texture": "#1"}
			}
		},
		{
			"name": "WaffleCookerFrame5",
			"from": [13, 18, 14],
			"to": [14, 30, 15],
			"rotation": {"angle": 22.5, "axis": "x", "origin": [8, 14.5, 15.5]},
			"faces": {
				"north": {"uv": [5, 8.75, 5.25, 11.75], "texture": "#1"},
				"east": {"uv": [5.25, 8.75, 5.5, 11.75], "texture": "#1"},
				"south": {"uv": [5.5, 8.75, 5.75, 11.75], "texture": "#1"},
				"west": {"uv": [5.75, 8.75, 6, 11.75], "texture": "#1"},
				"up": {"uv": [13, 2.25, 12.75, 2], "texture": "#1"},
				"down": {"uv": [13, 2.25, 12.75, 2.5], "texture": "#1"}
			}
		},
		{
			"name": "WaffleCookerFrame6",
			"from": [2, 18, 14],
			"to": [3, 30, 15],
			"rotation": {"angle": 22.5, "axis": "x", "origin": [8, 14.5, 15.5]},
			"faces": {
				"north": {"uv": [8.5, 9, 8.75, 12], "texture": "#1"},
				"east": {"uv": [8.75, 9, 9, 12], "texture": "#1"},
				"south": {"uv": [9, 9, 9.25, 12], "texture": "#1"},
				"west": {"uv": [0, 9.25, 0.25, 12.25], "texture": "#1"},
				"up": {"uv": [13, 2.75, 12.75, 2.5], "texture": "#1"},
				"down": {"uv": [13, 2.75, 12.75, 3], "texture": "#1"}
			}
		},
		{
			"name": "LowerHinge",
			"from": [2.8, 15.8, 15.3],
			"to": [5.2, 17.2, 16.7],
			"rotation": {"angle": 0, "axis": "y", "origin": [0, -2, 16]},
			"faces": {
				"north": {"uv": [11.75, 9, 12.25, 9.25], "texture": "#1"},
				"east": {"uv": [12.75, 0, 13, 0.25], "texture": "#1"},
				"south": {"uv": [11.75, 9.25, 12.25, 9.5], "texture": "#1"},
				"west": {"uv": [12.75, 0.25, 13, 0.5], "texture": "#1"},
				"up": {"uv": [10, 12, 9.5, 11.75], "texture": "#1"},
				"down": {"uv": [12.25, 9.5, 11.75, 9.75], "texture": "#1"}
			}
		},
		{
			"name": "LowerHinge",
			"from": [10.8, 15.8, 15.3],
			"to": [13.2, 17.2, 16.7],
			"rotation": {"angle": 0, "axis": "y", "origin": [16, -2, 16]},
			"faces": {
				"north": {"uv": [11.75, 9.75, 12.25, 10], "texture": "#1"},
				"east": {"uv": [12.75, 0.5, 13, 0.75], "texture": "#1"},
				"south": {"uv": [11.75, 10, 12.25, 10.25], "texture": "#1"},
				"west": {"uv": [12.75, 0.75, 13, 1], "texture": "#1"},
				"up": {"uv": [12.25, 10.5, 11.75, 10.25], "texture": "#1"},
				"down": {"uv": [12.25, 10.5, 11.75, 10.75], "texture": "#1"}
			}
		},
		{
			"name": "LowerHinge",
			"from": [10.9, 16.9, 15.55],
			"to": [13.1, 18.1, 16.75],
			"rotation": {"angle": 22.5, "axis": "x", "origin": [8, 17.5, 16]},
			"faces": {
				"north": {"uv": [11.75, 11.5, 12.25, 11.75], "texture": "#1"},
				"east": {"uv": [12.75, 1.5, 13, 1.75], "texture": "#1"},
				"south": {"uv": [11.75, 11.75, 12.25, 12], "texture": "#1"},
				"west": {"uv": [12.75, 1.75, 13, 2], "texture": "#1"},
				"up": {"uv": [12.5, 3.25, 12, 3], "texture": "#1"},
				"down": {"uv": [12.5, 3.25, 12, 3.5], "texture": "#1"}
			}
		},
		{
			"name": "LowerHinge",
			"from": [2.9, 16.95, 15.55],
			"to": [5.1, 18.15, 16.75],
			"rotation": {"angle": 22.5, "axis": "x", "origin": [8, 17.5, 16]},
			"faces": {
				"north": {"uv": [10.75, 11.75, 11.25, 12], "texture": "#1"},
				"east": {"uv": [12.75, 1, 13, 1.25], "texture": "#1"},
				"south": {"uv": [11.75, 10.75, 12.25, 11], "texture": "#1"},
				"west": {"uv": [12.75, 1.25, 13, 1.5], "texture": "#1"},
				"up": {"uv": [12.25, 11.25, 11.75, 11], "texture": "#1"},
				"down": {"uv": [12.25, 11.25, 11.75, 11.5], "texture": "#1"}
			}
		},
		{
			"name": "WaffleCookerFrame5",
			"from": [1, 11, 0],
			"to": [3, 12, 2],
			"rotation": {"angle": 0, "axis": "y", "origin": [0, -2, 16]},
			"faces": {
				"north": {"uv": [11.75, 7.75, 12.25, 8], "texture": "#1"},
				"east": {"uv": [11.75, 8, 12.25, 8.25], "texture": "#1"},
				"south": {"uv": [11.75, 8.25, 12.25, 8.5], "texture": "#1"},
				"west": {"uv": [11.75, 8.5, 12.25, 8.75], "texture": "#1"},
				"up": {"uv": [11.5, 8, 11, 7.5], "texture": "#1"},
				"down": {"uv": [11.5, 8, 11, 8.5], "texture": "#1"}
			}
		},
		{
			"name": "WaffleCookerFrame6",
			"from": [13, 11, 0],
			"to": [15, 12, 2],
			"rotation": {"angle": 0, "axis": "y", "origin": [0, -2, 16]},
			"faces": {
				"north": {"uv": [7, 11.75, 7.5, 12], "texture": "#1"},
				"east": {"uv": [11.75, 7, 12.25, 7.25], "texture": "#1"},
				"south": {"uv": [11.75, 7.25, 12.25, 7.5], "texture": "#1"},
				"west": {"uv": [11.75, 7.5, 12.25, 7.75], "texture": "#1"},
				"up": {"uv": [1.25, 11.5, 0.75, 11], "texture": "#1"},
				"down": {"uv": [1.75, 11, 1.25, 11.5], "texture": "#1"}
			}
		},
		{
			"name": "WaffleCookerFrame7",
			"from": [13, 11, 14],
			"to": [15, 12, 16],
			"rotation": {"angle": 0, "axis": "y", "origin": [0, -2, 16]},
			"faces": {
				"north": {"uv": [11.75, 6, 12.25, 6.25], "texture": "#1"},
				"east": {"uv": [11.75, 6.25, 12.25, 6.5], "texture": "#1"},
				"south": {"uv": [11.75, 6.5, 12.25, 6.75], "texture": "#1"},
				"west": {"uv": [11.75, 6.75, 12.25, 7], "texture": "#1"},
				"up": {"uv": [11.25, 11, 10.75, 10.5], "texture": "#1"},
				"down": {"uv": [0.75, 11, 0.25, 11.5], "texture": "#1"}
			}
		},
		{
			"name": "WaffleCookerFrame8",
			"from": [1, 11, 14],
			"to": [3, 12, 16],
			"rotation": {"angle": 0, "axis": "y", "origin": [0, -2, 16]},
			"faces": {
				"north": {"uv": [11.75, 4, 12.25, 4.25], "texture": "#1"},
				"east": {"uv": [4.25, 11.75, 4.75, 12], "texture": "#1"},
				"south": {"uv": [4.75, 11.75, 5.25, 12], "texture": "#1"},
				"west": {"uv": [5.25, 11.75, 5.75, 12], "texture": "#1"},
				"up": {"uv": [11.25, 3.5, 10.75, 3], "texture": "#1"},
				"down": {"uv": [11.25, 10, 10.75, 10.5], "texture": "#1"}
			}
		}
	],
		"display": {
		"firstperson_righthand": {
			"translation": [0, -2, 0],
			"rotation": [15, 135, 0 ],
			"scale": [0.5, 0.5, 0.5]
		},
		"gui": {
			"translation": [0, -2, 0],
			"rotation": [45, 135, 0 ],
			"scale": [0.5, 0.5, 0.5]
		},
		"firstperson_lefthand": {
			"translation": [0, -2, 0],
			"scale": [0.5, 0.5, 0.5]
		},
		"thirdperson_righthand": {
			"translation": [0, -2, 0],
			"rotation": [15, 0, 0 ],
			"scale": [0.5, 0.5, 0.5]
		},
		"thirdperson_lefthand": {
			"translation": [0, -2, 0],
			"scale": [0.5, 0.5, 0.5]
		},
		"ground": {

			"scale": [0.5, 0.5, 0.5]			
		},
		"fixed": {
			"translation": [0, -1.5, 0],
			"scale": [1, 1, 1]
		},
		"head": {
			"translation": [0, 1.5, 0]
		}
	},
	"groups": [0, 1, 2, 3, 4, 5, 6, 7, 8, 9, 10, 11, 12, 13, 14,
		{
			"name": "Waffle",
			"origin": [16, 0, 0],
			"color": 0,
			"children": [15, 16, 17, 18, 19, 20, 21, 22, 23]
		},
		{
			"name": "WaffleCooker",
			"origin": [0, 0, 16],
			"color": 0,
			"children": [24, 25, 26, 27, 28, 29, 30, 31, 32, 33, 34, 35, 36, 37, 38, 39, 40, 41, 42, 43, 44, 45, 46, 47, 48, 49, 50, 51, 52, 53, 54, 55, 56, 57, 58, 59, 60, 61, 62, 63, 64, 65, 66, 67, 68, 69, 70, 71, 72]
		}
	]
}