{
	"credit": "Made by LiteHorizon using Blockbench",
	"texture_size": [64, 64],
	"textures": {
		"2": "custom:item/hermitcraft/season_8/idimpy_bar",
		"particle": "custom:item/hermitcraft/season_8/idimpy_bar"
	},
	"elements": [
		{
			"from": [0.5, 0.8, 4],
			"to": [15.5, 1, 12],
			"rotation": {"angle": 0, "axis": "y", "origin": [8, 0.7, 8]},
			"faces": {
				"north": {"uv": [4, 6.75, 7.75, 6.79688], "texture": "#2"},
				"east": {"uv": [7.5, 4.25, 9.5, 4.29688], "texture": "#2"},
				"south": {"uv": [0, 7, 3.75, 7.04688], "texture": "#2"},
				"west": {"uv": [7.5, 4.5, 9.5, 4.54688], "texture": "#2"},
				"up": {"uv": [3.75, 6, 0, 4], "texture": "#2"},
				"down": {"uv": [7.75, 0, 4, 2], "texture": "#2"}
			}
		},
		{
			"from": [0.5, 1, 3.8],
			"to": [15.5, 2, 4],
			"rotation": {"angle": 0, "axis": "y", "origin": [8, 0.7, 8]},
			"faces": {
				"north": {"uv": [0, 6.25, 3.75, 6.5], "texture": "#2"},
				"east": {"uv": [7.5, 5.25, 7.54688, 5.5], "texture": "#2"},
				"south": {"uv": [3.75, 6.25, 7.5, 6.5], "texture": "#2"},
				"west": {"uv": [7.5, 5.5, 7.54688, 5.75], "texture": "#2"},
				"up": {"uv": [7.5, 7.04688, 3.75, 7], "texture": "#2"},
				"down": {"uv": [3.75, 7.25, 0, 7.29688], "texture": "#2"}
			}
		},
		{
			"from": [0.5, 1, 12],
			"to": [15.5, 2, 12.2],
			"rotation": {"angle": 0, "axis": "y", "origin": [8, 0.7, 8]},
			"faces": {
				"north": {"uv": [0, 6.5, 3.75, 6.75], "texture": "#2"},
				"east": {"uv": [7.5, 5.75, 7.54688, 6], "texture": "#2"},
				"south": {"uv": [3.75, 6.5, 7.5, 6.75], "texture": "#2"},
				"west": {"uv": [7.5, 6.25, 7.54688, 6.5], "texture": "#2"},
				"up": {"uv": [7.5, 7.29688, 3.75, 7.25], "texture": "#2"},
				"down": {"uv": [3.75, 7.5, 0, 7.54688], "texture": "#2"}
			}
		},
		{
			"from": [0.5, 2, 4],
			"to": [15.5, 2.2, 12],
			"rotation": {"angle": 0, "axis": "y", "origin": [8, 0.7, 8]},
			"faces": {
				"north": {"uv": [3.75, 7.5, 7.5, 7.54688], "texture": "#2"},
				"east": {"uv": [7.5, 4.75, 9.5, 4.79688], "texture": "#2"},
				"south": {"uv": [7.5, 4, 11.25, 4.04688], "texture": "#2"},
				"west": {"uv": [7.5, 5, 9.5, 5.04688], "texture": "#2"},
				"up": {"uv": [7.75, 4, 4, 2], "texture": "#2"},
				"down": {"uv": [7.5, 4, 3.75, 6], "texture": "#2"}
			}
		},
		{
			"from": [0, 1, 4],
			"to": [16, 2, 12],
			"rotation": {"angle": 0, "axis": "y", "origin": [8, 0.7, 8]},
			"faces": {
				"north": {"uv": [0, 6, 4, 6.25], "texture": "#2"},
				"east": {"uv": [0, 6.75, 2, 7], "texture": "#2"},
				"south": {"uv": [4, 6, 8, 6.25], "texture": "#2"},
				"west": {"uv": [2, 6.75, 4, 7], "texture": "#2"},
				"up": {"uv": [4, 2, 0, 0], "texture": "#2"},
				"down": {"uv": [4, 2, 0, 4], "texture": "#2"}
			}
		}
	],
	"display": {
		"thirdperson_righthand": {
			"translation": [0, 3.25, -0.5],
			"scale": [0.5, 0.5, 0.5]
		},
		"thirdperson_lefthand": {
			"translation": [0, 3.25, -0.5],
			"scale": [0.5, 0.5, 0.5]
		},
		"firstperson_righthand": {
			"rotation": [-47, 0, 61],
			"translation": [-1.75, 4.75, 0],
			"scale": [0.5, 0.5, 0.5]
		},
		"firstperson_lefthand": {
			"rotation": [-47, 0, 61],
			"translation": [-1.75, 4.75, 0],
			"scale": [0.5, 0.5, 0.5]
		},
		"ground": {
			"translation": [0, 2.75, 0],
			"scale": [0.5, 0.5, 0.5]
		},
		"gui": {
			"rotation": [100, 110, -6],
			"translation": [-0.25, -0.25, 0],
			"scale": [0.8, 0.8, 0.8]
		},
		"head": {
			"rotation": [-90, 0, 0],
			"translation": [0, 10.5, -7.5]
		},
		"fixed": {
			"rotation": [-90, 0, 0],
			"translation": [0, 0, -7.25]
		}
	},
	"groups": [
		{
			"name": "group",
			"origin": [0, 0, 0],
			"color": 0,
			"children": [0, 1, 2, 3, 4]
		}
	]
}