{
	"credit": "Made with Blockbench",
	"parent": "minecraft:item/carved_pumpkin",
	"texture_size": [32, 32],
	"textures": {
		"2": "custom:item/hermitcraft/season_8/minipumpkindude"
	},
	"elements": [
		{
			"from": [5.5, 14.5, 5],
			"to": [12.5, 21.5, 12],
			"rotation": {"angle": 22.5, "axis": "z", "origin": [8, 0, 8]},
			"faces": {
				"north": {"uv": [0, 0, 3.5, 3.5], "texture": "#2"},
				"east": {"uv": [0, 3.5, 3.5, 7], "texture": "#2"},
				"south": {"uv": [3.5, 0, 7, 3.5], "texture": "#2"},
				"west": {"uv": [3.5, 3.5, 7, 7], "texture": "#2"},
				"up": {"uv": [3.5, 10.5, 0, 7], "texture": "#2"},
				"down": {"uv": [10.5, 0, 7, 3.5], "texture": "#2"}
			}
		},
		{
			"from": [-4, 9, 8],
			"to": [-3, 14, 9],
			"rotation": {"angle": 45, "axis": "z", "origin": [0, 15, 8]},
			"faces": {
				"north": {"uv": [3.5, 7, 4, 9.5], "texture": "#2"},
				"east": {"uv": [7, 3.5, 7.5, 6], "texture": "#2"},
				"south": {"uv": [4, 7, 4.5, 9.5], "texture": "#2"},
				"west": {"uv": [4.5, 7, 5, 9.5], "texture": "#2"},
				"up": {"uv": [8, 5.5, 7.5, 5], "texture": "#2"},
				"down": {"uv": [8, 5.5, 7.5, 6], "texture": "#2"}
			}
		},
		{
			"from": [-4, 14, 8],
			"to": [0, 15, 9],
			"rotation": {"angle": 45, "axis": "z", "origin": [0, 15, 8]},
			"faces": {
				"north": {"uv": [5, 7, 7, 7.5], "texture": "#2"},
				"east": {"uv": [8, 5, 8.5, 5.5], "texture": "#2"},
				"south": {"uv": [7, 6, 9, 6.5], "texture": "#2"},
				"west": {"uv": [8, 5.5, 8.5, 6], "texture": "#2"},
				"up": {"uv": [9, 7, 7, 6.5], "texture": "#2"},
				"down": {"uv": [9, 7, 7, 7.5], "texture": "#2"}
			}
		},
		{
			"from": [6, 14, 8],
			"to": [10, 15, 9],
			"rotation": {"angle": 45, "axis": "z", "origin": [0, 15, 8]},
			"faces": {
				"north": {"uv": [7.5, 3.5, 9.5, 4], "texture": "#2"},
				"east": {"uv": [6, 8, 6.5, 8.5], "texture": "#2"},
				"south": {"uv": [7.5, 4, 9.5, 4.5], "texture": "#2"},
				"west": {"uv": [6.5, 8, 7, 8.5], "texture": "#2"},
				"up": {"uv": [9.5, 5, 7.5, 4.5], "texture": "#2"},
				"down": {"uv": [7, 7.5, 5, 8], "texture": "#2"}
			}
		},
		{
			"from": [11.5, 17, 8.2],
			"to": [12, 18.5, 8.7],
			"rotation": {"angle": 45, "axis": "z", "origin": [0, 15, 8]},
			"faces": {
				"north": {"uv": [8, 9, 8.25, 9.75], "texture": "#2"},
				"east": {"uv": [9, 8, 9.25, 8.75], "texture": "#2"},
				"south": {"uv": [8.5, 9, 8.75, 9.75], "texture": "#2"},
				"west": {"uv": [9, 9, 9.25, 9.75], "texture": "#2"},
				"up": {"uv": [3.75, 9.75, 3.5, 9.5], "texture": "#2"},
				"down": {"uv": [9.75, 3.5, 9.5, 3.75], "texture": "#2"}
			}
		},
		{
			"from": [3, 27, 8.2],
			"to": [3.5, 29, 8.7],
			"rotation": {"angle": -22.5, "axis": "z", "origin": [0, 15, 8]},
			"faces": {
				"north": {"uv": [8, 7.5, 8.25, 8.5], "texture": "#2"},
				"east": {"uv": [8.5, 5, 8.75, 6], "texture": "#2"},
				"south": {"uv": [6, 8.5, 6.25, 9.5], "texture": "#2"},
				"west": {"uv": [6.5, 8.5, 6.75, 9.5], "texture": "#2"},
				"up": {"uv": [4.25, 9.75, 4, 9.5], "texture": "#2"},
				"down": {"uv": [9.75, 4, 9.5, 4.25], "texture": "#2"}
			}
		},
		{
			"from": [6.78, 21.4, 8],
			"to": [7.78, 25.4, 9],
			"faces": {
				"north": {"uv": [7, 7.5, 7.5, 9.5], "texture": "#2"},
				"east": {"uv": [7.5, 7.5, 8, 9.5], "texture": "#2"},
				"south": {"uv": [5, 8, 5.5, 10], "texture": "#2"},
				"west": {"uv": [5.5, 8, 6, 10], "texture": "#2"},
				"up": {"uv": [9, 8, 8.5, 7.5], "texture": "#2"},
				"down": {"uv": [8.5, 8.5, 8, 9], "texture": "#2"}
			}
		},
		{
			"from": [7, 25.4, 8.2],
			"to": [7.5, 27.4, 8.7],
			"faces": {
				"north": {"uv": [8.5, 8, 8.75, 9], "texture": "#2"},
				"east": {"uv": [9, 5, 9.25, 6], "texture": "#2"},
				"south": {"uv": [9, 6, 9.25, 7], "texture": "#2"},
				"west": {"uv": [9, 7, 9.25, 8], "texture": "#2"},
				"up": {"uv": [4.75, 9.75, 4.5, 9.5], "texture": "#2"},
				"down": {"uv": [9.75, 4.5, 9.5, 4.75], "texture": "#2"}
			}
		}
	],
	"display": {
		"thirdperson_righthand": {
			"rotation": [50, 0, 0],
			"translation": [3, 0, -0.5],
			"scale": [0.5, 0.5, 0.5]
		},
		"thirdperson_lefthand": {
			"rotation": [50, 0, 0],
			"translation": [-3, 0, 0],
			"scale": [0.5, 0.5, 0.5]
		},
		"firstperson_righthand": {
			"rotation": [-10, 115, 0 ],
			"scale": [0.5, 0.5, 0.5]
		},
		"firstperson_lefthand": {
			"scale": [0.5, 0.5, 0.5]
		},
		"ground": {
			"scale": [0.5, 0.5, 0.5]
		},
		"gui": {
			"rotation": [0, -180, 0],
			"translation": [-5.5, -9.25, 0]
		},
		"fixed": {
			"translation": [5.75, -9.25, -1]
		}
	},
	"groups": [
		{
			"name": "hat",
			"origin": [0, 16, 0],
			"rotation": [2.5, 0, -2.5],
			"color": 0,
			"children": [0, 1, 2, 3, 4, 5, 6, 7]
		}
	]
}