{
	"credit": "Made with Blockbench",
	"parent": "custom:item/hermitcraft/season_8/scarhat",
	"texture_size": [128, 128],
	"textures": {
		"1": "custom:item/hermitcraft/season_8/scarhatmini"
	},
	"elements": [
		{
			"from": [3, 13.65, -2],
			"to": [13, 14.65, -1],
			"rotation": {"angle": 0, "axis": "y", "origin": [0, -1, 0]},
			"faces": {
				"north": {"uv": [6.875, 4.125, 8.125, 4.25], "texture": "#1"},
				"east": {"uv": [6, 6.875, 6.125, 7], "texture": "#1"},
				"south": {"uv": [6.75, 6.875, 8, 7], "texture": "#1"},
				"west": {"uv": [6.125, 6.875, 6.25, 7], "texture": "#1"},
				"up": {"uv": [8.25, 0.125, 7, 0], "texture": "#1"},
				"down": {"uv": [8.25, 0.125, 7, 0.25], "texture": "#1"}
			}
		},
		{
			"from": [1, 13.65, 16],
			"to": [15, 14.65, 17],
			"rotation": {"angle": 0, "axis": "y", "origin": [0, -1, 0]},
			"faces": {
				"north": {"uv": [6.75, 2, 8.5, 2.125], "texture": "#1"},
				"east": {"uv": [7, 1.25, 7.125, 1.375], "texture": "#1"},
				"south": {"uv": [6.75, 2.125, 8.5, 2.25], "texture": "#1"},
				"west": {"uv": [7, 1.375, 7.125, 1.5], "texture": "#1"},
				"up": {"uv": [8.5, 2.375, 6.75, 2.25], "texture": "#1"},
				"down": {"uv": [8.5, 2.375, 6.75, 2.5], "texture": "#1"}
			}
		},
		{
			"from": [0, 13.65, 0],
			"to": [16, 14.65, 16],
			"rotation": {"angle": 0, "axis": "y", "origin": [0, -1, 0]},
			"faces": {
				"north": {"uv": [6, 4.625, 8, 4.75], "texture": "#1"},
				"east": {"uv": [6.25, 4.25, 8.25, 4.375], "texture": "#1"},
				"south": {"uv": [6.25, 4.375, 8.25, 4.5], "texture": "#1"},
				"west": {"uv": [6.25, 4.5, 8.25, 4.625], "texture": "#1"},
				"up": {"uv": [2, 2, 0, 0], "texture": "#1"},
				"down": {"uv": [2, 2, 0, 4], "texture": "#1"}
			}
		},
		{
			"from": [1, 13.65, -1],
			"to": [15, 14.65, 0],
			"rotation": {"angle": 0, "axis": "y", "origin": [0, -1, 0]},
			"faces": {
				"north": {"uv": [6.75, 6.25, 8.5, 6.375], "texture": "#1"},
				"east": {"uv": [7, 1.5, 7.125, 1.625], "texture": "#1"},
				"south": {"uv": [6.75, 6.375, 8.5, 6.5], "texture": "#1"},
				"west": {"uv": [7, 1.625, 7.125, 1.75], "texture": "#1"},
				"up": {"uv": [8.5, 6.625, 6.75, 6.5], "texture": "#1"},
				"down": {"uv": [8.5, 6.625, 6.75, 6.75], "texture": "#1"}
			}
		},
		{
			"from": [-1.63562, 14.67037, 1],
			"to": [0.36438, 15.67037, 15],
			"rotation": {"angle": -22.5, "axis": "z", "origin": [-2.38268, 15.07612, 9]},
			"faces": {
				"north": {"uv": [5, 4.75, 5.25, 4.875], "texture": "#1"},
				"east": {"uv": [6.75, 6.75, 8.5, 6.875], "texture": "#1"},
				"south": {"uv": [5.25, 4.75, 5.5, 4.875], "texture": "#1"},
				"west": {"uv": [6.875, 3, 8.625, 3.125], "texture": "#1"},
				"up": {"uv": [0.25, 7.375, 0, 5.625], "texture": "#1"},
				"down": {"uv": [0.5, 5.625, 0.25, 7.375], "texture": "#1"}
			}
		},
		{
			"from": [-4.18606, 16.51788, 3],
			"to": [-2.18606, 17.51788, 13],
			"rotation": {"angle": -45, "axis": "z", "origin": [-4.55487, 15.05826, 9]},
			"faces": {
				"north": {"uv": [5.5, 3, 5.75, 3.125], "texture": "#1"},
				"east": {"uv": [7, 0.25, 8.25, 0.375], "texture": "#1"},
				"south": {"uv": [5.5, 3.125, 5.75, 3.25], "texture": "#1"},
				"west": {"uv": [7, 0.375, 8.25, 0.5], "texture": "#1"},
				"up": {"uv": [6.5, 7.5, 6.25, 6.25], "texture": "#1"},
				"down": {"uv": [6.75, 0, 6.5, 1.25], "texture": "#1"}
			}
		},
		{
			"from": [15.63562, 14.67037, 1],
			"to": [17.63562, 15.67037, 15],
			"rotation": {"angle": 22.5, "axis": "z", "origin": [18.38268, 15.07612, 9]},
			"faces": {
				"north": {"uv": [5.75, 3, 6, 3.125], "texture": "#1"},
				"east": {"uv": [6.875, 3.125, 8.625, 3.25], "texture": "#1"},
				"south": {"uv": [5.75, 3.125, 6, 3.25], "texture": "#1"},
				"west": {"uv": [6.875, 3.25, 8.625, 3.375], "texture": "#1"},
				"up": {"uv": [0.75, 7.375, 0.5, 5.625], "texture": "#1"},
				"down": {"uv": [1, 5.625, 0.75, 7.375], "texture": "#1"}
			}
		},
		{
			"from": [18.18606, 16.51788, 3],
			"to": [20.18606, 17.51788, 13],
			"rotation": {"angle": 45, "axis": "z", "origin": [20.55487, 15.05826, 9]},
			"faces": {
				"north": {"uv": [5, 6.125, 5.25, 6.25], "texture": "#1"},
				"east": {"uv": [7, 0.5, 8.25, 0.625], "texture": "#1"},
				"south": {"uv": [5.25, 6.125, 5.5, 6.25], "texture": "#1"},
				"west": {"uv": [7, 0.625, 8.25, 0.75], "texture": "#1"},
				"up": {"uv": [6.75, 2.5, 6.5, 1.25], "texture": "#1"},
				"down": {"uv": [2.25, 6.5, 2, 7.75], "texture": "#1"}
			}
		},
		{
			"from": [3, 13.65, 17],
			"to": [13, 14.65, 18],
			"rotation": {"angle": 0, "axis": "y", "origin": [0, -1, 0]},
			"faces": {
				"north": {"uv": [7, 0.75, 8.25, 0.875], "texture": "#1"},
				"east": {"uv": [7, 1.75, 7.125, 1.875], "texture": "#1"},
				"south": {"uv": [7, 0.875, 8.25, 1], "texture": "#1"},
				"west": {"uv": [7, 1.875, 7.125, 2], "texture": "#1"},
				"up": {"uv": [8.25, 1.125, 7, 1], "texture": "#1"},
				"down": {"uv": [8.25, 1.125, 7, 1.25], "texture": "#1"}
			}
		},
		{
			"from": [2.99, 14.54, 2.99],
			"to": [13.01, 27.56, 13.01],
			"rotation": {"angle": 0, "axis": "y", "origin": [0, -1, 0]},
			"faces": {
				"north": {"uv": [2, 0, 3.25, 1.625], "texture": "#1"},
				"east": {"uv": [2, 1.625, 3.25, 3.25], "texture": "#1"},
				"south": {"uv": [3.25, 0, 4.5, 1.625], "texture": "#1"},
				"west": {"uv": [3.25, 1.625, 4.5, 3.25], "texture": "#1"},
				"up": {"uv": [4.25, 6.125, 3, 4.875], "texture": "#1"},
				"down": {"uv": [5.5, 4.875, 4.25, 6.125], "texture": "#1"}
			}
		},
		{
			"from": [4, 14.54681, 12],
			"to": [12, 27.54681, 14],
			"rotation": {"angle": 0, "axis": "y", "origin": [0, -1, 15.5]},
			"faces": {
				"north": {"uv": [2, 3.25, 3, 4.875], "texture": "#1"},
				"east": {"uv": [1, 5.625, 1.25, 7.25], "texture": "#1"},
				"south": {"uv": [3, 3.25, 4, 4.875], "texture": "#1"},
				"west": {"uv": [1.25, 5.625, 1.5, 7.25], "texture": "#1"},
				"up": {"uv": [7.5, 2.75, 6.5, 2.5], "texture": "#1"},
				"down": {"uv": [7.5, 2.75, 6.5, 3], "texture": "#1"}
			}
		},
		{
			"from": [4.01, 20.61128, 13.2017],
			"to": [11.99, 26.59128, 15.1817],
			"rotation": {"angle": 22.5, "axis": "x", "origin": [7.99, 25.04223, 15.97261]},
			"faces": {
				"north": {"uv": [5, 3.25, 6, 4], "texture": "#1"},
				"east": {"uv": [4.25, 6.75, 4.5, 7.5], "texture": "#1"},
				"south": {"uv": [5, 4, 6, 4.75], "texture": "#1"},
				"west": {"uv": [4.5, 6.75, 4.75, 7.5], "texture": "#1"},
				"up": {"uv": [7.5, 5, 6.5, 4.75], "texture": "#1"},
				"down": {"uv": [7.5, 5, 6.5, 5.25], "texture": "#1"}
			}
		},
		{
			"from": [4, 14.54681, 2],
			"to": [12, 27.54681, 4],
			"rotation": {"angle": 0, "axis": "y", "origin": [0, -1, 0.5]},
			"faces": {
				"north": {"uv": [0, 4, 1, 5.625], "texture": "#1"},
				"east": {"uv": [1.5, 5.625, 1.75, 7.25], "texture": "#1"},
				"south": {"uv": [1, 4, 2, 5.625], "texture": "#1"},
				"west": {"uv": [1.75, 5.625, 2, 7.25], "texture": "#1"},
				"up": {"uv": [7.5, 5.5, 6.5, 5.25], "texture": "#1"},
				"down": {"uv": [7.5, 5.5, 6.5, 5.75], "texture": "#1"}
			}
		},
		{
			"from": [4.01, 20.61128, 0.8183],
			"to": [11.99, 26.59128, 2.7983],
			"rotation": {"angle": -22.5, "axis": "x", "origin": [7.99, 25.04223, 0.02739]},
			"faces": {
				"north": {"uv": [5.5, 0, 6.5, 0.75], "texture": "#1"},
				"east": {"uv": [4.75, 6.75, 5, 7.5], "texture": "#1"},
				"south": {"uv": [5.5, 0.75, 6.5, 1.5], "texture": "#1"},
				"west": {"uv": [6.875, 3.375, 7.125, 4.125], "texture": "#1"},
				"up": {"uv": [7.5, 6, 6.5, 5.75], "texture": "#1"},
				"down": {"uv": [7.5, 6, 6.5, 6.25], "texture": "#1"}
			}
		},
		{
			"from": [2, 14.525, 4],
			"to": [4, 27.525, 12],
			"rotation": {"angle": 0, "axis": "y", "origin": [0.6, -1, 0]},
			"faces": {
				"north": {"uv": [6, 3, 6.25, 4.625], "texture": "#1"},
				"east": {"uv": [4, 3.25, 5, 4.875], "texture": "#1"},
				"south": {"uv": [3, 6.125, 3.25, 7.75], "texture": "#1"},
				"west": {"uv": [4.5, 0, 5.5, 1.625], "texture": "#1"},
				"up": {"uv": [2.5, 7.5, 2.25, 6.5], "texture": "#1"},
				"down": {"uv": [2.75, 6.5, 2.5, 7.5], "texture": "#1"}
			}
		},
		{
			"from": [0.87057, 20.95269, 4.01],
			"to": [2.85057, 26.93269, 11.99],
			"rotation": {"angle": 22.5, "axis": "z", "origin": [0.96656, 25.07065, 8]},
			"faces": {
				"north": {"uv": [5, 6.875, 5.25, 7.625], "texture": "#1"},
				"east": {"uv": [5.5, 1.5, 6.5, 2.25], "texture": "#1"},
				"south": {"uv": [5.25, 6.875, 5.5, 7.625], "texture": "#1"},
				"west": {"uv": [5.5, 2.25, 6.5, 3], "texture": "#1"},
				"up": {"uv": [3, 7.5, 2.75, 6.5], "texture": "#1"},
				"down": {"uv": [6.75, 6.25, 6.5, 7.25], "texture": "#1"}
			}
		},
		{
			"from": [12, 14.525, 4],
			"to": [14, 27.525, 12],
			"rotation": {"angle": 0, "axis": "y", "origin": [15.4, -1, 0]},
			"faces": {
				"north": {"uv": [3.25, 6.125, 3.5, 7.75], "texture": "#1"},
				"east": {"uv": [4.5, 1.625, 5.5, 3.25], "texture": "#1"},
				"south": {"uv": [3.5, 6.125, 3.75, 7.75], "texture": "#1"},
				"west": {"uv": [2, 4.875, 3, 6.5], "texture": "#1"},
				"up": {"uv": [7, 1, 6.75, 0], "texture": "#1"},
				"down": {"uv": [7, 1, 6.75, 2], "texture": "#1"}
			}
		},
		{
			"from": [13.14943, 20.95269, 4.01],
			"to": [15.12943, 26.93269, 11.99],
			"rotation": {"angle": -22.5, "axis": "z", "origin": [15.03344, 25.07065, 8]},
			"faces": {
				"north": {"uv": [5.5, 6.875, 5.75, 7.625], "texture": "#1"},
				"east": {"uv": [5.5, 4.75, 6.5, 5.5], "texture": "#1"},
				"south": {"uv": [5.75, 6.875, 6, 7.625], "texture": "#1"},
				"west": {"uv": [5.5, 5.5, 6.5, 6.25], "texture": "#1"},
				"up": {"uv": [4, 7.75, 3.75, 6.75], "texture": "#1"},
				"down": {"uv": [4.25, 6.75, 4, 7.75], "texture": "#1"}
			}
		},
		{
			"from": [-6, 16.2, 6],
			"to": [-1, 21.2, 11],
			"rotation": {"angle": 22.5, "axis": "z", "origin": [2.5, 29, 11.5]},
			"faces": {
				"north": {"uv": [3.75, 6.125, 4.375, 6.75], "texture": "#1"},
				"east": {"uv": [4.375, 6.125, 5, 6.75], "texture": "#1"},
				"south": {"uv": [6.25, 3, 6.875, 3.625], "texture": "#1"},
				"west": {"uv": [6.25, 3.625, 6.875, 4.25], "texture": "#1"},
				"up": {"uv": [5.625, 6.875, 5, 6.25], "texture": "#1"},
				"down": {"uv": [6.25, 6.25, 5.625, 6.875], "texture": "#1"}
			}
		}
	],
		"display": {
		"firstperson_righthand": {
			"translation": [0, -2, 0],
			"rotation": [15, 135, 0 ],
			"scale": [0.5, 0.5, 0.5]
		},
		"gui": {
			"translation": [0, -2, 0],
			"rotation": [45, 135, 0 ],
			"scale": [0.5, 0.5, 0.5]
		},
		"firstperson_lefthand": {
			"translation": [0, -2, 0],
			"scale": [0.5, 0.5, 0.5]
		},
		"thirdperson_righthand": {
			"translation": [0, -2, 0],
			"rotation": [15, 0, 0 ],
			"scale": [0.5, 0.5, 0.5]
		},
		"thirdperson_lefthand": {
			"translation": [0, -2, 0],
			"scale": [0.5, 0.5, 0.5]
		},
		"ground": {

			"scale": [0.5, 0.5, 0.5]			
		},
		"fixed": {
			"translation": [0, -12.25, 0],
			"scale": [1, 1, 1]
		},
		"head": {
			"translation": [0, 1.5, 0]
		}
	},
	"groups": [
		{
			"name": "hat",
			"origin": [0, 16, 0],
			"rotation": [2.5, 0, -2.5],
			"color": 0,
			"children": [
				{
					"name": "bottom",
					"origin": [0, 16, 0],
					"color": 0,
					"children": [0, 1, 2, 3,
						{
							"name": "bone",
							"origin": [-10, 15, 0],
							"rotation": [0, 0, -20],
							"color": 0,
							"children": [4,
								{
									"name": "bone2",
									"origin": [-12, 15, 0],
									"rotation": [0, 0, -20],
									"color": 0,
									"children": [5]
								}
							]
						},
						{
							"name": "bone",
							"origin": [-10, 15, 0],
							"rotation": [0, 0, -20],
							"color": 0,
							"children": [6,
								{
									"name": "bone2",
									"origin": [-12, 15, 0],
									"rotation": [0, 0, -20],
									"color": 0,
									"children": [7, 8]
								}
							]
						}
					]
				},
				{
					"name": "top",
					"origin": [0, 16, 0],
					"color": 0,
					"children": [9,
						{
							"name": "back",
							"origin": [0, 7.02181, 0.49952],
							"color": 0,
							"children": [10,
								{
									"name": "bone12",
									"origin": [0, 24.02181, -5.50048],
									"rotation": [-10, 0, 0],
									"color": 0,
									"children": [11]
								}
							]
						},
						{
							"name": "back",
							"origin": [0, 7.02181, 0.49952],
							"color": 0,
							"children": [12,
								{
									"name": "bone12",
									"origin": [0, 24.02181, -5.50048],
									"rotation": [-10, 0, 0],
									"color": 0,
									"children": [13]
								}
							]
						},
						{
							"name": "side_right",
							"origin": [0.6, -1, 0],
							"color": 0,
							"children": [14,
								{
									"name": "bone8",
									"origin": [-6, 27, 0],
									"rotation": [0, 0, 10],
									"color": 0,
									"children": [15]
								}
							]
						},
						{
							"name": "side_right",
							"origin": [0.6, -1, 0],
							"color": 0,
							"children": [16,
								{
									"name": "bone8",
									"origin": [-6, 27, 0],
									"rotation": [0, 0, 10],
									"color": 0,
									"children": [17]
								}
							]
						}
					]
				}, 18]
		}
	]
}