{"credit":"CJMoseley (Moselbop) for TangoTek","textures":{"1":"custom:item/hermitcraft/season_9/do/crown/riddlespikes","2":"custom:item/hermitcraft/season_9/do/crown/riddlecrowntop","4":"custom:item/hermitcraft/season_9/do/crown/riddlecrownmid","5":"custom:item/hermitcraft/season_9/do/crown/riddlecrownpart","6":"custom:item/hermitcraft/season_9/do/crown/riddlecrownpartbig","7":"custom:item/hermitcraft/season_9/do/crown/riddlecrownbase","particle":"custom:item/hermitcraft/season_9/do/crown/riddlecrowntop"},"elements":[{"from":[3,0,3],"to":[13,2,13],"faces":{"north":{"uv":[2.5,2.5,5,3],"texture":"#7"},"east":{"uv":[0,2.5,2.5,3],"texture":"#7"},"south":{"uv":[5,2.5,7.5,3],"texture":"#7"},"west":{"uv":[7.5,2.5,10,3],"texture":"#7"},"up":{"uv":[2.5,0,5,2.5],"texture":"#7"},"down":{"uv":[5,0,7.5,2.5],"texture":"#7"}}},{"from":[2,-0.0625,12],"to":[4,5.125,14],"rotation":{"angle":0,"axis":"y","origin":[3,3,13]},"faces":{"north":{"uv":[2,2,4,7],"texture":"#5"},"east":{"uv":[0,2,2,7],"texture":"#5"},"south":{"uv":[6,2,8,7],"texture":"#5"},"west":{"uv":[4,2,6,7],"texture":"#5"},"up":{"uv":[4,2,2,0],"texture":"#5"},"down":{"uv":[6,0,4,2],"texture":"#5"}}},{"from":[12,-0.0625,12],"to":[14,5.125,14],"faces":{"north":{"uv":[2,2,4,7],"texture":"#5"},"east":{"uv":[0,2,2,7],"texture":"#5"},"south":{"uv":[6,2,8,7],"texture":"#5"},"west":{"uv":[4,2,6,7],"texture":"#5"},"up":{"uv":[4,2,2,0],"texture":"#5"},"down":{"uv":[6,0,4,2],"texture":"#5"}}},{"from":[12,-0.0625,2],"to":[14,5.125,4],"faces":{"north":{"uv":[2,2,4,7],"texture":"#5"},"east":{"uv":[0,2,2,7],"texture":"#5"},"south":{"uv":[6,2,8,7],"texture":"#5"},"west":{"uv":[4,2,6,7],"texture":"#5"},"up":{"uv":[4,2,2,0],"texture":"#5"},"down":{"uv":[6,0,4,2],"texture":"#5"}}},{"from":[2,-0.0625,2],"to":[4,5.125,4],"faces":{"north":{"uv":[2,2,4,7],"texture":"#5"},"east":{"uv":[0,2,2,7],"texture":"#5"},"south":{"uv":[6,2,8,7],"texture":"#5"},"west":{"uv":[4,2,6,7],"texture":"#5"},"up":{"uv":[4,2,2,0],"texture":"#5"},"down":{"uv":[6,0,4,2],"texture":"#5"}}},{"from":[3.5,-0.0625,10.5],"to":[5.5,8,12.5],"rotation":{"angle":-45,"axis":"y","origin":[8,3,8]},"faces":{"north":{"uv":[2,2,4,10],"texture":"#6"},"east":{"uv":[0,2,2,10],"texture":"#6"},"south":{"uv":[6,2,8,10],"texture":"#6"},"west":{"uv":[4,2,6,10],"texture":"#6"},"up":{"uv":[4,2,2,0],"texture":"#6"},"down":{"uv":[6,0,4,2],"texture":"#6"}}},{"from":[10.5,-0.0625,10.5],"to":[12.5,8,12.5],"rotation":{"angle":-45,"axis":"y","origin":[8,3,8]},"faces":{"north":{"uv":[2,2,4,10],"texture":"#6"},"east":{"uv":[0,2,2,10],"texture":"#6"},"south":{"uv":[6,2,8,10],"texture":"#6"},"west":{"uv":[4,2,6,10],"texture":"#6"},"up":{"uv":[4,2,2,0],"texture":"#6"},"down":{"uv":[6,0,4,2],"texture":"#6"}}},{"from":[10.5,-0.0625,3.5],"to":[12.5,8,5.5],"rotation":{"angle":-45,"axis":"y","origin":[8,3,8]},"faces":{"north":{"uv":[2,2,4,10],"texture":"#6"},"east":{"uv":[0,2,2,10],"texture":"#6"},"south":{"uv":[6,2,8,10],"texture":"#6"},"west":{"uv":[4,2,6,10],"texture":"#6"},"up":{"uv":[4,2,2,0],"texture":"#6"},"down":{"uv":[6,0,4,2],"texture":"#6"}}},{"from":[3.5,-0.0625,3.5],"to":[5.5,8,5.5],"rotation":{"angle":-45,"axis":"y","origin":[8,3,8]},"faces":{"north":{"uv":[2,2,4,10],"texture":"#6"},"east":{"uv":[0,2,2,10],"texture":"#6"},"south":{"uv":[6,2,8,10],"texture":"#6"},"west":{"uv":[4,2,6,10],"texture":"#6"},"up":{"uv":[4,2,2,0],"texture":"#6"},"down":{"uv":[6,0,4,2],"texture":"#6"}}},{"from":[0.5,7,8],"to":[3,14.75,8],"faces":{"north":{"uv":[0,2,8,16],"texture":"#1"},"east":{"uv":[0,0,1,2],"texture":"#1"},"south":{"uv":[8,2,16,16],"texture":"#1"},"west":{"uv":[1,0,2,2],"texture":"#1"},"up":{"uv":[0,0,2,1],"texture":"#1"},"down":{"uv":[0,0,2,1],"texture":"#1"}}},{"from":[13,7,8],"to":[15.5,14.75,8],"rotation":{"angle":0,"axis":"y","origin":[13.75,10.875,8.125]},"faces":{"north":{"uv":[8,2,16,16],"texture":"#1"},"east":{"uv":[0,0,1,2],"texture":"#1"},"south":{"uv":[0,2,8,16],"texture":"#1"},"west":{"uv":[0,0,1,2],"texture":"#1"},"up":{"uv":[0,0,1,2],"texture":"#1"},"down":{"uv":[0,0,1,2],"texture":"#1"}}},{"from":[8,7,13.125],"to":[8,14.75,15.625],"rotation":{"angle":0,"axis":"y","origin":[8,10.875,8.125]},"faces":{"north":{"uv":[0,0,1,2],"texture":"#1"},"east":{"uv":[8,2,16,16],"texture":"#1"},"south":{"uv":[0,0,1,2],"texture":"#1"},"west":{"uv":[0,2,8,16],"texture":"#1"},"up":{"uv":[0,0,1,2],"texture":"#1"},"down":{"uv":[0,0,1,2],"texture":"#1"}}},{"from":[8,7,0.625],"to":[8,14.75,3.125],"rotation":{"angle":0,"axis":"y","origin":[8,10.875,8.125]},"faces":{"north":{"uv":[0,0,1,2],"texture":"#1"},"east":{"uv":[0,2,8,16],"texture":"#1"},"south":{"uv":[0,0,1,2],"texture":"#1"},"west":{"uv":[8,2,16,16],"texture":"#1"},"up":{"uv":[0,0,1,2],"texture":"#1"},"down":{"uv":[0,0,1,2],"texture":"#1"}}},{"from":[4,2,4],"to":[12,4,12],"faces":{"north":{"uv":[4,4,8,5],"texture":"#4"},"east":{"uv":[0,4,4,5],"texture":"#4"},"south":{"uv":[12,4,16,5],"texture":"#4"},"west":{"uv":[8,4,12,5],"texture":"#4"},"up":{"uv":[8,4,4,0],"texture":"#4"},"down":{"uv":[12,0,8,4],"texture":"#4"}}},{"from":[5,4,5],"to":[11,6,11],"faces":{"north":{"uv":[3,3,6,4],"texture":"#2"},"east":{"uv":[0,3,3,4],"texture":"#2"},"south":{"uv":[9,3,12,4],"texture":"#2"},"west":{"uv":[6,3,9,4],"texture":"#2"},"up":{"uv":[3,0,6,3],"texture":"#2"},"down":{"uv":[9,0,6,3],"texture":"#2"}}}],"gui_light":"front","display":{"thirdperson_righthand":{"rotation":[0,-41,0],"translation":[0,6.25,-4.25],"scale":[0.8,0.8,0.8]},"thirdperson_lefthand":{"translation":[-0.25,4.75,-2.25],"scale":[0.8,0.8,0.8]},"firstperson_righthand":{"rotation":[-4,-23,2],"translation":[-0.25,5.25,0],"scale":[0.8,0.8,0.8]},"ground":{"rotation":[16,0,25],"translation":[0,4.5,0]},"gui":{"rotation":[0,-15,0],"translation":[0,0.5,0]},"head":{"translation":[0,15,0],"scale":[1.41,1.41,1.41]},"fixed":{"rotation":[-90,0,0],"translation":[0,0,-7.25],"scale":[1.4,1.4,1.4]}},"groups":[0,{"name":"group","origin":[0,0,0],"color":0,"nbt":"{}","children":[1,2,3,4]},{"name":"group","origin":[0,0,0],"color":0,"nbt":"{}","children":[5,6,7,8,{"name":"group","origin":[8.0625,10.875,8.0625],"color":0,"nbt":"{}","children":[9,10,11,12]}]},13,14]}