{
	"parent": "minecraft:item/handheld",
		"display": {
		"thirdperson_righthand":{
			"rotation": [ 0, 45, 45 ],
			"translation": [ -1, 5.5, 2 ],
			"scale": [ 2, 2, 0.5 ]
		},
		"thirdperson_lefthand":{
			"rotation": [ 0, 45, -45 ],
			"translation": [ -1, 5.5, 2 ],
			"scale": [ 2, 2, 0.5 ]
		},
		"firstperson_righthand":{
			"rotation": [ 10, 90, 0 ],
			"translation": [ 0, 0, 0 ],
			"scale": [ 2, 2, 1 ]
		},
		"firstperson_lefthand":{
			"rotation": [ 10, 90, 0 ],
			"translation": [ 0, 0, 0 ],
			"scale": [ 2, 2, 1 ]
		}
	},
	"textures": {
		"layer0": "custom:item/weapon/staff_diamond/staff4"
	}
}