{"credit":"CJMoseley (Moselbop) for TangoTek","texture_size":[32,32],"textures":{"0":"custom:item/hermitcraft/season_9/do/gifts/wood","1":"custom:item/hermitcraft/season_9/do/cards/backgrounds/background_treasure","particle":"custom:item/hermitcraft/season_9/do/gifts/wood"},"elements":[{"from":[0,0,0],"to":[32,32,1],"faces":{"north":{"uv":[0,0,16,16],"texture":"#0"},"east":{"uv":[0,0,2,16],"texture":"#0"},"south":{"uv":[0,0,16,16],"texture":"#0"},"west":{"uv":[13.625,0,16,16],"texture":"#0"},"up":{"uv":[1.25,0,14.5,14.625],"texture":"#0"},"down":{"uv":[0.625,2,14.625,16],"texture":"#0"}}},{"from":[0.5,0.5,0.5],"to":[31.5,31.5,1.5],"faces":{"north":{"uv":[0,0,16,16],"texture":"#1"},"east":{"uv":[15.744,0,16,16],"texture":"#1"},"south":{"uv":[0,0,16,16],"texture":"#1"},"west":{"uv":[0,0,0.192,16],"texture":"#1"},"up":{"uv":[0,0,16,0.384],"texture":"#1"},"down":{"uv":[0,15.552,16,16],"texture":"#1"}}}],"display":{"thirdperson_righthand":{"translation":[-3.75,2.75,6.75]},"thirdperson_lefthand":{"translation":[-2.5,5.75,6.5]},"firstperson_righthand":{"rotation":[17,-28,0],"translation":[0,-3.25,0],"scale":[0.55,0.55,0.55]},"firstperson_lefthand":{"rotation":[11,-18,0],"translation":[8,-3.25,0],"scale":[0.55,0.55,0.55]},"ground":{"rotation":[-24,0,-22],"translation":[0.5,8,0.75],"scale":[0.75,0.75,0.75]},"gui":{"translation":[-3.75,-4,0],"scale":[0.5,0.5,0.5]},"head":{"rotation":[0,180,0],"translation":[15,-29,-16.5],"scale":[2,2,1.5]},"fixed":{"rotation":[0,180,0],"translation":[24,-24,-7],"scale":[3,3,1]}}}