{"credit":"CJMoseley (Moselbop) for TangoTek","texture_size":[32,32],"textures":{"0":"custom:item/hermitcraft/season_9/do/gifts/wood","1":"custom:item/hermitcraft/season_9/do/gifts/glass","2":"custom:item/hermitcraft/season_9/do/gifts/glassshine","3":"custom:item/hermitcraft/season_9/do/artifacts/skadoodler","particle":"custom:item/hermitcraft/season_9/do/gifts/wood"},"elements":[{"from":[1,1,1],"to":[15,11,15],"faces":{"north":{"uv":[0,0,16,16],"texture":"#1"},"east":{"uv":[0,0,16,16],"texture":"#1"},"south":{"uv":[0,0,16,16],"texture":"#1"},"west":{"uv":[0,0,16,16],"texture":"#1"},"up":{"uv":[0,0,16,16],"texture":"#1"},"down":{"uv":[0.75,0.75,3.25,3.375],"texture":"#1"}}},{"from":[1.0625,1.375,1.0625],"to":[14.9375,10.875,14.9375],"faces":{"north":{"uv":[16,0,0,16],"texture":"#2"},"east":{"uv":[0,0,16,16],"texture":"#2"},"south":{"uv":[0,0,16,16],"texture":"#2"},"west":{"uv":[0,0,16,16],"texture":"#2"},"up":{"uv":[0,0,16,16],"texture":"#2"},"down":{"uv":[0.75,0.75,3.25,3.375],"texture":"#2"}}},{"from":[1.9375,5.5625,2],"to":[14.4375,5.5625,14.5],"rotation":{"angle":-45,"axis":"x","origin":[8,6.125,8]},"faces":{"north":{"uv":[0,0,16,16],"texture":"#3"},"east":{"uv":[0,0,16,16],"texture":"#3"},"south":{"uv":[0,0,16,16],"texture":"#3"},"west":{"uv":[0,0,16,16],"texture":"#3"},"up":{"uv":[16,16,0,0],"texture":"#3"},"down":{"uv":[16,0,0,16],"texture":"#3"}}},{"from":[1.9375,5.3125,2],"to":[14.4375,5.3125,14.5],"rotation":{"angle":-45,"axis":"x","origin":[8,6.125,8]},"faces":{"north":{"uv":[0,0,16,16],"texture":"#3"},"east":{"uv":[0,0,16,16],"texture":"#3"},"south":{"uv":[0,0,16,16],"texture":"#3"},"west":{"uv":[0,0,16,16],"texture":"#3"},"up":{"uv":[16,16,0,0],"texture":"#3"},"down":{"uv":[16,0,0,16],"texture":"#3"}}},{"from":[2.5,5.125,2.1875],"to":[14.4375,5.125,14.5],"rotation":{"angle":-45,"axis":"x","origin":[8,6.125,8]},"faces":{"north":{"uv":[0,0,0.5,0.5],"texture":"#3"},"east":{"uv":[0,0,0.5,0.5],"texture":"#3"},"south":{"uv":[0,0,0.5,0.5],"texture":"#3"},"west":{"uv":[0,0,0.5,0.5],"texture":"#3"},"up":{"uv":[16,16,0,0],"texture":"#3"},"down":{"uv":[16,0,0,16],"texture":"#3"}}},{"from":[2.75,3,2.9375],"to":[12.75,5,10],"rotation":{"angle":-45,"axis":"x","origin":[8,6.125,8]},"faces":{"north":{"uv":[0,0,16,16],"texture":"#0"},"east":{"uv":[0,0,16,16],"texture":"#0"},"south":{"uv":[0,0,16,16],"texture":"#0"},"west":{"uv":[0,0,16,16],"texture":"#0"},"up":{"uv":[16,15.5,0,0],"texture":"#0"},"down":{"uv":[16,0,0,16],"texture":"#0"}}},{"from":[0,0,0],"to":[16,2,16],"faces":{"north":{"uv":[1.875,14,14.125,16],"texture":"#0"},"east":{"uv":[0,0,1.5,16],"texture":"#0"},"south":{"uv":[1.5,0,14.25,2.125],"texture":"#0"},"west":{"uv":[14.375,0,16,16],"texture":"#0"},"up":{"uv":[1.875,1.25,14.25,14.875],"texture":"#0"},"down":{"uv":[1.625,1.375,14.25,14.75],"texture":"#0"}}},{"from":[15,11,15],"to":[1,1,1],"faces":{"north":{"uv":[0,16,16,0],"texture":"#1"},"east":{"uv":[0,16,16,0],"texture":"#1"},"south":{"uv":[0,16,16,0],"texture":"#1"},"west":{"uv":[0,16,16,0],"texture":"#1"},"up":{"uv":[3.25,0.75,0.75,3.375],"texture":"#1"},"down":{"uv":[16,0,0,16],"texture":"#1"}}}],"display":{"thirdperson_righthand":{"rotation":[67,0,0]},"thirdperson_lefthand":{"rotation":[67,0,0]},"firstperson_righthand":{"rotation":[0,143,0],"translation":[0,3.5,0],"scale":[0.56,0.56,0.56]},"firstperson_lefthand":{"rotation":[0,147,0],"translation":[0,3.5,0],"scale":[0.56,0.56,0.56]},"ground":{"translation":[0,4.75,0]},"gui":{"rotation":[90,180,-3]},"head":{"translation":[0,10,0]},"fixed":{"rotation":[-90,0,0],"translation":[0,0,-8],"scale":[1.54,1.54,1.54]}}}