{"credit":"CJMoseley (Moselbop) for TangoTek","texture_size":[64,64],"textures":{"0":"custom:item/hermitcraft/season_9/do/gifts/statue_key","1":"custom:item/hermitcraft/season_9/do/gifts/stone","2":"custom:item/hermitcraft/season_9/do/gifts/badge","3":"custom:item/hermitcraft/season_9/do/artifacts/themasterskey","particle":"custom:item/hermitcraft/season_9/do/gifts/stone"},"elements":[{"from":[6.25,17.67388,6.13269],"to":[9.25,20.67388,9.13269],"rotation":{"angle":0,"axis":"y","origin":[7.75,19.11138,8.13269]},"faces":{"north":{"uv":[0.75,0.75,1.5,1.5],"texture":"#0"},"east":{"uv":[0,0.75,0.75,1.5],"texture":"#0"},"south":{"uv":[2.25,0.75,3,1.5],"texture":"#0"},"west":{"uv":[1.5,0.75,2.25,1.5],"texture":"#0"},"up":{"uv":[1.5,0.75,0.75,0],"texture":"#0"},"down":{"uv":[2.25,0,1.5,0.75],"texture":"#0"}}},{"from":[6.5,13.6875,7],"to":[9,17.6875,8.5],"rotation":{"angle":0,"axis":"y","origin":[8,8.6875,9]},"faces":{"north":{"uv":[5,0.5,5.5,1.5],"texture":"#0"},"east":{"uv":[4.75,0.5,5,1.5],"texture":"#0"},"south":{"uv":[5.75,0.5,6.25,1.5],"texture":"#0"},"west":{"uv":[5.5,0.5,5.75,1.5],"texture":"#0"},"up":{"uv":[5.5,0.5,5,0.25],"texture":"#0"},"down":{"uv":[6,0.25,5.5,0.5],"texture":"#0"}}},{"from":[9.07821,14.08524,7],"to":[10.07821,17.08524,8.5],"rotation":{"angle":45,"axis":"x","origin":[11.67678,17.03033,8.375]},"faces":{"north":{"uv":[12.75,2.25,13,3],"texture":"#0"},"east":{"uv":[12.5,2.25,12.75,3],"texture":"#0"},"south":{"uv":[13.25,2.25,13.5,3],"texture":"#0"},"west":{"uv":[13,2.25,13.25,3],"texture":"#0"},"up":{"uv":[13,2.25,12.75,2],"texture":"#0"},"down":{"uv":[13.25,2,13,2.25],"texture":"#0"}}},{"from":[9.07821,14.32544,3.41123],"to":[10.07821,15.82544,6.41123],"rotation":{"angle":0,"axis":"y","origin":[9.57821,16.45044,6.91123]},"faces":{"north":{"uv":[13.25,2.75,13.5,3],"texture":"#0"},"east":{"uv":[12.5,2.75,13.25,3],"texture":"#0"},"south":{"uv":[14.25,2.75,14.5,3],"texture":"#0"},"west":{"uv":[13.5,2.75,14.25,3],"texture":"#0"},"up":{"uv":[13.5,2.75,13.25,2],"texture":"#0"},"down":{"uv":[13.75,2,13.5,2.75],"texture":"#0"}}},{"from":[5.375,13.5,3.375],"to":[10.25,16,5.375],"faces":{"north":{"uv":[4.75,5.25,5.75,5.75],"texture":"#0"},"east":{"uv":[4.25,5.25,4.75,5.75],"texture":"#0"},"south":{"uv":[6.25,5.25,7.25,5.75],"texture":"#0"},"west":{"uv":[5.75,5.25,6.25,5.75],"texture":"#0"},"up":{"uv":[5.75,5.25,4.75,4.75],"texture":"#0"},"down":{"uv":[6.75,4.75,5.75,5.25],"texture":"#0"}}},{"from":[4.875,16.0625,-0.25],"to":[11.875,16.1875,6.75],"rotation":{"angle":-45,"axis":"y","origin":[7,16.0625,3]},"faces":{"north":{"uv":[1,0.5,15,0],"texture":"#3"},"east":{"uv":[16,0.5,15,15.5],"texture":"#3"},"south":{"uv":[1,16,15,15.5],"texture":"#3"},"west":{"uv":[1,0.5,0,15.5],"texture":"#3"},"up":{"uv":[15,15.5,1,0.5],"texture":"#3"},"down":{"uv":[1,15.5,15,0.5],"texture":"#3"}}},{"from":[5.48353,14.80936,7.5],"to":[6.48353,17.80936,9],"rotation":{"angle":45,"axis":"x","origin":[5.98353,17.72357,7.75]},"faces":{"north":{"uv":[11.25,0.5,11.5,1.25],"texture":"#0"},"east":{"uv":[11,0.5,11.25,1.25],"texture":"#0"},"south":{"uv":[11.75,0.5,12,1.25],"texture":"#0"},"west":{"uv":[11.5,0.5,11.75,1.25],"texture":"#0"},"up":{"uv":[11.5,0.5,11.25,0.25],"texture":"#0"},"down":{"uv":[11.75,0.25,11.5,0.5],"texture":"#0"}}},{"from":[5.48353,14.24502,3.54106],"to":[6.48353,15.74502,6.54106],"rotation":{"angle":0,"axis":"y","origin":[5.98353,16.37002,7.10356]},"faces":{"north":{"uv":[11.75,1,12,1.25],"texture":"#0"},"east":{"uv":[11,1,11.75,1.25],"texture":"#0"},"south":{"uv":[12.75,1,13,1.25],"texture":"#0"},"west":{"uv":[12,1,12.75,1.25],"texture":"#0"},"up":{"uv":[12,1,11.75,0.25],"texture":"#0"},"down":{"uv":[12.25,0.25,12,1],"texture":"#0"}}},{"from":[7.65,11.125,7.125],"to":[9.15,13.6875,8.625],"rotation":{"angle":0,"axis":"y","origin":[7,4,7]},"faces":{"north":{"uv":[3.5,0.5,3.75,1],"texture":"#0"},"east":{"uv":[3.25,0.5,3.5,1],"texture":"#0"},"south":{"uv":[4,0.5,4.25,1],"texture":"#0"},"west":{"uv":[3.75,0.5,4,1],"texture":"#0"},"up":{"uv":[3.75,0.5,3.5,0.25],"texture":"#0"},"down":{"uv":[4,0.25,3.75,0.5],"texture":"#0"}}},{"from":[7.65,10.0625,7.625],"to":[9.15,11.5625,9.9375],"rotation":{"angle":0,"axis":"y","origin":[8.4,12.5,8.75]},"faces":{"north":{"uv":[4,1,4.25,1.25],"texture":"#0"},"east":{"uv":[3.5,1,4,1.25],"texture":"#0"},"south":{"uv":[4.75,1,5,1.25],"texture":"#0"},"west":{"uv":[4.25,1,4.75,1.25],"texture":"#0"},"up":{"uv":[4.25,1,4,0.5],"texture":"#0"},"down":{"uv":[4.5,0.5,4.25,1],"texture":"#0"}}},{"from":[6.1,10,5.1875],"to":[7.6,13,6.6875],"rotation":{"angle":0,"axis":"y","origin":[8,0,8]},"faces":{"north":{"uv":[7,0.5,7.25,1.25],"texture":"#0"},"east":{"uv":[6.75,0.5,7,1.25],"texture":"#0"},"south":{"uv":[7.5,0.5,7.75,1.25],"texture":"#0"},"west":{"uv":[7.25,0.5,7.5,1.25],"texture":"#0"},"up":{"uv":[7.25,0.5,7,0.25],"texture":"#0"},"down":{"uv":[7.5,0.25,7.25,0.5],"texture":"#0"}}},{"from":[6.1,12.1875,5.875],"to":[7.6,13.6875,8.5],"rotation":{"angle":0,"axis":"y","origin":[6.85,11.5,5.9375]},"faces":{"north":{"uv":[7.5,1,7.75,1.25],"texture":"#0"},"east":{"uv":[7,1,7.5,1.25],"texture":"#0"},"south":{"uv":[8.25,1,8.5,1.25],"texture":"#0"},"west":{"uv":[7.75,1,8.25,1.25],"texture":"#0"},"up":{"uv":[7.75,1,7.5,0.5],"texture":"#0"},"down":{"uv":[8,0.5,7.75,1],"texture":"#0"}}},{"from":[5.25,3,5],"to":[10.25,10,10],"rotation":{"angle":0,"axis":"y","origin":[7.75,8.5,7.5]},"faces":{"north":{"uv":[0.25,2,3.875,5.875],"texture":"#0"},"east":{"uv":[0.125,2,3.75,5.75],"texture":"#0"},"south":{"uv":[0.125,2,3.875,5.875],"texture":"#0"},"west":{"uv":[0.125,2,3.875,5.875],"texture":"#0"},"up":{"uv":[9.125,2.75,7.875,1.5],"texture":"#0"},"down":{"uv":[3.25,2.75,2.5,4],"texture":"#0"}}},{"from":[4.25,0,4],"to":[11.25,3.1875,11],"rotation":{"angle":0,"axis":"y","origin":[7.75,7,7.5]},"faces":{"north":{"uv":[0,0,7.625,6.125],"texture":"#1"},"east":{"uv":[7.25,0,14.625,5.5],"texture":"#1"},"south":{"uv":[1.375,5,7,10.375],"texture":"#1"},"west":{"uv":[8.125,10.375,14.875,14.75],"texture":"#1"},"up":{"uv":[8.25,9.875,1.75,3.25],"texture":"#1"},"down":{"uv":[11.5,5.625,5.625,11.375],"texture":"#1"}}},{"from":[5.4375,5,4.8125],"to":[10.125,8,5],"faces":{"north":{"uv":[0,0,16,16],"texture":"#2"},"east":{"uv":[0.5,0.5,0,0.25],"texture":"#2"},"south":{"uv":[0,0,1,0.5],"texture":"#2"},"west":{"uv":[0.5,0,0,0.5],"texture":"#2"},"up":{"uv":[2,0.5,0.5,0.5],"texture":"#2"},"down":{"uv":[1.5,0.5,0,0.25],"texture":"#2"}}}],"display":{"thirdperson_righthand":{"rotation":[3,170,0],"translation":[0,4.25,0]},"thirdperson_lefthand":{"rotation":[11,170,0],"translation":[0,4.75,0]},"firstperson_righthand":{"rotation":[9,137,0],"translation":[0,2.5,0],"scale":[0.75,0.75,0.75]},"firstperson_lefthand":{"rotation":[9,143,-9],"translation":[2,2.75,0],"scale":[0.75,0.75,0.75]},"ground":{"rotation":[17,0,0],"translation":[0,2.75,0]},"gui":{"rotation":[0,180,0],"translation":[0,-1.75,0],"scale":[0.8,0.8,0.8]},"head":{"translation":[0.25,20,1],"scale":[2,2,2]},"fixed":{"rotation":[-90,-90,0],"translation":[-2,1,-15],"scale":[2,2,2]}},"groups":[{"name":"statue","origin":[0,24,0],"color":0,"nbt":"{}","children":[{"name":"Head","origin":[0,24,0],"rotation":[20,0,0],"color":0,"nbt":"{}","children":[0]},{"name":"Body","origin":[0,24,0],"color":0,"nbt":"{}","children":[1]},{"name":"RightArm","origin":[5,24,0],"rotation":[-175,0,-20],"color":0,"nbt":"{}","children":[2,3,4,5]},{"name":"LeftArm","origin":[-5,24,0],"rotation":[-170,0,15],"color":0,"nbt":"{}","children":[6,7]},{"name":"RightLeg","origin":[1.9,11,0],"rotation":[-5,0,15],"color":0,"nbt":"{}","children":[8,9]},{"name":"LeftLeg","origin":[-1.9,18,-3.75],"rotation":[2.5,0,-10],"color":0,"nbt":"{}","children":[10,11]},{"name":"base","origin":[0,24,0],"color":0,"nbt":"{}","children":[12,13,14]}]}]}