{"credit":"CJMoseley (Moselbop) for TangoTek","texture_size":[64,64],"textures":{"0":"custom:item/hermitcraft/season_9/do/gifts/ice_statuex","1":"custom:item/hermitcraft/season_9/do/gifts/wood","2":"custom:item/hermitcraft/season_9/do/gifts/badge","particle":"custom:item/hermitcraft/season_9/do/gifts/wood"},"elements":[{"from":[6.25,17.54328,3.9539],"to":[9.25,20.54328,6.9539],"rotation":{"angle":22.5,"axis":"x","origin":[7.75,12.5,7.75]},"faces":{"north":{"uv":[2,2.75,2.75,3.5],"texture":"#0"},"east":{"uv":[1.25,2.75,2,3.5],"texture":"#0"},"south":{"uv":[3.5,2.75,4.25,3.5],"texture":"#0"},"west":{"uv":[2.75,2.75,3.5,3.5],"texture":"#0"},"up":{"uv":[2.75,2.75,2,2],"texture":"#0"},"down":{"uv":[3.5,2,2.75,2.75],"texture":"#0"}}},{"from":[6.5,14,7],"to":[9,18,8.5],"rotation":{"angle":0,"axis":"y","origin":[8,9,9]},"faces":{"north":{"uv":[5,5,5.5,6],"texture":"#0"},"east":{"uv":[4.75,5,5,6],"texture":"#0"},"south":{"uv":[5.75,5,6.25,6],"texture":"#0"},"west":{"uv":[5.5,5,5.75,6],"texture":"#0"},"up":{"uv":[5.5,5,5,4.75],"texture":"#0"},"down":{"uv":[6,4.75,5.5,5],"texture":"#0"}}},{"from":[9.48169,18.0039,7],"to":[13.48169,19.0039,8.5],"rotation":{"angle":22.5,"axis":"z","origin":[11.67678,17.03033,8.375]},"faces":{"north":{"uv":[11.25,5.25,12.25,5.5],"texture":"#0"},"east":{"uv":[11,5.25,11.25,5.5],"texture":"#0"},"south":{"uv":[12.5,5.25,13.5,5.5],"texture":"#0"},"west":{"uv":[12.25,5.25,12.5,5.5],"texture":"#0"},"up":{"uv":[12.25,5.25,11.25,5],"texture":"#0"},"down":{"uv":[13.25,5,12.25,5.25],"texture":"#0"}}},{"from":[2.56932,17.22357,7],"to":[6.56932,18.22357,8.5],"rotation":{"angle":-22.5,"axis":"z","origin":[5.98353,17.72357,7.75]},"faces":{"north":{"uv":[10.75,14.75,11.75,15],"texture":"#0"},"east":{"uv":[10.5,14.75,10.75,15],"texture":"#0"},"south":{"uv":[12,14.75,13,15],"texture":"#0"},"west":{"uv":[11.75,14.75,12,15],"texture":"#0"},"up":{"uv":[11.75,14.75,10.75,14.5],"texture":"#0"},"down":{"uv":[12.75,14.5,11.75,14.75],"texture":"#0"}}},{"from":[7.65,10,7],"to":[9.15,14,8.5],"rotation":{"angle":0,"axis":"y","origin":[7,4,7]},"faces":{"north":{"uv":[1,5,1.25,6],"texture":"#0"},"east":{"uv":[0.75,5,1,6],"texture":"#0"},"south":{"uv":[1.5,5,1.75,6],"texture":"#0"},"west":{"uv":[1.25,5,1.5,6],"texture":"#0"},"up":{"uv":[1.25,5,1,4.75],"texture":"#0"},"down":{"uv":[1.5,4.75,1.25,5],"texture":"#0"}}},{"from":[6.1,12,5.5],"to":[7.6,16,7],"rotation":{"angle":0,"axis":"y","origin":[8,0,8]},"faces":{"north":{"uv":[5,13,5.25,14],"texture":"#0"},"east":{"uv":[4.75,13,5,14],"texture":"#0"},"south":{"uv":[5.5,13,5.75,14],"texture":"#0"},"west":{"uv":[5.25,13,5.5,14],"texture":"#0"},"up":{"uv":[5.25,13,5,12.75],"texture":"#0"},"down":{"uv":[5.5,12.75,5.25,13],"texture":"#0"}}},{"from":[5.25,3,5],"to":[10.25,10,10],"rotation":{"angle":0,"axis":"y","origin":[7.75,8.5,7.5]},"faces":{"north":{"uv":[0.125,12.125,3.75,16],"texture":"#0"},"east":{"uv":[0.125,12.25,3.75,16],"texture":"#0"},"south":{"uv":[0,12.125,3.75,16],"texture":"#0"},"west":{"uv":[0,12.125,3.75,16],"texture":"#0"},"up":{"uv":[7.25,15.25,6,14],"texture":"#0"},"down":{"uv":[6.875,14,6.125,15.25],"texture":"#0"}}},{"from":[4.25,0,4],"to":[11.25,3.1875,11],"rotation":{"angle":0,"axis":"y","origin":[7.75,7,7.5]},"faces":{"north":{"uv":[0,0,7.625,6.125],"texture":"#1"},"east":{"uv":[7.25,0,14.625,5.5],"texture":"#1"},"south":{"uv":[1.375,5,7,10.375],"texture":"#1"},"west":{"uv":[8.125,10.375,14.875,14.75],"texture":"#1"},"up":{"uv":[8.25,9.875,1.75,3.25],"texture":"#1"},"down":{"uv":[11.5,5.625,5.625,11.375],"texture":"#1"}}},{"from":[5.4375,5,4.8125],"to":[10.125,8,5],"faces":{"north":{"uv":[0,0,16,16],"texture":"#2"},"east":{"uv":[0.5,0.5,0,0.25],"texture":"#2"},"south":{"uv":[0,0,1,0.5],"texture":"#2"},"west":{"uv":[0.5,0,0,0.5],"texture":"#2"},"up":{"uv":[2,0.5,0.5,0.5],"texture":"#2"},"down":{"uv":[1.5,0.5,0,0.25],"texture":"#2"}}}],"display":{"thirdperson_righthand":{"rotation":[3,170,0],"translation":[0,4.25,0]},"thirdperson_lefthand":{"rotation":[11,170,0],"translation":[0,4.75,0]},"firstperson_righthand":{"rotation":[9,137,0],"translation":[0,2.5,0],"scale":[0.75,0.75,0.75]},"firstperson_lefthand":{"rotation":[9,143,-9],"translation":[2,2.75,0],"scale":[0.75,0.75,0.75]},"ground":{"rotation":[17,0,0],"translation":[0,2.75,0]},"gui":{"rotation":[0,-180,0],"translation":[0,-1.75,0],"scale":[0.8,0.8,0.8]},"head":{"translation":[0.25,20,1],"scale":[2,2,2]},"fixed":{"rotation":[-90,-90,0],"translation":[-1.25,1,-15],"scale":[2,2,2]}},"groups":[{"name":"statue","origin":[0,24,0],"color":0,"nbt":"{}","children":[{"name":"Head","origin":[0,24,0],"rotation":[20,0,0],"color":0,"nbt":"{}","children":[0]},{"name":"Body","origin":[0,24,0],"color":0,"nbt":"{}","children":[1]},{"name":"RightArm","origin":[5,24,0],"rotation":[-175,0,-20],"color":0,"nbt":"{}","children":[2]},{"name":"LeftArm","origin":[-5,24,0],"rotation":[-170,0,15],"color":0,"nbt":"{}","children":[3]},{"name":"RightLeg","origin":[1.9,11,0],"rotation":[-5,0,15],"color":0,"nbt":"{}","children":[4]},{"name":"LeftLeg","origin":[-1.9,18,-3.75],"rotation":[2.5,0,-10],"color":0,"nbt":"{}","children":[5]},{"name":"base","origin":[0,24,0],"color":0,"nbt":"{}","children":[6,7,8]}]}]}